condition_id,partition,stage,stratum,parameters_json,phase_deg,snr_db,position_quantile,seed_namespace,noise_realizations,outcomes_generated
DEV-PRO-SAG-001,development,property_response,sag,"{""duration_cycles"":10.333333333333332,""residual_voltage_pu"":0.5}",0,noise_free,0.058823529411764705,1107311855,1,False
DEV-PRO-SAG-002,development,property_response,sag,"{""duration_cycles"":20.166666666666664,""residual_voltage_pu"":0.30000000000000004}",45,noise_free,0.11764705882352941,46459343,1,False
DEV-PRO-SAG-003,development,property_response,sag,"{""duration_cycles"":3.7777777777777777,""residual_voltage_pu"":0.7000000000000001}",90,noise_free,0.1764705882352941,662936313,1,False
DEV-PRO-SAG-004,development,property_response,sag,"{""duration_cycles"":13.61111111111111,""residual_voltage_pu"":0.2}",135,noise_free,0.23529411764705882,3990501884,1,False
DEV-PRO-SAG-005,development,property_response,sag,"{""duration_cycles"":23.444444444444443,""residual_voltage_pu"":0.6}",0,noise_free,0.29411764705882354,1543239584,1,False
DEV-PRO-SAG-006,development,property_response,sag,"{""duration_cycles"":7.055555555555555,""residual_voltage_pu"":0.4}",45,noise_free,0.3529411764705882,3130447234,1,False
DEV-PRO-SAG-007,development,property_response,sag,"{""duration_cycles"":16.88888888888889,""residual_voltage_pu"":0.8}",90,noise_free,0.4117647058823529,1642688910,1,False
DEV-PRO-SAG-008,development,property_response,sag,"{""duration_cycles"":26.72222222222222,""residual_voltage_pu"":0.15000000000000002}",135,noise_free,0.47058823529411764,4133766425,1,False
DEV-PRO-SAG-009,development,property_response,sag,"{""duration_cycles"":1.5925925925925926,""residual_voltage_pu"":0.55}",0,noise_free,0.5294117647058824,4220092341,1,False
DEV-PRO-SAG-010,development,property_response,sag,"{""duration_cycles"":11.425925925925926,""residual_voltage_pu"":0.35}",45,noise_free,0.5882352941176471,1048070692,1,False
DEV-PRO-SAG-011,development,property_response,sag,"{""duration_cycles"":21.25925925925926,""residual_voltage_pu"":0.75}",90,noise_free,0.6470588235294118,667759679,1,False
DEV-PRO-SAG-012,development,property_response,sag,"{""duration_cycles"":4.87037037037037,""residual_voltage_pu"":0.25}",135,noise_free,0.7058823529411764,4182046062,1,False
DEV-PRO-SAG-013,development,property_response,sag,"{""duration_cycles"":14.703703703703702,""residual_voltage_pu"":0.65}",0,noise_free,0.7647058823529411,1242012743,1,False
DEV-PRO-SAG-014,development,property_response,sag,"{""duration_cycles"":24.53703703703703,""residual_voltage_pu"":0.45000000000000007}",45,noise_free,0.8235294117647058,2497311118,1,False
DEV-PRO-SAG-015,development,property_response,sag,"{""duration_cycles"":8.148148148148149,""residual_voltage_pu"":0.85}",90,noise_free,0.8823529411764706,2915416727,1,False
DEV-PRO-SAG-016,development,property_response,sag,"{""duration_cycles"":17.98148148148148,""residual_voltage_pu"":0.125}",135,noise_free,0.9411764705882353,3645130487,1,False
DEV-PRO-SAG-017,development,property_response,sag,"{""duration_cycles"":27.814814814814813,""residual_voltage_pu"":0.525}",0,noise_free,0.0034602076124567475,3524016162,1,False
DEV-PRO-SAG-018,development,property_response,sag,"{""duration_cycles"":2.685185185185185,""residual_voltage_pu"":0.325}",45,noise_free,0.06228373702422145,2295878792,1,False
DEV-PRO-SAG-019,development,property_response,sag,"{""duration_cycles"":12.518518518518517,""residual_voltage_pu"":0.725}",90,noise_free,0.12110726643598616,270673896,1,False
DEV-PRO-SAG-020,development,property_response,sag,"{""duration_cycles"":22.35185185185185,""residual_voltage_pu"":0.225}",135,noise_free,0.17993079584775085,520103224,1,False
DEV-PRO-SAG-021,development,property_response,sag,"{""duration_cycles"":5.962962962962963,""residual_voltage_pu"":0.625}",0,noise_free,0.23875432525951557,2851684640,1,False
DEV-PRO-SAG-022,development,property_response,sag,"{""duration_cycles"":15.796296296296296,""residual_voltage_pu"":0.42500000000000004}",45,noise_free,0.2975778546712803,3585797989,1,False
DEV-PRO-SAG-023,development,property_response,sag,"{""duration_cycles"":25.629629629629626,""residual_voltage_pu"":0.8250000000000001}",90,noise_free,0.35640138408304495,1851350036,1,False
DEV-PRO-SAG-024,development,property_response,sag,"{""duration_cycles"":9.24074074074074,""residual_voltage_pu"":0.17500000000000002}",135,noise_free,0.41522491349480967,1545949653,1,False
DEV-PRO-SAG-025,development,property_response,sag,"{""duration_cycles"":19.074074074074076,""residual_voltage_pu"":0.5750000000000001}",0,noise_free,0.4740484429065744,3580394786,1,False
DEV-PRO-SAG-026,development,property_response,sag,"{""duration_cycles"":28.907407407407405,""residual_voltage_pu"":0.375}",45,noise_free,0.5328719723183392,2948564982,1,False
DEV-PRO-SAG-027,development,property_response,sag,"{""duration_cycles"":0.8641975308641975,""residual_voltage_pu"":0.775}",90,noise_free,0.5916955017301039,1682053752,1,False
DEV-PRO-SAG-028,development,property_response,sag,"{""duration_cycles"":10.69753086419753,""residual_voltage_pu"":0.275}",135,noise_free,0.6505190311418686,1558429857,1,False
DEV-PRO-SAG-029,development,property_response,sag,"{""duration_cycles"":20.53086419753086,""residual_voltage_pu"":0.675}",0,noise_free,0.7093425605536332,2732397280,1,False
DEV-PRO-SAG-030,development,property_response,sag,"{""duration_cycles"":4.141975308641975,""residual_voltage_pu"":0.475}",45,noise_free,0.7681660899653979,4044454690,1,False
DEV-PRO-SAG-031,development,property_response,sag,"{""duration_cycles"":13.975308641975309,""residual_voltage_pu"":0.875}",90,noise_free,0.8269896193771626,2922828602,1,False
DEV-PRO-SAG-032,development,property_response,sag,"{""duration_cycles"":23.80864197530864,""residual_voltage_pu"":0.1125}",135,noise_free,0.8858131487889274,2752945018,1,False
DEV-PRO-SAG-033,development,property_response,sag,"{""duration_cycles"":7.419753086419752,""residual_voltage_pu"":0.5125000000000001}",0,noise_free,0.9446366782006921,1803002368,1,False
DEV-PRO-SAG-034,development,property_response,sag,"{""duration_cycles"":17.25308641975309,""residual_voltage_pu"":0.3125}",45,noise_free,0.006920415224913495,815603697,1,False
DEV-PRO-SAG-035,development,property_response,sag,"{""duration_cycles"":27.08641975308642,""residual_voltage_pu"":0.7125}",90,noise_free,0.0657439446366782,3684549812,1,False
DEV-PRO-SAG-036,development,property_response,sag,"{""duration_cycles"":1.95679012345679,""residual_voltage_pu"":0.21250000000000002}",135,noise_free,0.1245674740484429,2185760544,1,False
DEV-PRO-SAG-037,development,property_response,sag,"{""duration_cycles"":11.790123456790123,""residual_voltage_pu"":0.6125}",0,noise_free,0.1833910034602076,3624156050,1,False
DEV-PRO-SAG-038,development,property_response,sag,"{""duration_cycles"":21.62345679012346,""residual_voltage_pu"":0.4125}",45,noise_free,0.2422145328719723,453592396,1,False
DEV-PRO-SAG-039,development,property_response,sag,"{""duration_cycles"":5.234567901234568,""residual_voltage_pu"":0.8125}",90,noise_free,0.30103806228373703,737416025,1,False
DEV-PRO-SAG-040,development,property_response,sag,"{""duration_cycles"":15.0679012345679,""residual_voltage_pu"":0.1625}",135,noise_free,0.3598615916955017,511637842,1,False
DEV-PRO-SAG-041,development,property_response,sag,"{""duration_cycles"":24.90123456790123,""residual_voltage_pu"":0.5625}",0,noise_free,0.4186851211072664,3349112929,1,False
DEV-PRO-SAG-042,development,property_response,sag,"{""duration_cycles"":8.512345679012345,""residual_voltage_pu"":0.36250000000000004}",45,noise_free,0.47750865051903113,1800174222,1,False
DEV-PRO-SAG-043,development,property_response,sag,"{""duration_cycles"":18.34567901234568,""residual_voltage_pu"":0.7625000000000001}",90,noise_free,0.5363321799307958,413463197,1,False
DEV-PRO-SAG-044,development,property_response,sag,"{""duration_cycles"":28.17901234567901,""residual_voltage_pu"":0.2625}",135,noise_free,0.5951557093425606,1198059349,1,False
DEV-PRO-SAG-045,development,property_response,sag,"{""duration_cycles"":3.0493827160493825,""residual_voltage_pu"":0.6625}",0,noise_free,0.6539792387543253,1434271155,1,False
DEV-PRO-SAG-046,development,property_response,sag,"{""duration_cycles"":12.882716049382715,""residual_voltage_pu"":0.4625}",45,noise_free,0.7128027681660899,2003500662,1,False
DEV-PRO-SAG-047,development,property_response,sag,"{""duration_cycles"":22.71604938271605,""residual_voltage_pu"":0.8625}",90,noise_free,0.7716262975778546,698704110,1,False
DEV-PRO-SAG-048,development,property_response,sag,"{""duration_cycles"":6.32716049382716,""residual_voltage_pu"":0.1375}",135,noise_free,0.8304498269896193,875765041,1,False
DEV-PRO-SAG-049,development,property_response,sag,"{""duration_cycles"":16.160493827160494,""residual_voltage_pu"":0.5375}",0,noise_free,0.889273356401384,2059653999,1,False
DEV-PRO-SAG-050,development,property_response,sag,"{""duration_cycles"":25.993827160493822,""residual_voltage_pu"":0.3375}",45,noise_free,0.9480968858131488,3210066579,1,False
DEV-PRO-SAG-051,development,property_response,sag,"{""duration_cycles"":9.604938271604938,""residual_voltage_pu"":0.7375}",90,noise_free,0.010380622837370242,2150127412,1,False
DEV-PRO-SAG-052,development,property_response,sag,"{""duration_cycles"":19.438271604938272,""residual_voltage_pu"":0.23750000000000002}",135,noise_free,0.06920415224913495,286870599,1,False
DEV-PRO-SAG-053,development,property_response,sag,"{""duration_cycles"":29.2716049382716,""residual_voltage_pu"":0.6375}",0,noise_free,0.12802768166089964,2877491478,1,False
DEV-PRO-SAG-054,development,property_response,sag,"{""duration_cycles"":1.228395061728395,""residual_voltage_pu"":0.4375}",45,noise_free,0.18685121107266434,632839802,1,False
DEV-PRO-SAG-055,development,property_response,sag,"{""duration_cycles"":11.061728395061728,""residual_voltage_pu"":0.8375}",90,noise_free,0.24567474048442905,3304465393,1,False
DEV-PRO-SAG-056,development,property_response,sag,"{""duration_cycles"":20.89506172839506,""residual_voltage_pu"":0.1875}",135,noise_free,0.3044982698961938,2194108982,1,False
DEV-PRO-SAG-057,development,property_response,sag,"{""duration_cycles"":4.506172839506172,""residual_voltage_pu"":0.5875}",0,noise_free,0.36332179930795844,3663287114,1,False
DEV-PRO-SAG-058,development,property_response,sag,"{""duration_cycles"":14.339506172839505,""residual_voltage_pu"":0.38750000000000007}",45,noise_free,0.42214532871972316,1684658633,1,False
DEV-PRO-SAG-059,development,property_response,sag,"{""duration_cycles"":24.172839506172835,""residual_voltage_pu"":0.7875}",90,noise_free,0.4809688581314879,611135736,1,False
DEV-PRO-SAG-060,development,property_response,sag,"{""duration_cycles"":7.78395061728395,""residual_voltage_pu"":0.2875}",135,noise_free,0.5397923875432526,643911336,1,False
DEV-PRO-SWELL-001,development,property_response,swell,"{""duration_cycles"":21.677411979881118,""event_voltage_pu"":1.31806640625}",0,noise_free,0.44005699165479334,366520548,1,False
DEV-PRO-SWELL-002,development,property_response,swell,"{""duration_cycles"":5.288523090992227,""event_voltage_pu"":1.66806640625}",45,noise_free,0.49888052106655806,3615953309,1,False
DEV-PRO-SWELL-003,development,property_response,swell,"{""duration_cycles"":15.12185642432556,""event_voltage_pu"":1.2305664062500001}",90,noise_free,0.5577040504783228,2190769979,1,False
DEV-PRO-SWELL-004,development,property_response,swell,"{""duration_cycles"":24.95518975765889,""event_voltage_pu"":1.58056640625}",135,noise_free,0.6165275798900876,2730735359,1,False
DEV-PRO-SWELL-005,development,property_response,swell,"{""duration_cycles"":8.566300868770005,""event_voltage_pu"":1.4055664062500002}",0,noise_free,0.6753511093018523,3795810827,1,False
DEV-PRO-SWELL-006,development,property_response,swell,"{""duration_cycles"":18.39963420210334,""event_voltage_pu"":1.75556640625}",45,noise_free,0.7341746387136169,243200791,1,False
DEV-PRO-SWELL-007,development,property_response,swell,"{""duration_cycles"":28.232967535436668,""event_voltage_pu"":1.1868164062500002}",90,noise_free,0.7929981681253816,3523017182,1,False
DEV-PRO-SWELL-008,development,property_response,swell,"{""duration_cycles"":3.103337905807041,""event_voltage_pu"":1.53681640625}",135,noise_free,0.8518216975371463,3474684589,1,False
DEV-PRO-SWELL-009,development,property_response,swell,"{""duration_cycles"":12.936671239140376,""event_voltage_pu"":1.36181640625}",0,noise_free,0.910645226948911,4124286575,1,False
DEV-PRO-SWELL-010,development,property_response,swell,"{""duration_cycles"":22.77000457247371,""event_voltage_pu"":1.71181640625}",45,noise_free,0.9694687563606758,983837073,1,False
DEV-PRO-SWELL-011,development,property_response,swell,"{""duration_cycles"":6.381115683584819,""event_voltage_pu"":1.27431640625}",90,noise_free,0.03175249338489721,631707048,1,False
DEV-PRO-SWELL-012,development,property_response,swell,"{""duration_cycles"":16.21444901691815,""event_voltage_pu"":1.6243164062500002}",135,noise_free,0.09057602279666192,1790294050,1,False
DEV-PRO-SWELL-013,development,property_response,swell,"{""duration_cycles"":26.04778235025148,""event_voltage_pu"":1.4493164062500001}",0,noise_free,0.14939955220842663,3498440998,1,False
DEV-PRO-SWELL-014,development,property_response,swell,"{""duration_cycles"":9.658893461362597,""event_voltage_pu"":1.79931640625}",45,noise_free,0.20822308162019132,674861783,1,False
DEV-PRO-SWELL-015,development,property_response,swell,"{""duration_cycles"":19.492226794695927,""event_voltage_pu"":1.100341796875}",90,noise_free,0.267046611031956,2413770311,1,False
DEV-PRO-SWELL-016,development,property_response,swell,"{""duration_cycles"":29.32556012802926,""event_voltage_pu"":1.450341796875}",135,noise_free,0.3258701404437207,3574146731,1,False
DEV-PRO-SWELL-017,development,property_response,swell,"{""duration_cycles"":1.2823502514860539,""event_voltage_pu"":1.275341796875}",0,noise_free,0.38469366985548537,3375863076,1,False
DEV-PRO-SWELL-018,development,property_response,swell,"{""duration_cycles"":11.115683584819388,""event_voltage_pu"":1.625341796875}",45,noise_free,0.4435171992672501,2879770858,1,False
DEV-PRO-SWELL-019,development,property_response,swell,"{""duration_cycles"":20.94901691815272,""event_voltage_pu"":1.1878417968750001}",90,noise_free,0.5023407286790149,2270060729,1,False
DEV-PRO-SWELL-020,development,property_response,swell,"{""duration_cycles"":4.560128029263832,""event_voltage_pu"":1.537841796875}",135,noise_free,0.5611642580907796,1137722875,1,False
DEV-PRO-SWELL-021,development,property_response,swell,"{""duration_cycles"":14.393461362597165,""event_voltage_pu"":1.3628417968750002}",0,noise_free,0.6199877875025444,4120456753,1,False
DEV-PRO-SWELL-022,development,property_response,swell,"{""duration_cycles"":24.226794695930494,""event_voltage_pu"":1.712841796875}",45,noise_free,0.6788113169143091,531060618,1,False
DEV-PRO-SWELL-023,development,property_response,swell,"{""duration_cycles"":7.83790580704161,""event_voltage_pu"":1.1440917968750002}",90,noise_free,0.7376348463260737,2628628965,1,False
DEV-PRO-SWELL-024,development,property_response,swell,"{""duration_cycles"":17.671239140374944,""event_voltage_pu"":1.494091796875}",135,noise_free,0.7964583757378384,3818563855,1,False
DEV-PRO-SWELL-025,development,property_response,swell,"{""duration_cycles"":27.504572473708276,""event_voltage_pu"":1.319091796875}",0,noise_free,0.8552819051496031,403839275,1,False
DEV-PRO-SWELL-026,development,property_response,swell,"{""duration_cycles"":2.374942844078646,""event_voltage_pu"":1.669091796875}",45,noise_free,0.9141054345613678,1183217937,1,False
DEV-PRO-SWELL-027,development,property_response,swell,"{""duration_cycles"":12.20827617741198,""event_voltage_pu"":1.231591796875}",90,noise_free,0.9729289639731326,3975834848,1,False
DEV-PRO-SWELL-028,development,property_response,swell,"{""duration_cycles"":22.041609510745314,""event_voltage_pu"":1.5815917968750002}",135,noise_free,0.03521270099735396,2048224,1,False
DEV-PRO-SWELL-029,development,property_response,swell,"{""duration_cycles"":5.6527206218564245,""event_voltage_pu"":1.4065917968750001}",0,noise_free,0.09403623040911867,520831419,1,False
DEV-PRO-SWELL-030,development,property_response,swell,"{""duration_cycles"":15.486053955189758,""event_voltage_pu"":1.756591796875}",45,noise_free,0.15285975982088337,2788278173,1,False
DEV-PRO-SWELL-031,development,property_response,swell,"{""duration_cycles"":25.319387288523085,""event_voltage_pu"":1.122216796875}",90,noise_free,0.21168328923264806,1006462965,1,False
DEV-PRO-SWELL-032,development,property_response,swell,"{""duration_cycles"":8.930498399634203,""event_voltage_pu"":1.4722167968750002}",135,noise_free,0.2705068186444128,3575520028,1,False
DEV-PRO-SWELL-033,development,property_response,swell,"{""duration_cycles"":18.763831732967535,""event_voltage_pu"":1.2972167968750001}",0,noise_free,0.3293303480561775,3166070859,1,False
DEV-PRO-SWELL-034,development,property_response,swell,"{""duration_cycles"":28.597165066300864,""event_voltage_pu"":1.647216796875}",45,noise_free,0.3881538774679421,2318940926,1,False
DEV-PRO-SWELL-035,development,property_response,swell,"{""duration_cycles"":3.467535436671239,""event_voltage_pu"":1.209716796875}",90,noise_free,0.44697740687970683,3338062579,1,False
DEV-PRO-SWELL-036,development,property_response,swell,"{""duration_cycles"":13.300868770004573,""event_voltage_pu"":1.559716796875}",135,noise_free,0.5058009362914716,3482662070,1,False
DEV-PRO-SWELL-037,development,property_response,swell,"{""duration_cycles"":23.134202103337905,""event_voltage_pu"":1.384716796875}",0,noise_free,0.5646244657032363,2173732644,1,False
DEV-PRO-SWELL-038,development,property_response,swell,"{""duration_cycles"":6.745313214449017,""event_voltage_pu"":1.734716796875}",45,noise_free,0.623447995115001,244249698,1,False
DEV-PRO-SWELL-039,development,property_response,swell,"{""duration_cycles"":16.57864654778235,""event_voltage_pu"":1.165966796875}",90,noise_free,0.6822715245267658,2787087599,1,False
DEV-PRO-SWELL-040,development,property_response,swell,"{""duration_cycles"":26.41197988111568,""event_voltage_pu"":1.5159667968750001}",135,noise_free,0.7410950539385304,2457620356,1,False
DEV-PRO-SWELL-041,development,property_response,swell,"{""duration_cycles"":10.023090992226795,""event_voltage_pu"":1.340966796875}",0,noise_free,0.7999185833502951,183401566,1,False
DEV-PRO-SWELL-042,development,property_response,swell,"{""duration_cycles"":19.856424325560127,""event_voltage_pu"":1.6909667968750002}",45,noise_free,0.8587421127620598,1063205982,1,False
DEV-PRO-SWELL-043,development,property_response,swell,"{""duration_cycles"":29.68975765889346,""event_voltage_pu"":1.2534667968750002}",90,noise_free,0.9175656421738245,4226646760,1,False
DEV-PRO-SWELL-044,development,property_response,swell,"{""duration_cycles"":0.6753543667123914,""event_voltage_pu"":1.603466796875}",135,noise_free,0.9763891715855892,2771419519,1,False
DEV-PRO-SWELL-045,development,property_response,swell,"{""duration_cycles"":10.508687700045725,""event_voltage_pu"":1.428466796875}",0,noise_free,0.03867290860981071,3582205328,1,False
DEV-PRO-SWELL-046,development,property_response,swell,"{""duration_cycles"":20.342021033379055,""event_voltage_pu"":1.778466796875}",45,noise_free,0.09749643802157541,2206858731,1,False
DEV-PRO-SWELL-047,development,property_response,swell,"{""duration_cycles"":3.953132144490169,""event_voltage_pu"":1.111279296875}",90,noise_free,0.15631996743334012,1493706384,1,False
DEV-PRO-SWELL-048,development,property_response,swell,"{""duration_cycles"":13.786465477823501,""event_voltage_pu"":1.4612792968750001}",135,noise_free,0.2151434968451048,90543425,1,False
DEV-PRO-SWELL-049,development,property_response,swell,"{""duration_cycles"":23.619798811156834,""event_voltage_pu"":1.286279296875}",0,noise_free,0.2739670262568695,2403061650,1,False
DEV-PRO-SWELL-050,development,property_response,swell,"{""duration_cycles"":7.230909922267947,""event_voltage_pu"":1.6362792968750002}",45,noise_free,0.3327905556686342,226357350,1,False
DEV-PRO-SWELL-051,development,property_response,swell,"{""duration_cycles"":17.06424325560128,""event_voltage_pu"":1.1987792968750002}",90,noise_free,0.3916140850803989,1398121040,1,False
DEV-PRO-SWELL-052,development,property_response,swell,"{""duration_cycles"":26.897576588934612,""event_voltage_pu"":1.548779296875}",135,noise_free,0.45043761449216363,1592789980,1,False
DEV-PRO-SWELL-053,development,property_response,swell,"{""duration_cycles"":1.767946959304984,""event_voltage_pu"":1.373779296875}",0,noise_free,0.5092611439039284,2626644834,1,False
DEV-PRO-SWELL-054,development,property_response,swell,"{""duration_cycles"":11.601280292638318,""event_voltage_pu"":1.723779296875}",45,noise_free,0.5680846733156931,2287231414,1,False
DEV-PRO-SWELL-055,development,property_response,swell,"{""duration_cycles"":21.43461362597165,""event_voltage_pu"":1.155029296875}",90,noise_free,0.6269082027274578,2386587307,1,False
DEV-PRO-SWELL-056,development,property_response,swell,"{""duration_cycles"":5.045724737082762,""event_voltage_pu"":1.505029296875}",135,noise_free,0.6857317321392226,3521891894,1,False
DEV-PRO-SWELL-057,development,property_response,swell,"{""duration_cycles"":14.879058070416095,""event_voltage_pu"":1.330029296875}",0,noise_free,0.7445552615509872,2799116532,1,False
DEV-PRO-SWELL-058,development,property_response,swell,"{""duration_cycles"":24.71239140374942,""event_voltage_pu"":1.680029296875}",45,noise_free,0.8033787909627519,807577532,1,False
DEV-PRO-SWELL-059,development,property_response,swell,"{""duration_cycles"":8.32350251486054,""event_voltage_pu"":1.2425292968750001}",90,noise_free,0.8622023203745166,3292170859,1,False
DEV-PRO-SWELL-060,development,property_response,swell,"{""duration_cycles"":18.15683584819387,""event_voltage_pu"":1.592529296875}",135,noise_free,0.9210258497862813,3006481749,1,False
DEV-PRO-INTERRUPTION-001,development,property_response,interruption,"{""duration_cycles"":6.799268404206675,""residual_voltage_pu"":0.078076171875}",0,noise_free,0.821290453897822,3863989079,1,False
DEV-PRO-INTERRUPTION-002,development,property_response,interruption,"{""duration_cycles"":16.63260173754001,""residual_voltage_pu"":0.015576171875000001}",45,noise_free,0.8801139833095867,3884005543,1,False
DEV-PRO-INTERRUPTION-003,development,property_response,interruption,"{""duration_cycles"":26.465935070873343,""residual_voltage_pu"":0.065576171875}",90,noise_free,0.9389375127213514,3537152863,1,False
DEV-PRO-INTERRUPTION-004,development,property_response,interruption,"{""duration_cycles"":10.077046181984453,""residual_voltage_pu"":0.040576171875000004}",135,noise_free,0.9977610421331161,1990988519,1,False
DEV-PRO-INTERRUPTION-005,development,property_response,interruption,"{""duration_cycles"":19.91037951531779,""residual_voltage_pu"":0.090576171875}",0,noise_free,0.0014247913698351312,1171531839,1,False
DEV-PRO-INTERRUPTION-006,development,property_response,interruption,"{""duration_cycles"":29.74371284865112,""residual_voltage_pu"":0.009326171875}",45,noise_free,0.060248320781599835,661017404,1,False
DEV-PRO-INTERRUPTION-007,development,property_response,interruption,"{""duration_cycles"":0.7293095564700502,""residual_voltage_pu"":0.059326171875}",90,noise_free,0.11907185019336454,1011560705,1,False
DEV-PRO-INTERRUPTION-008,development,property_response,interruption,"{""duration_cycles"":10.562642889803383,""residual_voltage_pu"":0.034326171875}",135,noise_free,0.17789537960512924,3745220141,1,False
DEV-PRO-INTERRUPTION-009,development,property_response,interruption,"{""duration_cycles"":20.395976223136717,""residual_voltage_pu"":0.08432617187500001}",0,noise_free,0.23671890901689396,3346584862,1,False
DEV-PRO-INTERRUPTION-010,development,property_response,interruption,"{""duration_cycles"":4.007087334247828,""residual_voltage_pu"":0.021826171875}",45,noise_free,0.2955424384286587,1653077366,1,False
DEV-PRO-INTERRUPTION-011,development,property_response,interruption,"{""duration_cycles"":13.84042066758116,""residual_voltage_pu"":0.071826171875}",90,noise_free,0.35436596784042335,4237381588,1,False
DEV-PRO-INTERRUPTION-012,development,property_response,interruption,"{""duration_cycles"":23.673754000914492,""residual_voltage_pu"":0.046826171875}",135,noise_free,0.41318949725218806,3245583395,1,False
DEV-PRO-INTERRUPTION-013,development,property_response,interruption,"{""duration_cycles"":7.284865112025606,""residual_voltage_pu"":0.096826171875}",0,noise_free,0.4720130266639528,178576315,1,False
DEV-PRO-INTERRUPTION-014,development,property_response,interruption,"{""duration_cycles"":17.118198445358942,""residual_voltage_pu"":0.0062011718750000005}",45,noise_free,0.5308365560757174,3910957550,1,False
DEV-PRO-INTERRUPTION-015,development,property_response,interruption,"{""duration_cycles"":26.95153177869227,""residual_voltage_pu"":0.056201171875000004}",90,noise_free,0.5896600854874822,3383040901,1,False
DEV-PRO-INTERRUPTION-016,development,property_response,interruption,"{""duration_cycles"":1.8219021490626428,""residual_voltage_pu"":0.031201171875000003}",135,noise_free,0.6484836148992469,3195972985,1,False
DEV-PRO-INTERRUPTION-017,development,property_response,interruption,"{""duration_cycles"":11.655235482395975,""residual_voltage_pu"":0.081201171875}",0,noise_free,0.7073071443110115,720323337,1,False
DEV-PRO-INTERRUPTION-018,development,property_response,interruption,"{""duration_cycles"":21.488568815729312,""residual_voltage_pu"":0.018701171875000002}",45,noise_free,0.7661306737227762,2221171650,1,False
DEV-PRO-INTERRUPTION-019,development,property_response,interruption,"{""duration_cycles"":5.0996799268404205,""residual_voltage_pu"":0.06870117187500001}",90,noise_free,0.8249542031345409,4279663660,1,False
DEV-PRO-INTERRUPTION-020,development,property_response,interruption,"{""duration_cycles"":14.933013260173754,""residual_voltage_pu"":0.043701171875}",135,noise_free,0.8837777325463056,1058315119,1,False
DEV-PRO-INTERRUPTION-021,development,property_response,interruption,"{""duration_cycles"":24.766346593507084,""residual_voltage_pu"":0.093701171875}",0,noise_free,0.9426012619580704,3744138810,1,False
DEV-PRO-INTERRUPTION-022,development,property_response,interruption,"{""duration_cycles"":8.377457704618198,""residual_voltage_pu"":0.012451171875}",45,noise_free,0.004884998982291879,1379923781,1,False
DEV-PRO-INTERRUPTION-023,development,property_response,interruption,"{""duration_cycles"":18.210791037951534,""residual_voltage_pu"":0.062451171875}",90,noise_free,0.06370852839405658,1130194789,1,False
DEV-PRO-INTERRUPTION-024,development,property_response,interruption,"{""duration_cycles"":28.044124371284862,""residual_voltage_pu"":0.037451171875}",135,noise_free,0.12253205780582128,2689310130,1,False
DEV-PRO-INTERRUPTION-025,development,property_response,interruption,"{""duration_cycles"":2.9144947416552354,""residual_voltage_pu"":0.08745117187500001}",0,noise_free,0.181355587217586,2631817810,1,False
DEV-PRO-INTERRUPTION-026,development,property_response,interruption,"{""duration_cycles"":12.747828074988568,""residual_voltage_pu"":0.024951171875}",45,noise_free,0.2401791166293507,2344483022,1,False
DEV-PRO-INTERRUPTION-027,development,property_response,interruption,"{""duration_cycles"":22.581161408321904,""residual_voltage_pu"":0.074951171875}",90,noise_free,0.2990026460411154,1791462011,1,False
DEV-PRO-INTERRUPTION-028,development,property_response,interruption,"{""duration_cycles"":6.192272519433013,""residual_voltage_pu"":0.049951171875000006}",135,noise_free,0.3578261754528801,3073542889,1,False
DEV-PRO-INTERRUPTION-029,development,property_response,interruption,"{""duration_cycles"":16.025605852766347,""residual_voltage_pu"":0.09995117187500001}",0,noise_free,0.4166497048646448,2692582082,1,False
DEV-PRO-INTERRUPTION-030,development,property_response,interruption,"{""duration_cycles"":25.85893918609968,""residual_voltage_pu"":2.44140625e-05}",45,noise_free,0.47547323427640953,781409736,1,False
DEV-PRO-INTERRUPTION-031,development,property_response,interruption,"{""duration_cycles"":9.47005029721079,""residual_voltage_pu"":0.0500244140625}",90,noise_free,0.5342967636881742,2528252021,1,False
DEV-PRO-INTERRUPTION-032,development,property_response,interruption,"{""duration_cycles"":19.303383630544126,""residual_voltage_pu"":0.0250244140625}",135,noise_free,0.593120293099939,3529001364,1,False
DEV-PRO-INTERRUPTION-033,development,property_response,interruption,"{""duration_cycles"":29.136716963877458,""residual_voltage_pu"":0.0750244140625}",0,noise_free,0.6519438225117037,1006101850,1,False
DEV-PRO-INTERRUPTION-034,development,property_response,interruption,"{""duration_cycles"":1.0935070873342476,""residual_voltage_pu"":0.012524414062500001}",45,noise_free,0.7107673519234683,1625026331,1,False
DEV-PRO-INTERRUPTION-035,development,property_response,interruption,"{""duration_cycles"":10.926840420667581,""residual_voltage_pu"":0.0625244140625}",90,noise_free,0.769590881335233,6363742,1,False
DEV-PRO-INTERRUPTION-036,development,property_response,interruption,"{""duration_cycles"":20.760173754000913,""residual_voltage_pu"":0.037524414062500004}",135,noise_free,0.8284144107469977,998466463,1,False
DEV-PRO-INTERRUPTION-037,development,property_response,interruption,"{""duration_cycles"":4.371284865112026,""residual_voltage_pu"":0.0875244140625}",0,noise_free,0.8872379401587625,1542138126,1,False
DEV-PRO-INTERRUPTION-038,development,property_response,interruption,"{""duration_cycles"":14.204618198445358,""residual_voltage_pu"":0.006274414062500001}",45,noise_free,0.9460614695705272,2222339495,1,False
DEV-PRO-INTERRUPTION-039,development,property_response,interruption,"{""duration_cycles"":24.037951531778692,""residual_voltage_pu"":0.0562744140625}",90,noise_free,0.008345206594748626,2356508273,1,False
DEV-PRO-INTERRUPTION-040,development,property_response,interruption,"{""duration_cycles"":7.6490626428898025,""residual_voltage_pu"":0.0312744140625}",135,noise_free,0.06716873600651332,3633651376,1,False
DEV-PRO-INTERRUPTION-041,development,property_response,interruption,"{""duration_cycles"":17.482395976223142,""residual_voltage_pu"":0.08127441406250001}",0,noise_free,0.12599226541827804,3939856250,1,False
DEV-PRO-INTERRUPTION-042,development,property_response,interruption,"{""duration_cycles"":27.31572930955647,""residual_voltage_pu"":0.0187744140625}",45,noise_free,0.18481579483004273,1189471817,1,False
DEV-PRO-INTERRUPTION-043,development,property_response,interruption,"{""duration_cycles"":2.18609967992684,""residual_voltage_pu"":0.0687744140625}",90,noise_free,0.24363932424180745,1602830977,1,False
DEV-PRO-INTERRUPTION-044,development,property_response,interruption,"{""duration_cycles"":12.019433013260173,""residual_voltage_pu"":0.0437744140625}",135,noise_free,0.3024628536535722,1847039687,1,False
DEV-PRO-INTERRUPTION-045,development,property_response,interruption,"{""duration_cycles"":21.852766346593512,""residual_voltage_pu"":0.0937744140625}",0,noise_free,0.36128638306533684,3957277113,1,False
DEV-PRO-INTERRUPTION-046,development,property_response,interruption,"{""duration_cycles"":5.463877457704617,""residual_voltage_pu"":0.0031494140625}",45,noise_free,0.42010991247710155,2107410591,1,False
DEV-PRO-INTERRUPTION-047,development,property_response,interruption,"{""duration_cycles"":15.297210791037951,""residual_voltage_pu"":0.053149414062500004}",90,noise_free,0.4789334418888663,1369264640,1,False
DEV-PRO-INTERRUPTION-048,development,property_response,interruption,"{""duration_cycles"":25.130544124371283,""residual_voltage_pu"":0.028149414062500003}",135,noise_free,0.5377569713006309,275870521,1,False
DEV-PRO-INTERRUPTION-049,development,property_response,interruption,"{""duration_cycles"":8.741655235482396,""residual_voltage_pu"":0.0781494140625}",0,noise_free,0.5965805007123957,1643413659,1,False
DEV-PRO-INTERRUPTION-050,development,property_response,interruption,"{""duration_cycles"":18.57498856881573,""residual_voltage_pu"":0.015649414062500002}",45,noise_free,0.6554040301241604,3889524251,1,False
DEV-PRO-INTERRUPTION-051,development,property_response,interruption,"{""duration_cycles"":28.408321902149062,""residual_voltage_pu"":0.06564941406250001}",90,noise_free,0.714227559535925,1693353292,1,False
DEV-PRO-INTERRUPTION-052,development,property_response,interruption,"{""duration_cycles"":3.2786922725194327,""residual_voltage_pu"":0.0406494140625}",135,noise_free,0.7730510889476897,660918558,1,False
DEV-PRO-INTERRUPTION-053,development,property_response,interruption,"{""duration_cycles"":13.112025605852766,""residual_voltage_pu"":0.0906494140625}",0,noise_free,0.8318746183594544,2036917398,1,False
DEV-PRO-INTERRUPTION-054,development,property_response,interruption,"{""duration_cycles"":22.9453589391861,""residual_voltage_pu"":0.0093994140625}",45,noise_free,0.8906981477712191,1035535604,1,False
DEV-PRO-INTERRUPTION-055,development,property_response,interruption,"{""duration_cycles"":6.55647005029721,""residual_voltage_pu"":0.0593994140625}",90,noise_free,0.9495216771829839,4262155885,1,False
DEV-PRO-INTERRUPTION-056,development,property_response,interruption,"{""duration_cycles"":16.389803383630543,""residual_voltage_pu"":0.0343994140625}",135,noise_free,0.011805414207205373,3124782268,1,False
DEV-PRO-INTERRUPTION-057,development,property_response,interruption,"{""duration_cycles"":26.223136716963875,""residual_voltage_pu"":0.08439941406250001}",0,noise_free,0.07062894361897008,18844449,1,False
DEV-PRO-INTERRUPTION-058,development,property_response,interruption,"{""duration_cycles"":9.834247828074988,""residual_voltage_pu"":0.0218994140625}",45,noise_free,0.1294524730307348,1442549991,1,False
DEV-PRO-INTERRUPTION-059,development,property_response,interruption,"{""duration_cycles"":19.66758116140832,""residual_voltage_pu"":0.0718994140625}",90,noise_free,0.18827600244249948,3167263500,1,False
DEV-PRO-INTERRUPTION-060,development,property_response,interruption,"{""duration_cycles"":29.500914494741654,""residual_voltage_pu"":0.046899414062500006}",135,noise_free,0.2470995318542642,4142796911,1,False
DEV-PRO-HARMONICS-001,development,property_response,harmonics,"{""a3_pu"":0.025402832031250003,""a5_pu"":0.0515363511659808,""a7_pu"":0.0654112,""phi3_deg"":247.86815017552212,""phi5_deg"":99.04241513557815,""phi7_deg"":356.40768880641434}",0,noise_free,0.14736413596580503,2315002683,1,False
DEV-PRO-HARMONICS-002,development,property_response,harmonics,"{""a3_pu"":0.07040283203125,""a5_pu"":0.0815363511659808,""a7_pu"":0.0834112,""phi3_deg"":299.29672160409353,""phi5_deg"":131.7696878628509,""phi7_deg"":26.230174013514937}",45,noise_free,0.20618766537756972,1758687605,1,False
DEV-PRO-HARMONICS-003,development,property_response,harmonics,"{""a3_pu"":0.04790283203125001,""a5_pu"":0.031536351165980796,""a7_pu"":0.015011200000000002,""phi3_deg"":350.725293032665,""phi5_deg"":164.49696059012362,""phi7_deg"":53.92248170582263}",90,noise_free,0.2650111947893344,3280620016,1,False
DEV-PRO-HARMONICS-004,development,property_response,harmonics,"{""a3_pu"":0.09290283203125001,""a5_pu"":0.061536351165980815,""a7_pu"":0.033011200000000004,""phi3_deg"":49.50080323674658,""phi5_deg"":197.22423331739634,""phi7_deg"":81.61478939813033}",135,noise_free,0.3238347242010991,3337175315,1,False
DEV-PRO-HARMONICS-005,development,property_response,harmonics,"{""a3_pu"":0.01977783203125,""a5_pu"":0.0915363511659808,""a7_pu"":0.05101120000000001,""phi3_deg"":100.92937466531801,""phi5_deg"":229.95150604466906,""phi7_deg"":109.30709709043799}",0,noise_free,0.38265825361286376,4056102559,1,False
DEV-PRO-HARMONICS-006,development,property_response,harmonics,"{""a3_pu"":0.06477783203125001,""a5_pu"":0.01486968449931413,""a7_pu"":0.06901120000000001,""phi3_deg"":152.35794609388944,""phi5_deg"":262.6787787719418,""phi7_deg"":136.9994047827457}",45,noise_free,0.4414817830246285,1364655123,1,False
DEV-PRO-HARMONICS-007,development,property_response,harmonics,"{""a3_pu"":0.042277832031250004,""a5_pu"":0.04486968449931413,""a7_pu"":0.0870112,""phi3_deg"":203.78651752246088,""phi5_deg"":295.4060514992145,""phi7_deg"":164.69171247505338}",90,noise_free,0.5003053124363932,909114970,1,False
DEV-PRO-HARMONICS-008,development,property_response,harmonics,"{""a3_pu"":0.08727783203125,""a5_pu"":0.07486968449931414,""a7_pu"":0.0186112,""phi3_deg"":255.21508895103233,""phi5_deg"":328.1333242264873,""phi7_deg"":192.3840201673611}",135,noise_free,0.5591288418481579,2835966202,1,False
DEV-PRO-HARMONICS-009,development,property_response,harmonics,"{""a3_pu"":0.03102783203125,""a5_pu"":0.024869684499314128,""a7_pu"":0.03661120000000001,""phi3_deg"":306.6436603796037,""phi5_deg"":3.835803565330237,""phi7_deg"":220.07632785966882}",0,noise_free,0.6179523712599226,270410944,1,False
DEV-PRO-HARMONICS-010,development,property_response,harmonics,"{""a3_pu"":0.07602783203125,""a5_pu"":0.054869684499314134,""a7_pu"":0.05461120000000001,""phi3_deg"":358.07223180817516,""phi5_deg"":36.56307629260297,""phi7_deg"":247.76863555197647}",45,noise_free,0.6767759006716874,3656359075,1,False
DEV-PRO-HARMONICS-011,development,property_response,harmonics,"{""a3_pu"":0.05352783203125001,""a5_pu"":0.08486968449931413,""a7_pu"":0.0726112,""phi3_deg"":6.468733265901113,""phi5_deg"":69.29034901987569,""phi7_deg"":275.4609432442842}",90,noise_free,0.735599430083452,3108324664,1,False
DEV-PRO-HARMONICS-012,development,property_response,harmonics,"{""a3_pu"":0.09852783203125001,""a5_pu"":0.03486968449931413,""a7_pu"":0.0906112,""phi3_deg"":57.89730469447253,""phi5_deg"":102.0176217471484,""phi7_deg"":303.15325093659186}",135,noise_free,0.7944229594952167,854921550,1,False
DEV-PRO-HARMONICS-013,development,property_response,harmonics,"{""a3_pu"":0.01274658203125,""a5_pu"":0.06486968449931414,""a7_pu"":0.0222112,""phi3_deg"":109.32587612304395,""phi5_deg"":134.74489447442113,""phi7_deg"":330.8455586288996}",0,noise_free,0.8532464889069814,30283822,1,False
DEV-PRO-HARMONICS-014,development,property_response,harmonics,"{""a3_pu"":0.05774658203125001,""a5_pu"":0.09486968449931413,""a7_pu"":0.04021120000000001,""phi3_deg"":160.75444755161539,""phi5_deg"":167.47216720169388,""phi7_deg"":358.5378663212073}",45,noise_free,0.9120700183187461,3494939207,1,False
DEV-PRO-HARMONICS-015,development,property_response,harmonics,"{""a3_pu"":0.03524658203125,""a5_pu"":0.01820301783264746,""a7_pu"":0.058211200000000005,""phi3_deg"":212.18301898018683,""phi5_deg"":200.19943992896657,""phi7_deg"":0.8319036448303633}",90,noise_free,0.9708935477305108,987449893,1,False
DEV-PRO-HARMONICS-016,development,property_response,harmonics,"{""a3_pu"":0.08024658203125,""a5_pu"":0.048203017832647466,""a7_pu"":0.0762112,""phi3_deg"":263.6115904087582,""phi5_deg"":232.92671265623932,""phi7_deg"":28.52421133713806}",135,noise_free,0.03317728475473235,4287225839,1,False
DEV-PRO-HARMONICS-017,development,property_response,harmonics,"{""a3_pu"":0.02399658203125,""a5_pu"":0.07820301783264746,""a7_pu"":0.0942112,""phi3_deg"":315.04016183732966,""phi5_deg"":265.65398538351207,""phi7_deg"":56.21651902944575}",0,noise_free,0.09200081416649705,1550317750,1,False
DEV-PRO-HARMONICS-018,development,property_response,harmonics,"{""a3_pu"":0.06899658203125,""a5_pu"":0.028203017832647462,""a7_pu"":0.0258112,""phi3_deg"":13.815672041411318,""phi5_deg"":298.38125811078476,""phi7_deg"":83.90882672175344}",45,noise_free,0.15082434357826177,3693636171,1,False
DEV-PRO-HARMONICS-019,development,property_response,harmonics,"{""a3_pu"":0.046496582031250004,""a5_pu"":0.05820301783264747,""a7_pu"":0.04381120000000001,""phi3_deg"":65.24424346998273,""phi5_deg"":331.1085308380575,""phi7_deg"":111.60113441406112}",90,noise_free,0.20964787299002646,1466344062,1,False
DEV-PRO-HARMONICS-020,development,property_response,harmonics,"{""a3_pu"":0.09149658203125001,""a5_pu"":0.08820301783264746,""a7_pu"":0.061811200000000004,""phi3_deg"":116.67281489855417,""phi5_deg"":6.811010176900485,""phi7_deg"":139.29344210636881}",135,noise_free,0.2684714024017911,1002654342,1,False
DEV-PRO-HARMONICS-021,development,property_response,harmonics,"{""a3_pu"":0.01837158203125,""a5_pu"":0.038203017832647464,""a7_pu"":0.07981120000000001,""phi3_deg"":168.1013863271256,""phi5_deg"":39.538282904173215,""phi7_deg"":166.98574979867652}",0,noise_free,0.32729493181355584,4184134375,1,False
DEV-PRO-HARMONICS-022,development,property_response,harmonics,"{""a3_pu"":0.06337158203125,""a5_pu"":0.06820301783264747,""a7_pu"":0.0978112,""phi3_deg"":219.52995775569704,""phi5_deg"":72.26555563144595,""phi7_deg"":194.67805749098426}",45,noise_free,0.3861184612253205,120886282,1,False
DEV-PRO-HARMONICS-023,development,property_response,harmonics,"{""a3_pu"":0.040871582031250006,""a5_pu"":0.09820301783264747,""a7_pu"":0.0121312,""phi3_deg"":270.95852918426846,""phi5_deg"":104.99282835871865,""phi7_deg"":222.3703651832919}",90,noise_free,0.4449419906370852,594124520,1,False
DEV-PRO-HARMONICS-024,development,property_response,harmonics,"{""a3_pu"":0.08587158203125,""a5_pu"":0.012647462277091907,""a7_pu"":0.030131200000000004,""phi3_deg"":322.3871006128399,""phi5_deg"":137.7201010859914,""phi7_deg"":250.0626728755996}",135,noise_free,0.50376552004885,2179500314,1,False
DEV-PRO-HARMONICS-025,development,property_response,harmonics,"{""a3_pu"":0.029621582031250003,""a5_pu"":0.04264746227709191,""a7_pu"":0.04813120000000001,""phi3_deg"":21.16261081692152,""phi5_deg"":170.44737381326414,""phi7_deg"":277.7549805679073}",0,noise_free,0.5625890494606147,714194477,1,False
DEV-PRO-HARMONICS-026,development,property_response,harmonics,"{""a3_pu"":0.07462158203125001,""a5_pu"":0.07264746227709191,""a7_pu"":0.0661312,""phi3_deg"":72.59118224549293,""phi5_deg"":203.1746465405368,""phi7_deg"":305.44728826021503}",45,noise_free,0.6214125788723794,2434408136,1,False
DEV-PRO-HARMONICS-027,development,property_response,harmonics,"{""a3_pu"":0.05212158203125001,""a5_pu"":0.022647462277091905,""a7_pu"":0.0841312,""phi3_deg"":124.01975367406436,""phi5_deg"":235.90191926780957,""phi7_deg"":333.1395959525227}",90,noise_free,0.6802361082841442,2343184348,1,False
DEV-PRO-HARMONICS-028,development,property_response,harmonics,"{""a3_pu"":0.09712158203125,""a5_pu"":0.05264746227709191,""a7_pu"":0.0157312,""phi3_deg"":175.44832510263578,""phi5_deg"":268.6291919950823,""phi7_deg"":2.9620811596232626}",135,noise_free,0.7390596376959088,2452418610,1,False
DEV-PRO-HARMONICS-029,development,property_response,harmonics,"{""a3_pu"":0.015559082031250001,""a5_pu"":0.08264746227709191,""a7_pu"":0.0337312,""phi3_deg"":226.87689653120725,""phi5_deg"":301.35646472235504,""phi7_deg"":30.65438885193096}",0,noise_free,0.7978831671076735,2831163982,1,False
DEV-PRO-HARMONICS-030,development,property_response,harmonics,"{""a3_pu"":0.06055908203125001,""a5_pu"":0.03264746227709191,""a7_pu"":0.05173120000000001,""phi3_deg"":278.30546795977864,""phi5_deg"":334.08373744962773,""phi7_deg"":58.34669654423865}",45,noise_free,0.8567066965194382,3085897657,1,False
DEV-PRO-HARMONICS-031,development,property_response,harmonics,"{""a3_pu"":0.038059082031250004,""a5_pu"":0.06264746227709192,""a7_pu"":0.06973120000000001,""phi3_deg"":329.7340393883501,""phi5_deg"":9.786216788470732,""phi7_deg"":86.03900423654635}",90,noise_free,0.9155302259312029,1005485746,1,False
DEV-PRO-HARMONICS-032,development,property_response,harmonics,"{""a3_pu"":0.08305908203125001,""a5_pu"":0.0926474622770919,""a7_pu"":0.08773120000000001,""phi3_deg"":28.50954959243172,""phi5_deg"":42.513489515743466,""phi7_deg"":113.73131192885401}",135,noise_free,0.9743537553429676,4155868874,1,False
DEV-PRO-HARMONICS-033,development,property_response,harmonics,"{""a3_pu"":0.02680908203125,""a5_pu"":0.01598079561042524,""a7_pu"":0.0193312,""phi3_deg"":79.93812102100314,""phi5_deg"":75.24076224301619,""phi7_deg"":141.42361962116172}",0,noise_free,0.03663749236718909,2412648183,1,False
DEV-PRO-HARMONICS-034,development,property_response,harmonics,"{""a3_pu"":0.07180908203125,""a5_pu"":0.04598079561042524,""a7_pu"":0.03733120000000001,""phi3_deg"":131.36669244957457,""phi5_deg"":107.96803497028891,""phi7_deg"":169.1159273134694}",45,noise_free,0.0954610217789538,3651201529,1,False
DEV-PRO-HARMONICS-035,development,property_response,harmonics,"{""a3_pu"":0.04930908203125001,""a5_pu"":0.07598079561042524,""a7_pu"":0.05533120000000001,""phi3_deg"":182.79526387814602,""phi5_deg"":140.69530769756165,""phi7_deg"":196.80823500577716}",90,noise_free,0.15428455119071852,2294205550,1,False
DEV-PRO-HARMONICS-036,development,property_response,harmonics,"{""a3_pu"":0.09430908203125,""a5_pu"":0.02598079561042524,""a7_pu"":0.0733312,""phi3_deg"":234.22383530671743,""phi5_deg"":173.4225804248344,""phi7_deg"":224.50054269808484}",135,noise_free,0.2131080806024832,1418133075,1,False
DEV-PRO-HARMONICS-037,development,property_response,harmonics,"{""a3_pu"":0.021184082031250002,""a5_pu"":0.05598079561042525,""a7_pu"":0.0913312,""phi3_deg"":285.6524067352888,""phi5_deg"":206.14985315210708,""phi7_deg"":252.1928503903925}",0,noise_free,0.2719316100142479,2550768644,1,False
DEV-PRO-HARMONICS-038,development,property_response,harmonics,"{""a3_pu"":0.06618408203125001,""a5_pu"":0.08598079561042524,""a7_pu"":0.022931200000000002,""phi3_deg"":337.08097816386027,""phi5_deg"":238.87712587937983,""phi7_deg"":279.88515808270023}",45,noise_free,0.33075513942601265,2920375405,1,False
DEV-PRO-HARMONICS-039,development,property_response,harmonics,"{""a3_pu"":0.04368408203125001,""a5_pu"":0.03598079561042524,""a7_pu"":0.04093120000000001,""phi3_deg"":35.85648836794192,""phi5_deg"":271.6043986066526,""phi7_deg"":307.5774657750079}",90,noise_free,0.38957866883777725,608960104,1,False
DEV-PRO-HARMONICS-040,development,property_response,harmonics,"{""a3_pu"":0.08868408203125,""a5_pu"":0.06598079561042525,""a7_pu"":0.0589312,""phi3_deg"":87.28505979651334,""phi5_deg"":304.3316713339253,""phi7_deg"":335.2697734673156}",135,noise_free,0.448402198249542,765246696,1,False
DEV-PRO-HARMONICS-041,development,property_response,harmonics,"{""a3_pu"":0.032434082031250006,""a5_pu"":0.09598079561042525,""a7_pu"":0.0769312,""phi3_deg"":138.71363122508475,""phi5_deg"":337.058944061198,""phi7_deg"":5.092258674416162}",0,noise_free,0.5072257276613067,3749104679,1,False
DEV-PRO-HARMONICS-042,development,property_response,harmonics,"{""a3_pu"":0.07743408203125,""a5_pu"":0.01931412894375857,""a7_pu"":0.09493120000000001,""phi3_deg"":190.14220265365623,""phi5_deg"":12.761423400040979,""phi7_deg"":32.78456636672386}",45,noise_free,0.5660492570730714,17025767,1,False
DEV-PRO-HARMONICS-043,development,property_response,harmonics,"{""a3_pu"":0.054934082031250005,""a5_pu"":0.04931412894375858,""a7_pu"":0.026531199999999998,""phi3_deg"":241.57077408222764,""phi5_deg"":45.488696127313716,""phi7_deg"":60.47687405903155}",90,noise_free,0.6248727864848361,2052890852,1,False
DEV-PRO-HARMONICS-044,development,property_response,harmonics,"{""a3_pu"":0.09993408203125001,""a5_pu"":0.07931412894375858,""a7_pu"":0.04453120000000001,""phi3_deg"":292.99934551079906,""phi5_deg"":78.21596885458644,""phi7_deg"":88.16918175133924}",135,noise_free,0.6836963158966008,1613147517,1,False
DEV-PRO-HARMONICS-045,development,property_response,harmonics,"{""a3_pu"":0.010065917968750001,""a5_pu"":0.029314128943758573,""a7_pu"":0.06253120000000001,""phi3_deg"":344.4279169393705,""phi5_deg"":110.94324158185916,""phi7_deg"":115.86148944364693}",0,noise_free,0.7425198453083655,1910213132,1,False
DEV-PRO-HARMONICS-046,development,property_response,harmonics,"{""a3_pu"":0.05506591796875001,""a5_pu"":0.059314128943758586,""a7_pu"":0.08053120000000001,""phi3_deg"":43.203427143452124,""phi5_deg"":143.67051430913187,""phi7_deg"":143.55379713595462}",45,noise_free,0.8013433747201302,3592893051,1,False
DEV-PRO-HARMONICS-047,development,property_response,harmonics,"{""a3_pu"":0.032565917968750004,""a5_pu"":0.08931412894375858,""a7_pu"":0.0985312,""phi3_deg"":94.63199857202355,""phi5_deg"":176.39778703640462,""phi7_deg"":171.2461048282623}",90,noise_free,0.8601669041318949,1101376154,1,False
DEV-PRO-HARMONICS-048,development,property_response,harmonics,"{""a3_pu"":0.07756591796875001,""a5_pu"":0.039314128943758575,""a7_pu"":0.0128512,""phi3_deg"":146.06057000059496,""phi5_deg"":209.1250597636773,""phi7_deg"":198.93841252057004}",135,noise_free,0.9189904335436596,4185552366,1,False
DEV-PRO-HARMONICS-049,development,property_response,harmonics,"{""a3_pu"":0.02131591796875,""a5_pu"":0.06931412894375859,""a7_pu"":0.030851200000000002,""phi3_deg"":197.4891414291664,""phi5_deg"":241.85233249095006,""phi7_deg"":226.6307202128777}",0,noise_free,0.9778139629554243,1391579996,1,False
DEV-PRO-HARMONICS-050,development,property_response,harmonics,"{""a3_pu"":0.06631591796875,""a5_pu"":0.09931412894375857,""a7_pu"":0.04885120000000001,""phi3_deg"":248.91771285773785,""phi5_deg"":274.5796052182228,""phi7_deg"":254.32302790518537}",45,noise_free,0.04009769997964584,1320702872,1,False
DEV-PRO-HARMONICS-051,development,property_response,harmonics,"{""a3_pu"":0.04381591796875001,""a5_pu"":0.010795610425240056,""a7_pu"":0.06685120000000001,""phi3_deg"":300.34628428630924,""phi5_deg"":307.30687794549556,""phi7_deg"":282.0153355974931}",90,noise_free,0.09892122939141054,2118253875,1,False
DEV-PRO-HARMONICS-052,development,property_response,harmonics,"{""a3_pu"":0.08881591796875,""a5_pu"":0.04079561042524006,""a7_pu"":0.0848512,""phi3_deg"":351.7748557148807,""phi5_deg"":340.03415067276825,""phi7_deg"":309.7076432898008}",135,noise_free,0.15774475880317526,1037877829,1,False
DEV-PRO-HARMONICS-053,development,property_response,harmonics,"{""a3_pu"":0.015690917968750002,""a5_pu"":0.07079561042524006,""a7_pu"":0.016451200000000003,""phi3_deg"":50.55036591896233,""phi5_deg"":15.736630011611227,""phi7_deg"":337.39995098210846}",0,noise_free,0.21656828821493995,1502443295,1,False
DEV-PRO-HARMONICS-054,development,property_response,harmonics,"{""a3_pu"":0.06069091796875001,""a5_pu"":0.020795610425240058,""a7_pu"":0.03445120000000001,""phi3_deg"":101.97893734753374,""phi5_deg"":48.46390273888396,""phi7_deg"":7.222436189209062}",45,noise_free,0.2753918176267046,3976821725,1,False
DEV-PRO-HARMONICS-055,development,property_response,harmonics,"{""a3_pu"":0.03819091796875,""a5_pu"":0.05079561042524006,""a7_pu"":0.05245120000000001,""phi3_deg"":153.4075087761052,""phi5_deg"":81.1911754661567,""phi7_deg"":34.91474388151676}",90,noise_free,0.33421534703846933,3119554410,1,False
DEV-PRO-HARMONICS-056,development,property_response,harmonics,"{""a3_pu"":0.08319091796875,""a5_pu"":0.08079561042524006,""a7_pu"":0.0704512,""phi3_deg"":204.83608020467662,""phi5_deg"":113.91844819342938,""phi7_deg"":62.60705157382445}",135,noise_free,0.39303887645023405,2820371314,1,False
DEV-PRO-HARMONICS-057,development,property_response,harmonics,"{""a3_pu"":0.026940917968750006,""a5_pu"":0.030795610425240053,""a7_pu"":0.08845120000000001,""phi3_deg"":256.26465163324804,""phi5_deg"":146.64572092070213,""phi7_deg"":90.29935926613214}",0,noise_free,0.4518624058619988,2997653538,1,False
DEV-PRO-HARMONICS-058,development,property_response,harmonics,"{""a3_pu"":0.07194091796875,""a5_pu"":0.060795610425240065,""a7_pu"":0.020051200000000005,""phi3_deg"":307.6932230618195,""phi5_deg"":179.37299364797485,""phi7_deg"":117.99166695843982}",45,noise_free,0.5106859352737635,629982743,1,False
DEV-PRO-HARMONICS-059,development,property_response,harmonics,"{""a3_pu"":0.049440917968750005,""a5_pu"":0.09079561042524006,""a7_pu"":0.03805120000000001,""phi3_deg"":359.1217944903909,""phi5_deg"":212.10026637524757,""phi7_deg"":145.6839746507475}",90,noise_free,0.5695094646855282,2400922190,1,False
DEV-PRO-HARMONICS-060,development,property_response,harmonics,"{""a3_pu"":0.09444091796875001,""a5_pu"":0.01412894375857339,""a7_pu"":0.0560512,""phi3_deg"":0.3212946986374725,""phi5_deg"":244.8275391025203,""phi7_deg"":173.3762823430552}",135,noise_free,0.6283329940972929,1124105904,1,False
DEV-PRO-FLICKER-001,development,property_response,flicker,"{""modulation_depth"":0.06763427734375001,""modulation_frequency_hz"":21.22847126962353}",0,noise_free,0.5285975982088337,2327502113,1,False
DEV-PRO-FLICKER-002,development,property_response,flicker,"{""modulation_depth"":0.04513427734375001,""modulation_frequency_hz"":7.617360158512421}",45,noise_free,0.5874211276205984,2694883281,1,False
DEV-PRO-FLICKER-003,development,property_response,flicker,"{""modulation_depth"":0.09013427734375,""modulation_frequency_hz"":15.784026825179089}",90,noise_free,0.6462446570323631,1303411708,1,False
DEV-PRO-FLICKER-004,development,property_response,flicker,"{""modulation_depth"":0.01700927734375,""modulation_frequency_hz"":23.950693491845755}",135,noise_free,0.7050681864441278,2623685244,1,False
DEV-PRO-FLICKER-005,development,property_response,flicker,"{""modulation_depth"":0.06200927734375001,""modulation_frequency_hz"":3.080323121475385}",0,noise_free,0.7638917158558924,4216038210,1,False
DEV-PRO-FLICKER-006,development,property_response,flicker,"{""modulation_depth"":0.03950927734375,""modulation_frequency_hz"":11.24698978814205}",45,noise_free,0.8227152452676572,1404587718,1,False
DEV-PRO-FLICKER-007,development,property_response,flicker,"{""modulation_depth"":0.08450927734375001,""modulation_frequency_hz"":19.413656454808716}",90,noise_free,0.8815387746794219,2293238672,1,False
DEV-PRO-FLICKER-008,development,property_response,flicker,"{""modulation_depth"":0.02825927734375,""modulation_frequency_hz"":5.802545343697607}",135,noise_free,0.9403623040911866,370693257,1,False
DEV-PRO-FLICKER-009,development,property_response,flicker,"{""modulation_depth"":0.07325927734375,""modulation_frequency_hz"":13.969212010364274}",0,noise_free,0.9991858335029513,284606872,1,False
DEV-PRO-FLICKER-010,development,property_response,flicker,"{""modulation_depth"":0.050759277343750006,""modulation_frequency_hz"":22.135878677030938}",45,noise_free,0.0028495827396702623,3068676295,1,False
DEV-PRO-FLICKER-011,development,property_response,flicker,"{""modulation_depth"":0.09575927734375,""modulation_frequency_hz"":8.524767565919829}",90,noise_free,0.061673112151434964,1802218729,1,False
DEV-PRO-FLICKER-012,development,property_response,flicker,"{""modulation_depth"":0.014196777343750001,""modulation_frequency_hz"":16.6914342325865}",135,noise_free,0.12049664156319967,3772963206,1,False
DEV-PRO-FLICKER-013,development,property_response,flicker,"{""modulation_depth"":0.05919677734375001,""modulation_frequency_hz"":24.858100899253163}",0,noise_free,0.17932017097496436,18693289,1,False
DEV-PRO-FLICKER-014,development,property_response,flicker,"{""modulation_depth"":0.03669677734375,""modulation_frequency_hz"":0.7613930803231215}",45,noise_free,0.23814370038672908,2765992517,1,False
DEV-PRO-FLICKER-015,development,property_response,flicker,"{""modulation_depth"":0.08169677734375,""modulation_frequency_hz"":8.928059746989788}",90,noise_free,0.2969672297984938,1683365579,1,False
DEV-PRO-FLICKER-016,development,property_response,flicker,"{""modulation_depth"":0.025446777343750004,""modulation_frequency_hz"":17.094726413656453}",135,noise_free,0.3557907592102585,3380592046,1,False
DEV-PRO-FLICKER-017,development,property_response,flicker,"{""modulation_depth"":0.07044677734375,""modulation_frequency_hz"":3.483615302545344}",0,noise_free,0.4146142886220232,3302541768,1,False
DEV-PRO-FLICKER-018,development,property_response,flicker,"{""modulation_depth"":0.047946777343750004,""modulation_frequency_hz"":11.65028196921201}",45,noise_free,0.4734378180337879,2798657477,1,False
DEV-PRO-FLICKER-019,development,property_response,flicker,"{""modulation_depth"":0.09294677734375001,""modulation_frequency_hz"":19.816948635878674}",90,noise_free,0.5322613474455526,2926625438,1,False
DEV-PRO-FLICKER-020,development,property_response,flicker,"{""modulation_depth"":0.01982177734375,""modulation_frequency_hz"":6.205837524767565}",135,noise_free,0.5910848768573174,3023995087,1,False
DEV-PRO-FLICKER-021,development,property_response,flicker,"{""modulation_depth"":0.06482177734375001,""modulation_frequency_hz"":14.372504191434233}",0,noise_free,0.6499084062690821,3296757078,1,False
DEV-PRO-FLICKER-022,development,property_response,flicker,"{""modulation_depth"":0.042321777343750006,""modulation_frequency_hz"":22.5391708581009}",45,noise_free,0.7087319356808467,2244079786,1,False
DEV-PRO-FLICKER-023,development,property_response,flicker,"{""modulation_depth"":0.08732177734375,""modulation_frequency_hz"":1.6688004877305287}",90,noise_free,0.7675554650926114,4025657141,1,False
DEV-PRO-FLICKER-024,development,property_response,flicker,"{""modulation_depth"":0.031071777343750002,""modulation_frequency_hz"":9.835467154397195}",135,noise_free,0.8263789945043761,2958011309,1,False
DEV-PRO-FLICKER-025,development,property_response,flicker,"{""modulation_depth"":0.07607177734375001,""modulation_frequency_hz"":18.002133821063865}",0,noise_free,0.8852025239161408,37864332,1,False
DEV-PRO-FLICKER-026,development,property_response,flicker,"{""modulation_depth"":0.05357177734375001,""modulation_frequency_hz"":4.39102270995275}",45,noise_free,0.9440260533279056,570158804,1,False
DEV-PRO-FLICKER-027,development,property_response,flicker,"{""modulation_depth"":0.09857177734375,""modulation_frequency_hz"":12.557689376619418}",90,noise_free,0.00630979035212701,157810167,1,False
DEV-PRO-FLICKER-028,development,property_response,flicker,"{""modulation_depth"":0.01279052734375,""modulation_frequency_hz"":20.724356043286082}",135,noise_free,0.06513331976389171,181178172,1,False
DEV-PRO-FLICKER-029,development,property_response,flicker,"{""modulation_depth"":0.05779052734375001,""modulation_frequency_hz"":7.113244932174974}",0,noise_free,0.12395684917565641,2436603223,1,False
DEV-PRO-FLICKER-030,development,property_response,flicker,"{""modulation_depth"":0.03529052734375,""modulation_frequency_hz"":15.27991159884164}",45,noise_free,0.1827803785874211,2537507798,1,False
DEV-PRO-FLICKER-031,development,property_response,flicker,"{""modulation_depth"":0.08029052734375,""modulation_frequency_hz"":23.446578265508304}",90,noise_free,0.24160390799918582,1742382060,1,False
DEV-PRO-FLICKER-032,development,property_response,flicker,"{""modulation_depth"":0.02404052734375,""modulation_frequency_hz"":2.5762078951379364}",135,noise_free,0.30042743741095057,2835008434,1,False
DEV-PRO-FLICKER-033,development,property_response,flicker,"{""modulation_depth"":0.06904052734375,""modulation_frequency_hz"":10.742874561804603}",0,noise_free,0.35925096682271523,1317848304,1,False
DEV-PRO-FLICKER-034,development,property_response,flicker,"{""modulation_depth"":0.046540527343750006,""modulation_frequency_hz"":18.90954122847127}",45,noise_free,0.41807449623447995,3112932216,1,False
DEV-PRO-FLICKER-035,development,property_response,flicker,"{""modulation_depth"":0.09154052734375001,""modulation_frequency_hz"":5.298430117360158}",90,noise_free,0.47689802564624467,3503089192,1,False
DEV-PRO-FLICKER-036,development,property_response,flicker,"{""modulation_depth"":0.01841552734375,""modulation_frequency_hz"":13.465096784026825}",135,noise_free,0.5357215550580094,34479177,1,False
DEV-PRO-FLICKER-037,development,property_response,flicker,"{""modulation_depth"":0.06341552734375,""modulation_frequency_hz"":21.63176345069349}",0,noise_free,0.5945450844697742,3068693630,1,False
DEV-PRO-FLICKER-038,development,property_response,flicker,"{""modulation_depth"":0.04091552734375,""modulation_frequency_hz"":8.02065233958238}",45,noise_free,0.6533686138815389,2498753060,1,False
DEV-PRO-FLICKER-039,development,property_response,flicker,"{""modulation_depth"":0.08591552734375,""modulation_frequency_hz"":16.187319006249048}",90,noise_free,0.7121921432933035,2691537149,1,False
DEV-PRO-FLICKER-040,development,property_response,flicker,"{""modulation_depth"":0.029665527343750005,""modulation_frequency_hz"":24.353985672915712}",135,noise_free,0.7710156727050682,2595639619,1,False
DEV-PRO-FLICKER-041,development,property_response,flicker,"{""modulation_depth"":0.07466552734375,""modulation_frequency_hz"":1.0638622161255906}",0,noise_free,0.8298392021168329,1343713439,1,False
DEV-PRO-FLICKER-042,development,property_response,flicker,"{""modulation_depth"":0.052165527343750004,""modulation_frequency_hz"":9.230528882792257}",45,noise_free,0.8886627315285976,2325792160,1,False
DEV-PRO-FLICKER-043,development,property_response,flicker,"{""modulation_depth"":0.09716552734375,""modulation_frequency_hz"":17.39719554945892}",90,noise_free,0.9474862609403624,560717011,1,False
DEV-PRO-FLICKER-044,development,property_response,flicker,"{""modulation_depth"":0.015603027343750001,""modulation_frequency_hz"":3.786084438347812}",135,noise_free,0.009769997964583757,4095720530,1,False
DEV-PRO-FLICKER-045,development,property_response,flicker,"{""modulation_depth"":0.060603027343750004,""modulation_frequency_hz"":11.95275110501448}",0,noise_free,0.06859352737634845,2090540948,1,False
DEV-PRO-FLICKER-046,development,property_response,flicker,"{""modulation_depth"":0.038103027343750005,""modulation_frequency_hz"":20.119417771681146}",45,noise_free,0.12741705678811316,1754291594,1,False
DEV-PRO-FLICKER-047,development,property_response,flicker,"{""modulation_depth"":0.08310302734375,""modulation_frequency_hz"":6.508306660570034}",90,noise_free,0.18624058619987785,1857715033,1,False
DEV-PRO-FLICKER-048,development,property_response,flicker,"{""modulation_depth"":0.026853027343750002,""modulation_frequency_hz"":14.674973327236703}",135,noise_free,0.24506411561164257,268755492,1,False
DEV-PRO-FLICKER-049,development,property_response,flicker,"{""modulation_depth"":0.07185302734375,""modulation_frequency_hz"":22.841639993903367}",0,noise_free,0.3038876450234073,2157180136,1,False
DEV-PRO-FLICKER-050,development,property_response,flicker,"{""modulation_depth"":0.04935302734375001,""modulation_frequency_hz"":1.9712696235329978}",45,noise_free,0.362711174435172,3472761032,1,False
DEV-PRO-FLICKER-051,development,property_response,flicker,"{""modulation_depth"":0.09435302734375,""modulation_frequency_hz"":10.137936290199665}",90,noise_free,0.4215347038469367,3920977110,1,False
DEV-PRO-FLICKER-052,development,property_response,flicker,"{""modulation_depth"":0.02122802734375,""modulation_frequency_hz"":18.304602956866333}",135,noise_free,0.4803582332587014,966691075,1,False
DEV-PRO-FLICKER-053,development,property_response,flicker,"{""modulation_depth"":0.06622802734375001,""modulation_frequency_hz"":4.6934918457552195}",0,noise_free,0.5391817626704661,3217589495,1,False
DEV-PRO-FLICKER-054,development,property_response,flicker,"{""modulation_depth"":0.04372802734375,""modulation_frequency_hz"":12.860158512421886}",45,noise_free,0.5980052920822309,58307218,1,False
DEV-PRO-FLICKER-055,development,property_response,flicker,"{""modulation_depth"":0.08872802734375,""modulation_frequency_hz"":21.02682517908855}",90,noise_free,0.6568288214939956,1213428605,1,False
DEV-PRO-FLICKER-056,development,property_response,flicker,"{""modulation_depth"":0.03247802734375,""modulation_frequency_hz"":7.415714067977443}",135,noise_free,0.7156523509057602,3183317402,1,False
DEV-PRO-FLICKER-057,development,property_response,flicker,"{""modulation_depth"":0.07747802734375,""modulation_frequency_hz"":15.58238073464411}",0,noise_free,0.7744758803175249,776346304,1,False
DEV-PRO-FLICKER-058,development,property_response,flicker,"{""modulation_depth"":0.054978027343750006,""modulation_frequency_hz"":23.749047401310776}",45,noise_free,0.8332994097292896,2885944039,1,False
DEV-PRO-FLICKER-059,development,property_response,flicker,"{""modulation_depth"":0.09997802734375001,""modulation_frequency_hz"":2.8786770309404055}",90,noise_free,0.8921229391410543,941702554,1,False
DEV-PRO-FLICKER-060,development,property_response,flicker,"{""modulation_depth"":0.010010986328125,""modulation_frequency_hz"":11.045343697607072}",135,noise_free,0.9509464685528191,1770113462,1,False
DEV-PRO-NOTCHING-001,development,property_response,notching,"{""depth_pu"":0.271533203125,""width_ms"":0.37681755829903985}",0,noise_free,0.8477628380886244,3388513954,1,False
DEV-PRO-NOTCHING-002,development,property_response,notching,"{""depth_pu"":0.471533203125,""width_ms"":0.6768175582990398}",45,noise_free,0.9065863675003891,2055334458,1,False
DEV-PRO-NOTCHING-003,development,property_response,notching,"{""depth_pu"":0.146533203125,""width_ms"":0.9768175582990397}",90,noise_free,0.9654098969121538,675228996,1,False
DEV-PRO-NOTCHING-004,development,property_response,notching,"{""depth_pu"":0.346533203125,""width_ms"":0.12126200274348423}",135,noise_free,0.027693633936375285,3000559279,1,False
DEV-PRO-NOTCHING-005,development,property_response,notching,"{""depth_pu"":0.24653320312500002,""width_ms"":0.42126200274348424}",0,noise_free,0.08651716334813998,3705302793,1,False
DEV-PRO-NOTCHING-006,development,property_response,notching,"{""depth_pu"":0.446533203125,""width_ms"":0.7212620027434841}",45,noise_free,0.1453406927599047,2375304222,1,False
DEV-PRO-NOTCHING-007,development,property_response,notching,"{""depth_pu"":0.196533203125,""width_ms"":0.22126200274348423}",90,noise_free,0.20416422217166938,2640721333,1,False
DEV-PRO-NOTCHING-008,development,property_response,notching,"{""depth_pu"":0.39653320312500007,""width_ms"":0.5212620027434842}",135,noise_free,0.26298775158343407,1936167995,1,False
DEV-PRO-NOTCHING-009,development,property_response,notching,"{""depth_pu"":0.296533203125,""width_ms"":0.8212620027434842}",0,noise_free,0.3218112809951988,2455559852,1,False
DEV-PRO-NOTCHING-010,development,property_response,notching,"{""depth_pu"":0.49653320312500004,""width_ms"":0.3212620027434842}",45,noise_free,0.38063481040696345,3713930242,1,False
DEV-PRO-NOTCHING-011,development,property_response,notching,"{""depth_pu"":0.105908203125,""width_ms"":0.6212620027434843}",90,noise_free,0.43945833981872817,1744773948,1,False
DEV-PRO-NOTCHING-012,development,property_response,notching,"{""depth_pu"":0.305908203125,""width_ms"":0.9212620027434842}",135,noise_free,0.4982818692304929,3852761589,1,False
DEV-PRO-NOTCHING-013,development,property_response,notching,"{""depth_pu"":0.20590820312500002,""width_ms"":0.15459533607681755}",0,noise_free,0.5571053986422576,2108024446,1,False
DEV-PRO-NOTCHING-014,development,property_response,notching,"{""depth_pu"":0.405908203125,""width_ms"":0.45459533607681757}",45,noise_free,0.6159289280540223,4173598521,1,False
DEV-PRO-NOTCHING-015,development,property_response,notching,"{""depth_pu"":0.155908203125,""width_ms"":0.7545953360768176}",90,noise_free,0.674752457465787,1130806821,1,False
DEV-PRO-NOTCHING-016,development,property_response,notching,"{""depth_pu"":0.35590820312500004,""width_ms"":0.25459533607681756}",135,noise_free,0.7335759868775517,3101762566,1,False
DEV-PRO-NOTCHING-017,development,property_response,notching,"{""depth_pu"":0.255908203125,""width_ms"":0.5545953360768175}",0,noise_free,0.7923995162893164,2975622462,1,False
DEV-PRO-NOTCHING-018,development,property_response,notching,"{""depth_pu"":0.455908203125,""width_ms"":0.8545953360768175}",45,noise_free,0.8512230457010811,2705030677,1,False
DEV-PRO-NOTCHING-019,development,property_response,notching,"{""depth_pu"":0.130908203125,""width_ms"":0.3545953360768176}",90,noise_free,0.9100465751128458,3305273054,1,False
DEV-PRO-NOTCHING-020,development,property_response,notching,"{""depth_pu"":0.330908203125,""width_ms"":0.6545953360768175}",135,noise_free,0.9688701045246105,2908796738,1,False
DEV-PRO-NOTCHING-021,development,property_response,notching,"{""depth_pu"":0.23090820312500002,""width_ms"":0.9545953360768175}",0,noise_free,0.031153841548832033,191409241,1,False
DEV-PRO-NOTCHING-022,development,property_response,notching,"{""depth_pu"":0.430908203125,""width_ms"":0.1879286694101509}",45,noise_free,0.08997737096059674,1179105562,1,False
DEV-PRO-NOTCHING-023,development,property_response,notching,"{""depth_pu"":0.180908203125,""width_ms"":0.4879286694101509}",90,noise_free,0.14880090037236143,1528955846,1,False
DEV-PRO-NOTCHING-024,development,property_response,notching,"{""depth_pu"":0.38090820312500007,""width_ms"":0.7879286694101508}",135,noise_free,0.20762442978412612,4223578679,1,False
DEV-PRO-NOTCHING-025,development,property_response,notching,"{""depth_pu"":0.280908203125,""width_ms"":0.2879286694101509}",0,noise_free,0.2664479591958908,3619605366,1,False
DEV-PRO-NOTCHING-026,development,property_response,notching,"{""depth_pu"":0.48090820312500004,""width_ms"":0.5879286694101508}",45,noise_free,0.32527148860765553,2859294152,1,False
DEV-PRO-NOTCHING-027,development,property_response,notching,"{""depth_pu"":0.118408203125,""width_ms"":0.8879286694101507}",90,noise_free,0.3840950180194202,3922575109,1,False
DEV-PRO-NOTCHING-028,development,property_response,notching,"{""depth_pu"":0.318408203125,""width_ms"":0.3879286694101509}",135,noise_free,0.4429185474311849,2004757782,1,False
DEV-PRO-NOTCHING-029,development,property_response,notching,"{""depth_pu"":0.218408203125,""width_ms"":0.6879286694101509}",0,noise_free,0.5017420768429497,634359059,1,False
DEV-PRO-NOTCHING-030,development,property_response,notching,"{""depth_pu"":0.41840820312500004,""width_ms"":0.9879286694101508}",45,noise_free,0.5605656062547144,3188088574,1,False
DEV-PRO-NOTCHING-031,development,property_response,notching,"{""depth_pu"":0.168408203125,""width_ms"":0.13237311385459533}",90,noise_free,0.6193891356664791,1420525098,1,False
DEV-PRO-NOTCHING-032,development,property_response,notching,"{""depth_pu"":0.368408203125,""width_ms"":0.4323731138545953}",135,noise_free,0.6782126650782438,44761095,1,False
DEV-PRO-NOTCHING-033,development,property_response,notching,"{""depth_pu"":0.268408203125,""width_ms"":0.7323731138545952}",0,noise_free,0.7370361944900085,150167032,1,False
DEV-PRO-NOTCHING-034,development,property_response,notching,"{""depth_pu"":0.468408203125,""width_ms"":0.23237311385459533}",45,noise_free,0.7958597239017732,3465962511,1,False
DEV-PRO-NOTCHING-035,development,property_response,notching,"{""depth_pu"":0.14340820312500002,""width_ms"":0.5323731138545953}",90,noise_free,0.8546832533135379,1664246795,1,False
DEV-PRO-NOTCHING-036,development,property_response,notching,"{""depth_pu"":0.343408203125,""width_ms"":0.8323731138545952}",135,noise_free,0.9135067827253026,454940409,1,False
DEV-PRO-NOTCHING-037,development,property_response,notching,"{""depth_pu"":0.243408203125,""width_ms"":0.33237311385459534}",0,noise_free,0.9723303121370673,4121720791,1,False
DEV-PRO-NOTCHING-038,development,property_response,notching,"{""depth_pu"":0.44340820312500007,""width_ms"":0.6323731138545953}",45,noise_free,0.03461404916128878,3115530329,1,False
DEV-PRO-NOTCHING-039,development,property_response,notching,"{""depth_pu"":0.193408203125,""width_ms"":0.9323731138545952}",90,noise_free,0.09343757857305349,1597692796,1,False
DEV-PRO-NOTCHING-040,development,property_response,notching,"{""depth_pu"":0.393408203125,""width_ms"":0.16570644718792868}",135,noise_free,0.15226110798481818,641511793,1,False
DEV-PRO-NOTCHING-041,development,property_response,notching,"{""depth_pu"":0.29340820312500004,""width_ms"":0.46570644718792864}",0,noise_free,0.21108463739658287,648363046,1,False
DEV-PRO-NOTCHING-042,development,property_response,notching,"{""depth_pu"":0.493408203125,""width_ms"":0.7657064471879287}",45,noise_free,0.2699081668083476,681309870,1,False
DEV-PRO-NOTCHING-043,development,property_response,notching,"{""depth_pu"":0.11215820312500001,""width_ms"":0.2657064471879287}",90,noise_free,0.32873169622011233,2835978070,1,False
DEV-PRO-NOTCHING-044,development,property_response,notching,"{""depth_pu"":0.312158203125,""width_ms"":0.5657064471879287}",135,noise_free,0.38755522563187694,194627654,1,False
DEV-PRO-NOTCHING-045,development,property_response,notching,"{""depth_pu"":0.212158203125,""width_ms"":0.8657064471879284}",0,noise_free,0.44637875504364166,2195796920,1,False
DEV-PRO-NOTCHING-046,development,property_response,notching,"{""depth_pu"":0.41215820312500007,""width_ms"":0.36570644718792866}",45,noise_free,0.5052022844554064,4238993190,1,False
DEV-PRO-NOTCHING-047,development,property_response,notching,"{""depth_pu"":0.162158203125,""width_ms"":0.6657064471879286}",90,noise_free,0.5640258138671711,3722104811,1,False
DEV-PRO-NOTCHING-048,development,property_response,notching,"{""depth_pu"":0.362158203125,""width_ms"":0.9657064471879285}",135,noise_free,0.6228493432789358,1117226102,1,False
DEV-PRO-NOTCHING-049,development,property_response,notching,"{""depth_pu"":0.26215820312500004,""width_ms"":0.199039780521262}",0,noise_free,0.6816728726907005,494930080,1,False
DEV-PRO-NOTCHING-050,development,property_response,notching,"{""depth_pu"":0.462158203125,""width_ms"":0.49903978052126197}",45,noise_free,0.7404964021024651,4091026110,1,False
DEV-PRO-NOTCHING-051,development,property_response,notching,"{""depth_pu"":0.13715820312500002,""width_ms"":0.7990397805212619}",90,noise_free,0.7993199315142299,538330185,1,False
DEV-PRO-NOTCHING-052,development,property_response,notching,"{""depth_pu"":0.337158203125,""width_ms"":0.299039780521262}",135,noise_free,0.8581434609259946,4049203380,1,False
DEV-PRO-NOTCHING-053,development,property_response,notching,"{""depth_pu"":0.23715820312500002,""width_ms"":0.5990397805212619}",0,noise_free,0.9169669903377593,2967839219,1,False
DEV-PRO-NOTCHING-054,development,property_response,notching,"{""depth_pu"":0.437158203125,""width_ms"":0.8990397805212619}",45,noise_free,0.975790519749524,4202068322,1,False
DEV-PRO-NOTCHING-055,development,property_response,notching,"{""depth_pu"":0.187158203125,""width_ms"":0.399039780521262}",90,noise_free,0.03807425677374553,1171032459,1,False
DEV-PRO-NOTCHING-056,development,property_response,notching,"{""depth_pu"":0.38715820312500004,""width_ms"":0.699039780521262}",135,noise_free,0.09689778618551023,127565061,1,False
DEV-PRO-NOTCHING-057,development,property_response,notching,"{""depth_pu"":0.287158203125,""width_ms"":0.999039780521262}",0,noise_free,0.15572131559727492,4084202772,1,False
DEV-PRO-NOTCHING-058,development,property_response,notching,"{""depth_pu"":0.487158203125,""width_ms"":0.10068587105624144}",45,noise_free,0.21454484500903961,3772031867,1,False
DEV-PRO-NOTCHING-059,development,property_response,notching,"{""depth_pu"":0.124658203125,""width_ms"":0.4006858710562414}",90,noise_free,0.2733683744208043,2977095400,1,False
DEV-PRO-NOTCHING-060,development,property_response,notching,"{""depth_pu"":0.32465820312500004,""width_ms"":0.7006858710562414}",135,noise_free,0.332191903832569,2313258119,1,False
DEV-PRO-OSCILLATORY-TRANSIENT-001,development,property_response,oscillatory_transient,"{""amplitude_pu"":0.72864990234375,""frequency_hz"":1892.1810699588477,""support_ms"":2.7985958231689176,""time_constant_ms"":1.090368}",0,noise_free,0.23245650794410985,11540708,1,False
DEV-PRO-OSCILLATORY-TRANSIENT-002,development,property_response,oscillatory_transient,"{""amplitude_pu"":0.15989990234375,""frequency_hz"":2792.1810699588477,""support_ms"":5.512881537454631,""time_constant_ms"":2.9903680000000006}",45,noise_free,0.29128003735587454,4251253456,1,False
DEV-PRO-OSCILLATORY-TRANSIENT-003,development,property_response,oscillatory_transient,"{""amplitude_pu"":0.50989990234375,""frequency_hz"":492.18106995884773,""support_ms"":8.227167251740344,""time_constant_ms"":4.8903680000000005}",90,noise_free,0.35010356676763926,1011353034,1,False
DEV-PRO-OSCILLATORY-TRANSIENT-004,development,property_response,oscillatory_transient,"{""amplitude_pu"":0.33489990234375,""frequency_hz"":1392.1810699588477,""support_ms"":10.94145296602606,""time_constant_ms"":6.790368000000001}",135,noise_free,0.4089270961794039,3817626528,1,False
DEV-PRO-OSCILLATORY-TRANSIENT-005,development,property_response,oscillatory_transient,"{""amplitude_pu"":0.6848999023437501,""frequency_hz"":2292.1810699588477,""support_ms"":13.655738680311773,""time_constant_ms"":8.690368}",0,noise_free,0.46775062559116865,1489253676,1,False
DEV-PRO-OSCILLATORY-TRANSIENT-006,development,property_response,oscillatory_transient,"{""amplitude_pu"":0.24739990234375003,""frequency_hz"":792.1810699588477,""support_ms"":16.370024394597486,""time_constant_ms"":1.4703680000000001}",45,noise_free,0.5265741550029334,971409299,1,False
DEV-PRO-OSCILLATORY-TRANSIENT-007,development,property_response,oscillatory_transient,"{""amplitude_pu"":0.5973999023437501,""frequency_hz"":1692.1810699588477,""support_ms"":19.0843101088832,""time_constant_ms"":3.370368000000001}",90,noise_free,0.5853976844146981,3949287996,1,False
DEV-PRO-OSCILLATORY-TRANSIENT-008,development,property_response,oscillatory_transient,"{""amplitude_pu"":0.42239990234375,""frequency_hz"":2592.1810699588473,""support_ms"":3.1863509252097337,""time_constant_ms"":5.2703679999999995}",135,noise_free,0.6442212138264628,336611364,1,False
DEV-PRO-OSCILLATORY-TRANSIENT-009,development,property_response,oscillatory_transient,"{""amplitude_pu"":0.77239990234375,""frequency_hz"":1092.1810699588477,""support_ms"":5.900636639495447,""time_constant_ms"":7.170368}",0,noise_free,0.7030447432382275,1912033084,1,False
DEV-PRO-OSCILLATORY-TRANSIENT-010,development,property_response,oscillatory_transient,"{""amplitude_pu"":0.13802490234375,""frequency_hz"":1992.1810699588475,""support_ms"":8.61492235378116,""time_constant_ms"":9.070368}",45,noise_free,0.7618682726499921,1987794166,1,False
DEV-PRO-OSCILLATORY-TRANSIENT-011,development,property_response,oscillatory_transient,"{""amplitude_pu"":0.48802490234375007,""frequency_hz"":2892.1810699588473,""support_ms"":11.329208068066874,""time_constant_ms"":1.8503680000000002}",90,noise_free,0.8206918020617568,2033302352,1,False
DEV-PRO-OSCILLATORY-TRANSIENT-012,development,property_response,oscillatory_transient,"{""amplitude_pu"":0.31302490234375,""frequency_hz"":592.1810699588477,""support_ms"":14.04349378235259,""time_constant_ms"":3.7503680000000004}",135,noise_free,0.8795153314735216,2069602125,1,False
DEV-PRO-OSCILLATORY-TRANSIENT-013,development,property_response,oscillatory_transient,"{""amplitude_pu"":0.66302490234375,""frequency_hz"":1492.1810699588477,""support_ms"":16.757779496638303,""time_constant_ms"":5.650367999999999}",0,noise_free,0.9383388608852863,3269091496,1,False
DEV-PRO-OSCILLATORY-TRANSIENT-014,development,property_response,oscillatory_transient,"{""amplitude_pu"":0.22552490234375003,""frequency_hz"":2392.1810699588477,""support_ms"":19.47206521092402,""time_constant_ms"":7.550368000000001}",45,noise_free,0.997162390297051,547842677,1,False
DEV-PRO-OSCILLATORY-TRANSIENT-015,development,property_response,oscillatory_transient,"{""amplitude_pu"":0.5755249023437501,""frequency_hz"":892.1810699588476,""support_ms"":3.5741060272505503,""time_constant_ms"":9.450368}",90,noise_free,0.00082613953376995,3914583884,1,False
DEV-PRO-OSCILLATORY-TRANSIENT-016,development,property_response,oscillatory_transient,"{""amplitude_pu"":0.40052490234375004,""frequency_hz"":1792.1810699588477,""support_ms"":6.288391741536263,""time_constant_ms"":2.230368}",135,noise_free,0.059649668945534653,1879340818,1,False
DEV-PRO-OSCILLATORY-TRANSIENT-017,development,property_response,oscillatory_transient,"{""amplitude_pu"":0.75052490234375,""frequency_hz"":2692.1810699588473,""support_ms"":9.002677455821978,""time_constant_ms"":4.130368000000001}",0,noise_free,0.11847319835729936,731476291,1,False
DEV-PRO-OSCILLATORY-TRANSIENT-018,development,property_response,oscillatory_transient,"{""amplitude_pu"":0.18177490234375002,""frequency_hz"":1192.1810699588477,""support_ms"":11.716963170107691,""time_constant_ms"":6.030368}",45,noise_free,0.17729672776906405,673344917,1,False
DEV-PRO-OSCILLATORY-TRANSIENT-019,development,property_response,oscillatory_transient,"{""amplitude_pu"":0.53177490234375,""frequency_hz"":2092.1810699588477,""support_ms"":14.431248884393407,""time_constant_ms"":7.9303680000000005}",90,noise_free,0.23612025718082877,2578713238,1,False
DEV-PRO-OSCILLATORY-TRANSIENT-020,development,property_response,oscillatory_transient,"{""amplitude_pu"":0.35677490234375,""frequency_hz"":2992.1810699588477,""support_ms"":17.14553459867912,""time_constant_ms"":9.830368}",135,noise_free,0.29494378659259346,1826634783,1,False
DEV-PRO-OSCILLATORY-TRANSIENT-021,development,property_response,oscillatory_transient,"{""amplitude_pu"":0.7067749023437501,""frequency_hz"":306.99588477366257,""support_ms"":19.859820312964835,""time_constant_ms"":0.786368}",0,noise_free,0.3537673160043581,3891039705,1,False
DEV-PRO-OSCILLATORY-TRANSIENT-022,development,property_response,oscillatory_transient,"{""amplitude_pu"":0.26927490234375,""frequency_hz"":1206.9958847736625,""support_ms"":1.3029690010114834,""time_constant_ms"":2.6863680000000003}",45,noise_free,0.41259084541612284,3968917183,1,False
DEV-PRO-OSCILLATORY-TRANSIENT-023,development,property_response,oscillatory_transient,"{""amplitude_pu"":0.61927490234375,""frequency_hz"":2106.9958847736625,""support_ms"":4.017254715297197,""time_constant_ms"":4.586368000000001}",90,noise_free,0.47141437482788756,3221358347,1,False
DEV-PRO-OSCILLATORY-TRANSIENT-024,development,property_response,oscillatory_transient,"{""amplitude_pu"":0.44427490234375,""frequency_hz"":606.9958847736625,""support_ms"":6.73154042958291,""time_constant_ms"":6.486368000000001}",135,noise_free,0.5302379042396523,350706383,1,False
DEV-PRO-OSCILLATORY-TRANSIENT-025,development,property_response,oscillatory_transient,"{""amplitude_pu"":0.7942749023437501,""frequency_hz"":1506.9958847736625,""support_ms"":9.445826143868624,""time_constant_ms"":8.386368000000001}",0,noise_free,0.589061433651417,3764366165,1,False
DEV-PRO-OSCILLATORY-TRANSIENT-026,development,property_response,oscillatory_transient,"{""amplitude_pu"":0.11068115234375,""frequency_hz"":2406.995884773662,""support_ms"":12.160111858154341,""time_constant_ms"":1.1663679999999998}",45,noise_free,0.6478849630631818,3489899507,1,False
DEV-PRO-OSCILLATORY-TRANSIENT-027,development,property_response,oscillatory_transient,"{""amplitude_pu"":0.46068115234375007,""frequency_hz"":906.9958847736625,""support_ms"":14.874397572440055,""time_constant_ms"":3.0663680000000006}",90,noise_free,0.7067084924749464,126741195,1,False
DEV-PRO-OSCILLATORY-TRANSIENT-028,development,property_response,oscillatory_transient,"{""amplitude_pu"":0.28568115234375,""frequency_hz"":1806.9958847736625,""support_ms"":17.588683286725768,""time_constant_ms"":4.966368000000001}",135,noise_free,0.7655320218867111,3743623638,1,False
DEV-PRO-OSCILLATORY-TRANSIENT-029,development,property_response,oscillatory_transient,"{""amplitude_pu"":0.63568115234375,""frequency_hz"":2706.9958847736625,""support_ms"":1.6907241030522997,""time_constant_ms"":6.8663680000000005}",0,noise_free,0.8243555512984758,754594655,1,False
DEV-PRO-OSCILLATORY-TRANSIENT-030,development,property_response,oscillatory_transient,"{""amplitude_pu"":0.19818115234375,""frequency_hz"":406.9958847736625,""support_ms"":4.405009817338014,""time_constant_ms"":8.766368}",45,noise_free,0.8831790807102405,579546674,1,False
DEV-PRO-OSCILLATORY-TRANSIENT-031,development,property_response,oscillatory_transient,"{""amplitude_pu"":0.5481811523437501,""frequency_hz"":1306.9958847736625,""support_ms"":7.119295531623727,""time_constant_ms"":1.546368}",90,noise_free,0.9420026101220053,42335153,1,False
DEV-PRO-OSCILLATORY-TRANSIENT-032,development,property_response,oscillatory_transient,"{""amplitude_pu"":0.37318115234375004,""frequency_hz"":2206.9958847736625,""support_ms"":9.833581245909441,""time_constant_ms"":3.446368000000001}",135,noise_free,0.004286347146226697,1348673226,1,False
DEV-PRO-OSCILLATORY-TRANSIENT-033,development,property_response,oscillatory_transient,"{""amplitude_pu"":0.72318115234375,""frequency_hz"":706.9958847736625,""support_ms"":12.547866960195158,""time_constant_ms"":5.346367999999999}",0,noise_free,0.0631098765579914,3657584745,1,False
DEV-PRO-OSCILLATORY-TRANSIENT-034,development,property_response,oscillatory_transient,"{""amplitude_pu"":0.15443115234375002,""frequency_hz"":1606.9958847736625,""support_ms"":15.262152674480872,""time_constant_ms"":7.246368}",45,noise_free,0.1219334059697561,1027572290,1,False
DEV-PRO-OSCILLATORY-TRANSIENT-035,development,property_response,oscillatory_transient,"{""amplitude_pu"":0.50443115234375,""frequency_hz"":2506.995884773662,""support_ms"":17.976438388766585,""time_constant_ms"":9.146367999999999}",90,noise_free,0.1807569353815208,3874197811,1,False
DEV-PRO-OSCILLATORY-TRANSIENT-036,development,property_response,oscillatory_transient,"{""amplitude_pu"":0.32943115234375003,""frequency_hz"":1006.9958847736625,""support_ms"":2.078479205093116,""time_constant_ms"":1.926368}",135,noise_free,0.2395804647932855,3383096140,1,False
DEV-PRO-OSCILLATORY-TRANSIENT-037,development,property_response,oscillatory_transient,"{""amplitude_pu"":0.6794311523437501,""frequency_hz"":1906.9958847736625,""support_ms"":4.792764919378829,""time_constant_ms"":3.8263680000000004}",0,noise_free,0.2984039942050502,2818608796,1,False
DEV-PRO-OSCILLATORY-TRANSIENT-038,development,property_response,oscillatory_transient,"{""amplitude_pu"":0.24193115234375,""frequency_hz"":2806.995884773662,""support_ms"":7.5070506336645435,""time_constant_ms"":5.726368}",45,noise_free,0.35722752361681487,1833729541,1,False
DEV-PRO-OSCILLATORY-TRANSIENT-039,development,property_response,oscillatory_transient,"{""amplitude_pu"":0.59193115234375,""frequency_hz"":506.99588477366257,""support_ms"":10.221336347950258,""time_constant_ms"":7.626368}",90,noise_free,0.4160510530285796,3112099744,1,False
DEV-PRO-OSCILLATORY-TRANSIENT-040,development,property_response,oscillatory_transient,"{""amplitude_pu"":0.41693115234375,""frequency_hz"":1406.9958847736625,""support_ms"":12.935622062235975,""time_constant_ms"":9.526368}",135,noise_free,0.4748745824403443,2280435249,1,False
DEV-PRO-OSCILLATORY-TRANSIENT-041,development,property_response,oscillatory_transient,"{""amplitude_pu"":0.7669311523437501,""frequency_hz"":2306.9958847736625,""support_ms"":15.649907776521687,""time_constant_ms"":2.306368}",0,noise_free,0.5336981118521091,2699878622,1,False
DEV-PRO-OSCILLATORY-TRANSIENT-042,development,property_response,oscillatory_transient,"{""amplitude_pu"":0.13255615234375,""frequency_hz"":806.9958847736625,""support_ms"":18.364193490807402,""time_constant_ms"":4.206368}",45,noise_free,0.5925216412638739,1408025045,1,False
DEV-PRO-OSCILLATORY-TRANSIENT-043,development,property_response,oscillatory_transient,"{""amplitude_pu"":0.48255615234375004,""frequency_hz"":1706.9958847736625,""support_ms"":2.4662343071339325,""time_constant_ms"":6.106368}",90,noise_free,0.6513451706756386,882322701,1,False
DEV-PRO-OSCILLATORY-TRANSIENT-044,development,property_response,oscillatory_transient,"{""amplitude_pu"":0.30755615234375,""frequency_hz"":2606.995884773662,""support_ms"":5.180520021419646,""time_constant_ms"":8.006368000000002}",135,noise_free,0.7101687000874032,4154428142,1,False
DEV-PRO-OSCILLATORY-TRANSIENT-045,development,property_response,oscillatory_transient,"{""amplitude_pu"":0.65755615234375,""frequency_hz"":1106.9958847736625,""support_ms"":7.89480573570536,""time_constant_ms"":9.906368}",0,noise_free,0.7689922294991679,1293515026,1,False
DEV-PRO-OSCILLATORY-TRANSIENT-046,development,property_response,oscillatory_transient,"{""amplitude_pu"":0.22005615234375003,""frequency_hz"":2006.9958847736625,""support_ms"":10.609091449991077,""time_constant_ms"":0.862368}",45,noise_free,0.8278157589109326,2155158832,1,False
DEV-PRO-OSCILLATORY-TRANSIENT-047,development,property_response,oscillatory_transient,"{""amplitude_pu"":0.5700561523437501,""frequency_hz"":2906.9958847736625,""support_ms"":13.323377164276788,""time_constant_ms"":2.7623680000000004}",90,noise_free,0.8866392883226973,4245928418,1,False
DEV-PRO-OSCILLATORY-TRANSIENT-048,development,property_response,oscillatory_transient,"{""amplitude_pu"":0.39505615234375,""frequency_hz"":340.3292181069959,""support_ms"":16.0376628785625,""time_constant_ms"":4.662368000000001}",135,noise_free,0.9454628177344621,3516140870,1,False
DEV-PRO-OSCILLATORY-TRANSIENT-049,development,property_response,oscillatory_transient,"{""amplitude_pu"":0.74505615234375,""frequency_hz"":1240.3292181069958,""support_ms"":18.75194859284822,""time_constant_ms"":6.562368}",0,noise_free,0.007746554758683445,172670667,1,False
DEV-PRO-OSCILLATORY-TRANSIENT-050,development,property_response,oscillatory_transient,"{""amplitude_pu"":0.17630615234375002,""frequency_hz"":2140.3292181069955,""support_ms"":2.8539894091747486,""time_constant_ms"":8.462368}",45,noise_free,0.06657008417044814,3470153902,1,False
DEV-PRO-OSCILLATORY-TRANSIENT-051,development,property_response,oscillatory_transient,"{""amplitude_pu"":0.52630615234375,""frequency_hz"":640.3292181069959,""support_ms"":5.568275123460462,""time_constant_ms"":1.242368}",90,noise_free,0.12539361358221285,2939032719,1,False
DEV-PRO-OSCILLATORY-TRANSIENT-052,development,property_response,oscillatory_transient,"{""amplitude_pu"":0.35130615234375007,""frequency_hz"":1540.3292181069958,""support_ms"":8.282560837746175,""time_constant_ms"":3.1423680000000007}",135,noise_free,0.18421714299397754,112423427,1,False
DEV-PRO-OSCILLATORY-TRANSIENT-053,development,property_response,oscillatory_transient,"{""amplitude_pu"":0.70130615234375,""frequency_hz"":2440.3292181069955,""support_ms"":10.996846552031894,""time_constant_ms"":5.042368}",0,noise_free,0.24304067240574226,1720986708,1,False
DEV-PRO-OSCILLATORY-TRANSIENT-054,development,property_response,oscillatory_transient,"{""amplitude_pu"":0.26380615234375004,""frequency_hz"":940.3292181069959,""support_ms"":13.711132266317605,""time_constant_ms"":6.942368000000001}",45,noise_free,0.30186420181750695,1262845585,1,False
DEV-PRO-OSCILLATORY-TRANSIENT-055,development,property_response,oscillatory_transient,"{""amplitude_pu"":0.61380615234375,""frequency_hz"":1840.329218106996,""support_ms"":16.42541798060332,""time_constant_ms"":8.842368}",90,noise_free,0.3606877312292716,759747135,1,False
DEV-PRO-OSCILLATORY-TRANSIENT-056,development,property_response,oscillatory_transient,"{""amplitude_pu"":0.4388061523437501,""frequency_hz"":2740.329218106996,""support_ms"":19.139703694889036,""time_constant_ms"":1.622368}",135,noise_free,0.41951126064103633,1940363649,1,False
DEV-PRO-OSCILLATORY-TRANSIENT-057,development,property_response,oscillatory_transient,"{""amplitude_pu"":0.7888061523437501,""frequency_hz"":440.3292181069959,""support_ms"":3.2417445112155647,""time_constant_ms"":3.522368000000001}",0,noise_free,0.47833479005280105,2678268442,1,False
DEV-PRO-OSCILLATORY-TRANSIENT-058,development,property_response,oscillatory_transient,"{""amplitude_pu"":0.12161865234375001,""frequency_hz"":1340.3292181069958,""support_ms"":5.956030225501278,""time_constant_ms"":5.422368}",45,noise_free,0.5371583194645658,4070636006,1,False
DEV-PRO-OSCILLATORY-TRANSIENT-059,development,property_response,oscillatory_transient,"{""amplitude_pu"":0.47161865234375,""frequency_hz"":2240.329218106996,""support_ms"":8.670315939786992,""time_constant_ms"":7.322368}",90,noise_free,0.5959818488763305,3004204214,1,False
DEV-PRO-OSCILLATORY-TRANSIENT-060,development,property_response,oscillatory_transient,"{""amplitude_pu"":0.29661865234375,""frequency_hz"":740.3292181069959,""support_ms"":11.384601654072707,""time_constant_ms"":9.222368}",135,noise_free,0.6548053782880953,2474458607,1,False
DEV-PRO-IMPULSIVE-TRANSIENT-001,development,property_response,impulsive_transient,"{""absolute_amplitude_pu"":0.19085693359375,""polarity"":0.7960960000000001,""width_ms"":1.864568409287202}",0,noise_free,0.555069982399636,3519478141,1,False
DEV-PRO-IMPULSIVE-TRANSIENT-002,development,property_response,impulsive_transient,"{""absolute_amplitude_pu"":0.64085693359375,""polarity"":-0.7239040000000001,""width_ms"":0.24604989076868364}",45,noise_free,0.6138935118114007,1108436913,1,False
DEV-PRO-IMPULSIVE-TRANSIENT-003,development,property_response,impulsive_transient,"{""absolute_amplitude_pu"":0.41585693359375,""polarity"":-0.32390399999999997,""width_ms"":0.8793832241020169}",90,noise_free,0.6727170412231654,2355302768,1,False
DEV-PRO-IMPULSIVE-TRANSIENT-004,development,property_response,impulsive_transient,"{""absolute_amplitude_pu"":0.86585693359375,""polarity"":0.07609600000000016,""width_ms"":1.5127165574353503}",135,noise_free,0.73154057063493,1511829740,1,False
DEV-PRO-IMPULSIVE-TRANSIENT-005,development,property_response,impulsive_transient,"{""absolute_amplitude_pu"":0.30335693359375004,""polarity"":0.4760960000000003,""width_ms"":0.4571610018797947}",0,noise_free,0.7903641000466948,2167632622,1,False
DEV-PRO-IMPULSIVE-TRANSIENT-006,development,property_response,impulsive_transient,"{""absolute_amplitude_pu"":0.75335693359375,""polarity"":0.8760960000000002,""width_ms"":1.090494335213128}",45,noise_free,0.8491876294584595,1038282459,1,False
DEV-PRO-IMPULSIVE-TRANSIENT-007,development,property_response,impulsive_transient,"{""absolute_amplitude_pu"":0.52835693359375,""polarity"":-0.643904,""width_ms"":1.7238276685464613}",90,noise_free,0.9080111588702242,999705222,1,False
DEV-PRO-IMPULSIVE-TRANSIENT-008,development,property_response,impulsive_transient,"{""absolute_amplitude_pu"":0.97835693359375,""polarity"":-0.243904,""width_ms"":0.6682721129909058}",135,noise_free,0.9668346882819889,215044210,1,False
DEV-PRO-IMPULSIVE-TRANSIENT-009,development,property_response,impulsive_transient,"{""absolute_amplitude_pu"":0.12054443359375,""polarity"":0.15609600000000023,""width_ms"":1.3016054463242392}",0,noise_free,0.029118425306210415,3468309920,1,False
DEV-PRO-IMPULSIVE-TRANSIENT-010,development,property_response,impulsive_transient,"{""absolute_amplitude_pu"":0.5705444335937501,""polarity"":0.5560960000000004,""width_ms"":1.9349387796575723}",45,noise_free,0.08794195471797511,3493532320,1,False
DEV-PRO-IMPULSIVE-TRANSIENT-011,development,property_response,impulsive_transient,"{""absolute_amplitude_pu"":0.34554443359375,""polarity"":0.9560960000000003,""width_ms"":0.1287659401513997}",90,noise_free,0.14676548412973983,3366048685,1,False
DEV-PRO-IMPULSIVE-TRANSIENT-012,development,property_response,impulsive_transient,"{""absolute_amplitude_pu"":0.79554443359375,""polarity"":-0.947904,""width_ms"":0.7620992734847329}",135,noise_free,0.20558901354150452,321883587,1,False
DEV-PRO-IMPULSIVE-TRANSIENT-013,development,property_response,impulsive_transient,"{""absolute_amplitude_pu"":0.23304443359375002,""polarity"":-0.5479040000000001,""width_ms"":1.3954326068180662}",0,noise_free,0.2644125429532692,2560015665,1,False
DEV-PRO-IMPULSIVE-TRANSIENT-014,development,property_response,impulsive_transient,"{""absolute_amplitude_pu"":0.68304443359375,""polarity"":-0.14790399999999992,""width_ms"":0.3398770512625108}",45,noise_free,0.32323607236503393,477470864,1,False
DEV-PRO-IMPULSIVE-TRANSIENT-015,development,property_response,impulsive_transient,"{""absolute_amplitude_pu"":0.45804443359375,""polarity"":0.2520960000000003,""width_ms"":0.973210384595844}",90,noise_free,0.3820596017767986,1622207827,1,False
DEV-PRO-IMPULSIVE-TRANSIENT-016,development,property_response,impulsive_transient,"{""absolute_amplitude_pu"":0.90804443359375,""polarity"":0.6520960000000002,""width_ms"":1.6065437179291775}",135,noise_free,0.4408831311885633,618694018,1,False
DEV-PRO-IMPULSIVE-TRANSIENT-017,development,property_response,impulsive_transient,"{""absolute_amplitude_pu"":0.17679443359375002,""polarity"":-0.867904,""width_ms"":0.5509881623736219}",0,noise_free,0.49970666060032803,1863467767,1,False
DEV-PRO-IMPULSIVE-TRANSIENT-018,development,property_response,impulsive_transient,"{""absolute_amplitude_pu"":0.62679443359375,""polarity"":-0.467904,""width_ms"":1.1843214957069554}",45,noise_free,0.5585301900120927,2018054800,1,False
DEV-PRO-IMPULSIVE-TRANSIENT-019,development,property_response,impulsive_transient,"{""absolute_amplitude_pu"":0.40179443359375,""polarity"":-0.06790399999999996,""width_ms"":1.8176548290402885}",90,noise_free,0.6173537194238574,4020297746,1,False
DEV-PRO-IMPULSIVE-TRANSIENT-020,development,property_response,impulsive_transient,"{""absolute_amplitude_pu"":0.85179443359375,""polarity"":0.3320960000000004,""width_ms"":0.19913631052177005}",135,noise_free,0.6761772488356221,1567891267,1,False
DEV-PRO-IMPULSIVE-TRANSIENT-021,development,property_response,impulsive_transient,"{""absolute_amplitude_pu"":0.28929443359375,""polarity"":0.7320960000000003,""width_ms"":0.8324696438551032}",0,noise_free,0.7350007782473867,152279965,1,False
DEV-PRO-IMPULSIVE-TRANSIENT-022,development,property_response,impulsive_transient,"{""absolute_amplitude_pu"":0.73929443359375,""polarity"":-0.7879039999999999,""width_ms"":1.4658029771884369}",45,noise_free,0.7938243076591515,633565196,1,False
DEV-PRO-IMPULSIVE-TRANSIENT-023,development,property_response,impulsive_transient,"{""absolute_amplitude_pu"":0.51429443359375,""polarity"":-0.3879039999999999,""width_ms"":0.4102474216328812}",90,noise_free,0.8526478370709162,137140090,1,False
DEV-PRO-IMPULSIVE-TRANSIENT-024,development,property_response,impulsive_transient,"{""absolute_amplitude_pu"":0.96429443359375,""polarity"":0.012096000000000107,""width_ms"":1.0435807549662144}",135,noise_free,0.9114713664826809,1867400247,1,False
DEV-PRO-IMPULSIVE-TRANSIENT-025,development,property_response,impulsive_transient,"{""absolute_amplitude_pu"":0.14866943359375,""polarity"":0.41209600000000024,""width_ms"":1.6769140882995477}",0,noise_free,0.9702948958944456,1215775721,1,False
DEV-PRO-IMPULSIVE-TRANSIENT-026,development,property_response,impulsive_transient,"{""absolute_amplitude_pu"":0.59866943359375,""polarity"":0.8120960000000002,""width_ms"":0.6213585327439922}",45,noise_free,0.032578632918667166,1171611211,1,False
DEV-PRO-IMPULSIVE-TRANSIENT-027,development,property_response,impulsive_transient,"{""absolute_amplitude_pu"":0.37366943359375004,""polarity"":-0.7079040000000001,""width_ms"":1.2546918660773256}",90,noise_free,0.09140216233043187,3229580961,1,False
DEV-PRO-IMPULSIVE-TRANSIENT-028,development,property_response,impulsive_transient,"{""absolute_amplitude_pu"":0.82366943359375,""polarity"":-0.30790399999999996,""width_ms"":1.888025199410659}",135,noise_free,0.15022569174219658,1398011688,1,False
DEV-PRO-IMPULSIVE-TRANSIENT-029,development,property_response,impulsive_transient,"{""absolute_amplitude_pu"":0.26116943359375,""polarity"":0.09209600000000018,""width_ms"":0.2695066808921404}",0,noise_free,0.20904922115396127,2290593618,1,False
DEV-PRO-IMPULSIVE-TRANSIENT-030,development,property_response,impulsive_transient,"{""absolute_amplitude_pu"":0.71116943359375,""polarity"":0.4920960000000003,""width_ms"":0.9028400142254737}",45,noise_free,0.26787275056572596,2405320769,1,False
DEV-PRO-IMPULSIVE-TRANSIENT-031,development,property_response,impulsive_transient,"{""absolute_amplitude_pu"":0.48616943359375,""polarity"":0.8920960000000002,""width_ms"":1.536173347558807}",90,noise_free,0.3266962799774907,1466667958,1,False
DEV-PRO-IMPULSIVE-TRANSIENT-032,development,property_response,impulsive_transient,"{""absolute_amplitude_pu"":0.93616943359375,""polarity"":-0.627904,""width_ms"":0.4806177920032515}",135,noise_free,0.38551980938925534,3599771876,1,False
DEV-PRO-IMPULSIVE-TRANSIENT-033,development,property_response,impulsive_transient,"{""absolute_amplitude_pu"":0.20491943359375,""polarity"":-0.227904,""width_ms"":1.1139511253365848}",0,noise_free,0.44434333880102006,2153297219,1,False
DEV-PRO-IMPULSIVE-TRANSIENT-034,development,property_response,impulsive_transient,"{""absolute_amplitude_pu"":0.65491943359375,""polarity"":0.17209600000000025,""width_ms"":1.7472844586699179}",45,noise_free,0.5031668682127848,2939305148,1,False
DEV-PRO-IMPULSIVE-TRANSIENT-035,development,property_response,impulsive_transient,"{""absolute_amplitude_pu"":0.42991943359375007,""polarity"":0.5720960000000004,""width_ms"":0.6917289031143625}",90,noise_free,0.5619903976245495,3919591861,1,False
DEV-PRO-IMPULSIVE-TRANSIENT-036,development,property_response,impulsive_transient,"{""absolute_amplitude_pu"":0.87991943359375,""polarity"":0.9720960000000003,""width_ms"":1.325062236447696}",135,noise_free,0.6208139270363142,930788175,1,False
DEV-PRO-IMPULSIVE-TRANSIENT-037,development,property_response,impulsive_transient,"{""absolute_amplitude_pu"":0.31741943359375,""polarity"":-0.931904,""width_ms"":1.9583955697810291}",0,noise_free,0.6796374564480789,1090197389,1,False
DEV-PRO-IMPULSIVE-TRANSIENT-038,development,property_response,impulsive_transient,"{""absolute_amplitude_pu"":0.76741943359375,""polarity"":-0.531904,""width_ms"":0.15222273027485647}",45,noise_free,0.7384609858598435,1731096546,1,False
DEV-PRO-IMPULSIVE-TRANSIENT-039,development,property_response,impulsive_transient,"{""absolute_amplitude_pu"":0.54241943359375,""polarity"":-0.1319039999999999,""width_ms"":0.7855560636081897}",90,noise_free,0.7972845152716083,1894499165,1,False
DEV-PRO-IMPULSIVE-TRANSIENT-040,development,property_response,impulsive_transient,"{""absolute_amplitude_pu"":0.99241943359375,""polarity"":0.26809600000000033,""width_ms"":1.418889396941523}",135,noise_free,0.856108044683373,3284753732,1,False
DEV-PRO-IMPULSIVE-TRANSIENT-041,development,property_response,impulsive_transient,"{""absolute_amplitude_pu"":0.11351318359375001,""polarity"":0.6680960000000002,""width_ms"":0.3633338413859676}",0,noise_free,0.9149315740951377,613715389,1,False
DEV-PRO-IMPULSIVE-TRANSIENT-042,development,property_response,impulsive_transient,"{""absolute_amplitude_pu"":0.56351318359375,""polarity"":-0.851904,""width_ms"":0.9966671747193008}",45,noise_free,0.9737551035069024,927224502,1,False
DEV-PRO-IMPULSIVE-TRANSIENT-043,development,property_response,impulsive_transient,"{""absolute_amplitude_pu"":0.33851318359375004,""polarity"":-0.451904,""width_ms"":1.630000508052634}",90,noise_free,0.03603884053112391,792830478,1,False
DEV-PRO-IMPULSIVE-TRANSIENT-044,development,property_response,impulsive_transient,"{""absolute_amplitude_pu"":0.78851318359375,""polarity"":-0.05190400000000006,""width_ms"":0.5744449524970786}",135,noise_free,0.09486236994288862,1310582014,1,False
DEV-PRO-IMPULSIVE-TRANSIENT-045,development,property_response,impulsive_transient,"{""absolute_amplitude_pu"":0.22601318359375,""polarity"":0.3480960000000004,""width_ms"":1.207778285830412}",0,noise_free,0.15368589935465332,2928660772,1,False
DEV-PRO-IMPULSIVE-TRANSIENT-046,development,property_response,impulsive_transient,"{""absolute_amplitude_pu"":0.67601318359375,""polarity"":0.7480960000000003,""width_ms"":1.8411116191637453}",45,noise_free,0.212509428766418,2973359706,1,False
DEV-PRO-IMPULSIVE-TRANSIENT-047,development,property_response,impulsive_transient,"{""absolute_amplitude_pu"":0.45101318359375,""polarity"":-0.7719039999999999,""width_ms"":0.22259310064522686}",90,noise_free,0.27133295817818276,2894816842,1,False
DEV-PRO-IMPULSIVE-TRANSIENT-048,development,property_response,impulsive_transient,"{""absolute_amplitude_pu"":0.90101318359375,""polarity"":-0.3719039999999999,""width_ms"":0.85592643397856}",135,noise_free,0.3301564875899475,2613957732,1,False
DEV-PRO-IMPULSIVE-TRANSIENT-049,development,property_response,impulsive_transient,"{""absolute_amplitude_pu"":0.16976318359375,""polarity"":0.02809600000000012,""width_ms"":1.4892597673118935}",0,noise_free,0.3889800170017121,2795244301,1,False
DEV-PRO-IMPULSIVE-TRANSIENT-050,development,property_response,impulsive_transient,"{""absolute_amplitude_pu"":0.61976318359375,""polarity"":0.42809600000000025,""width_ms"":0.4337042117563379}",45,noise_free,0.4478035464134768,3784573124,1,False
DEV-PRO-IMPULSIVE-TRANSIENT-051,development,property_response,impulsive_transient,"{""absolute_amplitude_pu"":0.39476318359375007,""polarity"":0.8280960000000002,""width_ms"":1.0670375450896714}",90,noise_free,0.5066270758252415,2683671082,1,False
DEV-PRO-IMPULSIVE-TRANSIENT-052,development,property_response,impulsive_transient,"{""absolute_amplitude_pu"":0.84476318359375,""polarity"":-0.6919040000000001,""width_ms"":1.7003708784230043}",135,noise_free,0.5654506052370062,1512386441,1,False
DEV-PRO-IMPULSIVE-TRANSIENT-053,development,property_response,impulsive_transient,"{""absolute_amplitude_pu"":0.28226318359375,""polarity"":-0.29190400000000005,""width_ms"":0.644815322867449}",0,noise_free,0.6242741346487709,3028261817,1,False
DEV-PRO-IMPULSIVE-TRANSIENT-054,development,property_response,impulsive_transient,"{""absolute_amplitude_pu"":0.73226318359375,""polarity"":0.10809600000000019,""width_ms"":1.2781486562007824}",45,noise_free,0.6830976640605356,2417365824,1,False
DEV-PRO-IMPULSIVE-TRANSIENT-055,development,property_response,impulsive_transient,"{""absolute_amplitude_pu"":0.50726318359375,""polarity"":0.5080960000000003,""width_ms"":1.9114819895341155}",90,noise_free,0.7419211934723002,916435254,1,False
DEV-PRO-IMPULSIVE-TRANSIENT-056,development,property_response,impulsive_transient,"{""absolute_amplitude_pu"":0.95726318359375,""polarity"":0.9080960000000002,""width_ms"":0.29296347101559717}",135,noise_free,0.800744722884065,3289512015,1,False
DEV-PRO-IMPULSIVE-TRANSIENT-057,development,property_response,impulsive_transient,"{""absolute_amplitude_pu"":0.14163818359375002,""polarity"":-0.611904,""width_ms"":0.9262968043489305}",0,noise_free,0.8595682522958297,2198770424,1,False
DEV-PRO-IMPULSIVE-TRANSIENT-058,development,property_response,impulsive_transient,"{""absolute_amplitude_pu"":0.59163818359375,""polarity"":-0.21190399999999998,""width_ms"":1.5596301376822639}",45,noise_free,0.9183917817075944,46180404,1,False
DEV-PRO-IMPULSIVE-TRANSIENT-059,development,property_response,impulsive_transient,"{""absolute_amplitude_pu"":0.36663818359375,""polarity"":0.18809600000000026,""width_ms"":0.5040745821267083}",90,noise_free,0.9772153111193591,651135371,1,False
DEV-PRO-IMPULSIVE-TRANSIENT-060,development,property_response,impulsive_transient,"{""absolute_amplitude_pu"":0.81663818359375,""polarity"":0.5880960000000004,""width_ms"":1.1374079154600416}",135,noise_free,0.039499048143580656,2205799502,1,False
DEV-BRO-SAG-001,development,broad_nuisance_screen,sag,"{""duration_cycles"":3.6318434219414755,""residual_voltage_pu"":0.21413421630859375}",0,20,0.009761546409251073,2971711445,10,False
DEV-BRO-SAG-002,development,broad_nuisance_screen,sag,"{""duration_cycles"":13.465176755274808,""residual_voltage_pu"":0.6141342163085938}",45,20,0.06858507582101576,1981200540,10,False
DEV-BRO-SAG-003,development,broad_nuisance_screen,sag,"{""duration_cycles"":23.298510088608143,""residual_voltage_pu"":0.4141342163085938}",90,20,0.12740860523278047,3256778729,10,False
DEV-BRO-SAG-004,development,broad_nuisance_screen,sag,"{""duration_cycles"":6.909621199719253,""residual_voltage_pu"":0.8141342163085937}",135,20,0.18623213464454516,1649961215,10,False
DEV-BRO-SAG-005,development,broad_nuisance_screen,sag,"{""duration_cycles"":16.742954533052586,""residual_voltage_pu"":0.16413421630859376}",0,30,0.24505566405630988,283426207,10,False
DEV-BRO-SAG-006,development,broad_nuisance_screen,sag,"{""duration_cycles"":26.57628786638592,""residual_voltage_pu"":0.5641342163085937}",45,30,0.3038791934680746,2047803712,10,False
DEV-BRO-SAG-007,development,broad_nuisance_screen,sag,"{""duration_cycles"":10.18739897749703,""residual_voltage_pu"":0.36413421630859377}",90,30,0.3627027228798393,1301978123,10,False
DEV-BRO-SAG-008,development,broad_nuisance_screen,sag,"{""duration_cycles"":20.020732310830365,""residual_voltage_pu"":0.7641342163085938}",135,30,0.421526252291604,1079913569,10,False
DEV-BRO-SAG-009,development,broad_nuisance_screen,sag,"{""duration_cycles"":29.854065644163697,""residual_voltage_pu"":0.2641342163085938}",0,40,0.48034978170336873,2920200574,10,False
DEV-BRO-SAG-010,development,broad_nuisance_screen,sag,"{""duration_cycles"":0.8396623519826283,""residual_voltage_pu"":0.6641342163085937}",45,40,0.5391733111151334,263184588,10,False
DEV-BRO-SAG-011,development,broad_nuisance_screen,sag,"{""duration_cycles"":10.67299568531596,""residual_voltage_pu"":0.46413421630859375}",90,40,0.5979968405268982,880329483,10,False
DEV-BRO-SAG-012,development,broad_nuisance_screen,sag,"{""duration_cycles"":20.506329018649293,""residual_voltage_pu"":0.8641342163085938}",135,40,0.6568203699386629,3507707753,10,False
DEV-BRO-SAG-013,development,broad_nuisance_screen,sag,"{""duration_cycles"":4.117440129760405,""residual_voltage_pu"":0.13913421630859377}",0,50,0.7156438993504275,2098110501,10,False
DEV-BRO-SAG-014,development,broad_nuisance_screen,sag,"{""duration_cycles"":13.95077346309374,""residual_voltage_pu"":0.5391342163085938}",45,50,0.7744674287621922,4188399052,10,False
DEV-BRO-SAG-015,development,broad_nuisance_screen,sag,"{""duration_cycles"":23.78410679642707,""residual_voltage_pu"":0.33913421630859375}",90,50,0.8332909581739569,3549462645,10,False
DEV-BRO-SAG-016,development,broad_nuisance_screen,sag,"{""duration_cycles"":7.395217907538183,""residual_voltage_pu"":0.7391342163085938}",135,50,0.8921144875857216,3005693638,10,False
DEV-BRO-SAG-017,development,broad_nuisance_screen,sag,"{""duration_cycles"":17.228551240871518,""residual_voltage_pu"":0.23913421630859377}",0,20,0.9509380169974864,4079201741,10,False
DEV-BRO-SAG-018,development,broad_nuisance_screen,sag,"{""duration_cycles"":27.06188457420485,""residual_voltage_pu"":0.6391342163085938}",45,20,0.01322175402170782,529091329,10,False
DEV-BRO-SAG-019,development,broad_nuisance_screen,sag,"{""duration_cycles"":1.9322549445752208,""residual_voltage_pu"":0.43913421630859373}",90,20,0.07204528343347252,1862669638,10,False
DEV-BRO-SAG-020,development,broad_nuisance_screen,sag,"{""duration_cycles"":11.765588277908554,""residual_voltage_pu"":0.8391342163085938}",135,20,0.13086881284523721,2114009598,10,False
DEV-BRO-SAG-021,development,broad_nuisance_screen,sag,"{""duration_cycles"":21.598921611241888,""residual_voltage_pu"":0.18913421630859376}",0,30,0.1896923422570019,3561907238,10,False
DEV-BRO-SAG-022,development,broad_nuisance_screen,sag,"{""duration_cycles"":5.210032722352998,""residual_voltage_pu"":0.5891342163085938}",45,30,0.24851587166876662,2269150397,10,False
DEV-BRO-SAG-023,development,broad_nuisance_screen,sag,"{""duration_cycles"":15.043366055686331,""residual_voltage_pu"":0.3891342163085938}",90,30,0.30733940108053137,3406972569,10,False
DEV-BRO-SAG-024,development,broad_nuisance_screen,sag,"{""duration_cycles"":24.87669938901966,""residual_voltage_pu"":0.7891342163085938}",135,30,0.36616293049229603,1013368074,10,False
DEV-BRO-SAG-025,development,broad_nuisance_screen,sag,"{""duration_cycles"":8.487810500130777,""residual_voltage_pu"":0.28913421630859376}",0,40,0.42498645990406075,1101177838,10,False
DEV-BRO-SAG-026,development,broad_nuisance_screen,sag,"{""duration_cycles"":18.32114383346411,""residual_voltage_pu"":0.6891342163085937}",45,40,0.4838099893158255,3922705320,10,False
DEV-BRO-SAG-027,development,broad_nuisance_screen,sag,"{""duration_cycles"":28.15447716679744,""residual_voltage_pu"":0.48913421630859377}",90,40,0.5426335187275902,49719236,10,False
DEV-BRO-SAG-028,development,broad_nuisance_screen,sag,"{""duration_cycles"":3.024847537167813,""residual_voltage_pu"":0.8891342163085938}",135,40,0.601457048139355,4220466494,10,False
DEV-BRO-SAG-029,development,broad_nuisance_screen,sag,"{""duration_cycles"":12.858180870501146,""residual_voltage_pu"":0.10788421630859375}",0,50,0.6602805775511197,2823592883,10,False
DEV-BRO-SAG-030,development,broad_nuisance_screen,sag,"{""duration_cycles"":22.69151420383448,""residual_voltage_pu"":0.5078842163085938}",45,50,0.7191041069628843,3969568531,10,False
DEV-BRO-SAG-031,development,broad_nuisance_screen,sag,"{""duration_cycles"":6.30262531494559,""residual_voltage_pu"":0.30788421630859375}",90,50,0.777927636374649,2568139680,10,False
DEV-BRO-SAG-032,development,broad_nuisance_screen,sag,"{""duration_cycles"":16.135958648278923,""residual_voltage_pu"":0.7078842163085938}",135,50,0.8367511657864137,705398930,10,False
DEV-BRO-SAG-033,development,broad_nuisance_screen,sag,"{""duration_cycles"":25.969291981612255,""residual_voltage_pu"":0.20788421630859377}",0,20,0.8955746951981784,3369877766,10,False
DEV-BRO-SAG-034,development,broad_nuisance_screen,sag,"{""duration_cycles"":9.580403092723369,""residual_voltage_pu"":0.6078842163085938}",45,20,0.9543982246099432,890202274,10,False
DEV-BRO-SAG-035,development,broad_nuisance_screen,sag,"{""duration_cycles"":19.413736426056705,""residual_voltage_pu"":0.40788421630859373}",90,20,0.01668196163416457,3596315040,10,False
DEV-BRO-SAG-036,development,broad_nuisance_screen,sag,"{""duration_cycles"":29.247069759390033,""residual_voltage_pu"":0.8078842163085938}",135,20,0.07550549104592927,3588119914,10,False
DEV-BRO-SAG-037,development,broad_nuisance_screen,sag,"{""duration_cycles"":1.2038598828468257,""residual_voltage_pu"":0.15788421630859376}",0,30,0.13432902045769396,3915779018,10,False
DEV-BRO-SAG-038,development,broad_nuisance_screen,sag,"{""duration_cycles"":11.037193216180158,""residual_voltage_pu"":0.5578842163085938}",45,30,0.19315254986945865,3545104868,10,False
DEV-BRO-SAG-039,development,broad_nuisance_screen,sag,"{""duration_cycles"":20.87052654951349,""residual_voltage_pu"":0.3578842163085938}",90,30,0.2519760792812234,269182466,10,False
DEV-BRO-SAG-040,development,broad_nuisance_screen,sag,"{""duration_cycles"":4.481637660624603,""residual_voltage_pu"":0.7578842163085938}",135,30,0.3107996086929881,3474290517,10,False
DEV-BRO-SAG-041,development,broad_nuisance_screen,sag,"{""duration_cycles"":14.314970993957937,""residual_voltage_pu"":0.25788421630859376}",0,40,0.3696231381047528,701003360,10,False
DEV-BRO-SAG-042,development,broad_nuisance_screen,sag,"{""duration_cycles"":24.14830432729127,""residual_voltage_pu"":0.6578842163085937}",45,40,0.4284466675165175,3324023448,10,False
DEV-BRO-SAG-043,development,broad_nuisance_screen,sag,"{""duration_cycles"":7.759415438402381,""residual_voltage_pu"":0.45788421630859377}",90,40,0.4872701969282822,4166409393,10,False
DEV-BRO-SAG-044,development,broad_nuisance_screen,sag,"{""duration_cycles"":17.592748771735717,""residual_voltage_pu"":0.8578842163085938}",135,40,0.5460937263400469,3745421010,10,False
DEV-BRO-SAG-045,development,broad_nuisance_screen,sag,"{""duration_cycles"":27.42608210506905,""residual_voltage_pu"":0.13288421630859376}",0,50,0.6049172557518117,3211543504,10,False
DEV-BRO-SAG-046,development,broad_nuisance_screen,sag,"{""duration_cycles"":2.296452475439418,""residual_voltage_pu"":0.5328842163085937}",45,50,0.6637407851635764,1112930463,10,False
DEV-BRO-SAG-047,development,broad_nuisance_screen,sag,"{""duration_cycles"":12.129785808772752,""residual_voltage_pu"":0.33288421630859377}",90,50,0.722564314575341,3478540363,10,False
DEV-BRO-SAG-048,development,broad_nuisance_screen,sag,"{""duration_cycles"":21.963119142106088,""residual_voltage_pu"":0.7328842163085938}",135,50,0.7813878439871057,979996740,10,False
DEV-BRO-SAG-049,development,broad_nuisance_screen,sag,"{""duration_cycles"":5.574230253217196,""residual_voltage_pu"":0.23288421630859377}",0,20,0.8402113733988704,4171104096,10,False
DEV-BRO-SAG-050,development,broad_nuisance_screen,sag,"{""duration_cycles"":15.407563586550529,""residual_voltage_pu"":0.6328842163085937}",45,20,0.8990349028106351,4042861115,10,False
DEV-BRO-SAG-051,development,broad_nuisance_screen,sag,"{""duration_cycles"":25.24089691988386,""residual_voltage_pu"":0.43288421630859375}",90,20,0.9578584322223999,1833047006,10,False
DEV-BRO-SAG-052,development,broad_nuisance_screen,sag,"{""duration_cycles"":8.852008030994973,""residual_voltage_pu"":0.8328842163085938}",135,20,0.02014216924662132,403681247,10,False
DEV-BRO-SAG-053,development,broad_nuisance_screen,sag,"{""duration_cycles"":18.68534136432831,""residual_voltage_pu"":0.18288421630859375}",0,30,0.07896569865838601,2544858414,10,False
DEV-BRO-SAG-054,development,broad_nuisance_screen,sag,"{""duration_cycles"":28.51867469766164,""residual_voltage_pu"":0.5828842163085938}",45,30,0.13778922807015073,3316831825,10,False
DEV-BRO-SAG-055,development,broad_nuisance_screen,sag,"{""duration_cycles"":3.389045068032011,""residual_voltage_pu"":0.3828842163085938}",90,30,0.1966127574819154,926902521,10,False
DEV-BRO-SAG-056,development,broad_nuisance_screen,sag,"{""duration_cycles"":13.222378401365344,""residual_voltage_pu"":0.7828842163085937}",135,30,0.25543628689368014,2276762654,10,False
DEV-BRO-SAG-057,development,broad_nuisance_screen,sag,"{""duration_cycles"":23.05571173469868,""residual_voltage_pu"":0.28288421630859373}",0,40,0.31425981630544486,1503510420,10,False
DEV-BRO-SAG-058,development,broad_nuisance_screen,sag,"{""duration_cycles"":6.666822845809788,""residual_voltage_pu"":0.6828842163085938}",45,40,0.3730833457172095,2186306725,10,False
DEV-BRO-SAG-059,development,broad_nuisance_screen,sag,"{""duration_cycles"":16.50015617914312,""residual_voltage_pu"":0.4828842163085938}",90,40,0.43190687512897424,1587908241,10,False
DEV-BRO-SAG-060,development,broad_nuisance_screen,sag,"{""duration_cycles"":26.33348951247645,""residual_voltage_pu"":0.8828842163085938}",135,40,0.49073040454073896,3365663055,10,False
DEV-BRO-SAG-061,development,broad_nuisance_screen,sag,"{""duration_cycles"":9.944600623587567,""residual_voltage_pu"":0.12038421630859375}",0,50,0.5495539339525037,2069037359,10,False
DEV-BRO-SAG-062,development,broad_nuisance_screen,sag,"{""duration_cycles"":19.7779339569209,""residual_voltage_pu"":0.5203842163085938}",45,50,0.6083774633642685,1316204572,10,False
DEV-BRO-SAG-063,development,broad_nuisance_screen,sag,"{""duration_cycles"":29.61126729025423,""residual_voltage_pu"":0.32038421630859376}",90,50,0.6672009927760332,2933233513,10,False
DEV-BRO-SAG-064,development,broad_nuisance_screen,sag,"{""duration_cycles"":1.5680574137110233,""residual_voltage_pu"":0.7203842163085937}",135,50,0.7260245221877978,1218327203,10,False
DEV-BRO-SAG-065,development,broad_nuisance_screen,sag,"{""duration_cycles"":11.401390747044356,""residual_voltage_pu"":0.22038421630859376}",0,20,0.7848480515995625,212041784,10,False
DEV-BRO-SAG-066,development,broad_nuisance_screen,sag,"{""duration_cycles"":21.23472408037769,""residual_voltage_pu"":0.6203842163085938}",45,20,0.8436715810113272,1625651617,10,False
DEV-BRO-SAG-067,development,broad_nuisance_screen,sag,"{""duration_cycles"":4.8458351914888,""residual_voltage_pu"":0.4203842163085938}",90,20,0.9024951104230919,34167575,10,False
DEV-BRO-SAG-068,development,broad_nuisance_screen,sag,"{""duration_cycles"":14.679168524822135,""residual_voltage_pu"":0.8203842163085938}",135,20,0.9613186398348567,312000032,10,False
DEV-BRO-SAG-069,development,broad_nuisance_screen,sag,"{""duration_cycles"":24.512501858155467,""residual_voltage_pu"":0.17038421630859374}",0,30,0.023602376859078063,4253655594,10,False
DEV-BRO-SAG-070,development,broad_nuisance_screen,sag,"{""duration_cycles"":8.123612969266578,""residual_voltage_pu"":0.5703842163085938}",45,30,0.08242590627084276,3794384362,10,False
DEV-BRO-SAG-071,development,broad_nuisance_screen,sag,"{""duration_cycles"":17.956946302599913,""residual_voltage_pu"":0.37038421630859375}",90,30,0.14124943568260748,723185839,10,False
DEV-BRO-SAG-072,development,broad_nuisance_screen,sag,"{""duration_cycles"":27.790279635933246,""residual_voltage_pu"":0.7703842163085938}",135,30,0.20007296509437214,2798826497,10,False
DEV-BRO-SWELL-001,development,broad_nuisance_screen,swell,"{""duration_cycles"":10.947267899917392,""event_voltage_pu"":1.5611467361450195}",0,20,0.3909950086522797,4122465362,10,False
DEV-BRO-SWELL-002,development,broad_nuisance_screen,swell,"{""duration_cycles"":20.780601233250724,""event_voltage_pu"":1.3861467361450197}",45,20,0.4498185380640444,2708501169,10,False
DEV-BRO-SWELL-003,development,broad_nuisance_screen,swell,"{""duration_cycles"":4.391712344361839,""event_voltage_pu"":1.7361467361450196}",90,20,0.5086420674758092,1994921640,10,False
DEV-BRO-SWELL-004,development,broad_nuisance_screen,swell,"{""duration_cycles"":14.22504567769517,""event_voltage_pu"":1.1673967361450197}",135,20,0.5674655968875739,1964688133,10,False
DEV-BRO-SWELL-005,development,broad_nuisance_screen,swell,"{""duration_cycles"":24.058379011028503,""event_voltage_pu"":1.5173967361450196}",0,30,0.6262891262993386,2010321672,10,False
DEV-BRO-SWELL-006,development,broad_nuisance_screen,swell,"{""duration_cycles"":7.6694901221396155,""event_voltage_pu"":1.3423967361450195}",45,30,0.6851126557111034,549495322,10,False
DEV-BRO-SWELL-007,development,broad_nuisance_screen,swell,"{""duration_cycles"":17.502823455472953,""event_voltage_pu"":1.6923967361450196}",90,30,0.743936185122868,3657175074,10,False
DEV-BRO-SWELL-008,development,broad_nuisance_screen,swell,"{""duration_cycles"":27.336156788806285,""event_voltage_pu"":1.2548967361450196}",135,30,0.8027597145346327,3365761500,10,False
DEV-BRO-SWELL-009,development,broad_nuisance_screen,swell,"{""duration_cycles"":2.2065271591766535,""event_voltage_pu"":1.6048967361450197}",0,40,0.8615832439463974,1985040020,10,False
DEV-BRO-SWELL-010,development,broad_nuisance_screen,swell,"{""duration_cycles"":12.039860492509986,""event_voltage_pu"":1.4298967361450197}",45,40,0.9204067733581621,2189746481,10,False
DEV-BRO-SWELL-011,development,broad_nuisance_screen,swell,"{""duration_cycles"":21.873193825843323,""event_voltage_pu"":1.7798967361450195}",90,40,0.9792303027699268,2236120777,10,False
DEV-BRO-SWELL-012,development,broad_nuisance_screen,swell,"{""duration_cycles"":5.48430493695443,""event_voltage_pu"":1.1127092361450197}",135,40,0.041514039794148284,297236409,10,False
DEV-BRO-SWELL-013,development,broad_nuisance_screen,swell,"{""duration_cycles"":15.317638270287764,""event_voltage_pu"":1.4627092361450196}",0,50,0.10033756920591298,2378873856,10,False
DEV-BRO-SWELL-014,development,broad_nuisance_screen,swell,"{""duration_cycles"":25.150971603621095,""event_voltage_pu"":1.2877092361450195}",45,50,0.1591610986176777,664948635,10,False
DEV-BRO-SWELL-015,development,broad_nuisance_screen,swell,"{""duration_cycles"":8.762082714732207,""event_voltage_pu"":1.6377092361450196}",90,50,0.21798462802944238,2801124180,10,False
DEV-BRO-SWELL-016,development,broad_nuisance_screen,swell,"{""duration_cycles"":18.595416048065545,""event_voltage_pu"":1.2002092361450196}",135,50,0.27680815744120707,2046747121,10,False
DEV-BRO-SWELL-017,development,broad_nuisance_screen,swell,"{""duration_cycles"":28.428749381398873,""event_voltage_pu"":1.5502092361450197}",0,20,0.3356316868529718,590697412,10,False
DEV-BRO-SWELL-018,development,broad_nuisance_screen,swell,"{""duration_cycles"":3.2991197517692465,""event_voltage_pu"":1.3752092361450197}",45,20,0.3944552162647365,458578394,10,False
DEV-BRO-SWELL-019,development,broad_nuisance_screen,swell,"{""duration_cycles"":13.132453085102577,""event_voltage_pu"":1.7252092361450195}",90,20,0.4532787456765012,3239549292,10,False
DEV-BRO-SWELL-020,development,broad_nuisance_screen,swell,"{""duration_cycles"":22.965786418435915,""event_voltage_pu"":1.1564592361450197}",135,20,0.512102275088266,3756013899,10,False
DEV-BRO-SWELL-021,development,broad_nuisance_screen,swell,"{""duration_cycles"":6.576897529547023,""event_voltage_pu"":1.5064592361450195}",0,30,0.5709258045000307,3302854523,10,False
DEV-BRO-SWELL-022,development,broad_nuisance_screen,swell,"{""duration_cycles"":16.410230862880354,""event_voltage_pu"":1.3314592361450197}",45,30,0.6297493339117954,4148770168,10,False
DEV-BRO-SWELL-023,development,broad_nuisance_screen,swell,"{""duration_cycles"":26.243564196213686,""event_voltage_pu"":1.6814592361450196}",90,30,0.6885728633235602,1453145589,10,False
DEV-BRO-SWELL-024,development,broad_nuisance_screen,swell,"{""duration_cycles"":9.8546753073248,""event_voltage_pu"":1.2439592361450196}",135,30,0.7473963927353248,1974344529,10,False
DEV-BRO-SWELL-025,development,broad_nuisance_screen,swell,"{""duration_cycles"":19.688008640658133,""event_voltage_pu"":1.5939592361450197}",0,40,0.8062199221470895,3145813110,10,False
DEV-BRO-SWELL-026,development,broad_nuisance_screen,swell,"{""duration_cycles"":29.521341973991465,""event_voltage_pu"":1.4189592361450196}",45,40,0.8650434515588542,823773313,10,False
DEV-BRO-SWELL-027,development,broad_nuisance_screen,swell,"{""duration_cycles"":1.4781320974482586,""event_voltage_pu"":1.7689592361450197}",90,40,0.9238669809706189,3641658966,10,False
DEV-BRO-SWELL-028,development,broad_nuisance_screen,swell,"{""duration_cycles"":11.31146543078159,""event_voltage_pu"":1.1345842361450196}",135,40,0.9826905103823836,218058360,10,False
DEV-BRO-SWELL-029,development,broad_nuisance_screen,swell,"{""duration_cycles"":21.144798764114924,""event_voltage_pu"":1.4845842361450197}",0,50,0.04497424740660503,1675044138,10,False
DEV-BRO-SWELL-030,development,broad_nuisance_screen,swell,"{""duration_cycles"":4.755909875226036,""event_voltage_pu"":1.3095842361450196}",45,50,0.10379777681836973,408408781,10,False
DEV-BRO-SWELL-031,development,broad_nuisance_screen,swell,"{""duration_cycles"":14.589243208559367,""event_voltage_pu"":1.6595842361450197}",90,50,0.16262130623013443,2045910507,10,False
DEV-BRO-SWELL-032,development,broad_nuisance_screen,swell,"{""duration_cycles"":24.4225765418927,""event_voltage_pu"":1.2220842361450197}",135,50,0.22144483564189912,1034066067,10,False
DEV-BRO-SWELL-033,development,broad_nuisance_screen,swell,"{""duration_cycles"":8.033687653003813,""event_voltage_pu"":1.5720842361450196}",0,20,0.28026836505366387,3009820523,10,False
DEV-BRO-SWELL-034,development,broad_nuisance_screen,swell,"{""duration_cycles"":17.86702098633715,""event_voltage_pu"":1.3970842361450195}",45,20,0.3390918944654286,833724528,10,False
DEV-BRO-SWELL-035,development,broad_nuisance_screen,swell,"{""duration_cycles"":27.70035431967048,""event_voltage_pu"":1.7470842361450196}",90,20,0.3979154238771932,1658929317,10,False
DEV-BRO-SWELL-036,development,broad_nuisance_screen,swell,"{""duration_cycles"":2.5707246900408514,""event_voltage_pu"":1.1783342361450195}",135,20,0.4567389532889579,423351573,10,False
DEV-BRO-SWELL-037,development,broad_nuisance_screen,swell,"{""duration_cycles"":12.404058023374182,""event_voltage_pu"":1.5283342361450196}",0,30,0.5155624827007227,1621006155,10,False
DEV-BRO-SWELL-038,development,broad_nuisance_screen,swell,"{""duration_cycles"":22.23739135670752,""event_voltage_pu"":1.3533342361450196}",45,30,0.5743860121124874,1904573624,10,False
DEV-BRO-SWELL-039,development,broad_nuisance_screen,swell,"{""duration_cycles"":5.848502467818628,""event_voltage_pu"":1.7033342361450194}",90,30,0.6332095415242521,3822195020,10,False
DEV-BRO-SWELL-040,development,broad_nuisance_screen,swell,"{""duration_cycles"":15.681835801151964,""event_voltage_pu"":1.2658342361450197}",135,30,0.6920330709360168,3557929295,10,False
DEV-BRO-SWELL-041,development,broad_nuisance_screen,swell,"{""duration_cycles"":25.51516913448529,""event_voltage_pu"":1.6158342361450195}",0,40,0.7508566003477815,1558943360,10,False
DEV-BRO-SWELL-042,development,broad_nuisance_screen,swell,"{""duration_cycles"":9.126280245596405,""event_voltage_pu"":1.4408342361450197}",45,40,0.8096801297595462,136664264,10,False
DEV-BRO-SWELL-043,development,broad_nuisance_screen,swell,"{""duration_cycles"":18.95961357892974,""event_voltage_pu"":1.7908342361450196}",90,40,0.8685036591713109,4026091054,10,False
DEV-BRO-SWELL-044,development,broad_nuisance_screen,swell,"{""duration_cycles"":28.79294691226307,""event_voltage_pu"":1.1072404861450196}",135,40,0.9273271885830756,1236994259,10,False
DEV-BRO-SWELL-045,development,broad_nuisance_screen,swell,"{""duration_cycles"":3.663317282633444,""event_voltage_pu"":1.4572404861450197}",0,50,0.9861507179948403,2876868115,10,False
DEV-BRO-SWELL-046,development,broad_nuisance_screen,swell,"{""duration_cycles"":13.496650615966775,""event_voltage_pu"":1.2822404861450196}",45,50,0.04843445501906178,3491323362,10,False
DEV-BRO-SWELL-047,development,broad_nuisance_screen,swell,"{""duration_cycles"":23.32998394930011,""event_voltage_pu"":1.6322404861450197}",90,50,0.10725798443082649,542622382,10,False
DEV-BRO-SWELL-048,development,broad_nuisance_screen,swell,"{""duration_cycles"":6.941095060411221,""event_voltage_pu"":1.1947404861450197}",135,50,0.16608151384259118,1211011347,10,False
DEV-BRO-SWELL-049,development,broad_nuisance_screen,swell,"{""duration_cycles"":16.774428393744554,""event_voltage_pu"":1.5447404861450196}",0,20,0.22490504325435587,2271870943,10,False
DEV-BRO-SWELL-050,development,broad_nuisance_screen,swell,"{""duration_cycles"":26.607761727077886,""event_voltage_pu"":1.3697404861450195}",45,20,0.2837285726661206,3143794918,10,False
DEV-BRO-SWELL-051,development,broad_nuisance_screen,swell,"{""duration_cycles"":10.218872838188997,""event_voltage_pu"":1.7197404861450196}",90,20,0.34255210207788533,3379604420,10,False
DEV-BRO-SWELL-052,development,broad_nuisance_screen,swell,"{""duration_cycles"":20.052206171522332,""event_voltage_pu"":1.1509904861450195}",135,20,0.40137563148965,1342819358,10,False
DEV-BRO-SWELL-053,development,broad_nuisance_screen,swell,"{""duration_cycles"":29.885539504855664,""event_voltage_pu"":1.5009904861450196}",0,30,0.4601991609014147,3998211057,10,False
DEV-BRO-SWELL-054,development,broad_nuisance_screen,swell,"{""duration_cycles"":0.5474050741286427,""event_voltage_pu"":1.3259904861450196}",45,30,0.5190226903131795,690309125,10,False
DEV-BRO-SWELL-055,development,broad_nuisance_screen,swell,"{""duration_cycles"":10.380738407461974,""event_voltage_pu"":1.6759904861450194}",90,30,0.5778462197249442,2392676955,10,False
DEV-BRO-SWELL-056,development,broad_nuisance_screen,swell,"{""duration_cycles"":20.21407174079531,""event_voltage_pu"":1.2384904861450197}",135,30,0.6366697491367089,3192502268,10,False
DEV-BRO-SWELL-057,development,broad_nuisance_screen,swell,"{""duration_cycles"":3.8251828519064204,""event_voltage_pu"":1.5884904861450195}",0,40,0.6954932785484736,86482629,10,False
DEV-BRO-SWELL-058,development,broad_nuisance_screen,swell,"{""duration_cycles"":13.658516185239751,""event_voltage_pu"":1.4134904861450197}",45,40,0.7543168079602383,4010996310,10,False
DEV-BRO-SWELL-059,development,broad_nuisance_screen,swell,"{""duration_cycles"":23.491849518573083,""event_voltage_pu"":1.7634904861450196}",90,40,0.813140337372003,3462088865,10,False
DEV-BRO-SWELL-060,development,broad_nuisance_screen,swell,"{""duration_cycles"":7.102960629684198,""event_voltage_pu"":1.1291154861450197}",135,40,0.8719638667837677,3612142196,10,False
DEV-BRO-SWELL-061,development,broad_nuisance_screen,swell,"{""duration_cycles"":16.936293963017533,""event_voltage_pu"":1.4791154861450195}",0,50,0.9307873961955324,2603167482,10,False
DEV-BRO-SWELL-062,development,broad_nuisance_screen,swell,"{""duration_cycles"":26.769627296350862,""event_voltage_pu"":1.3041154861450197}",45,50,0.9896109256072971,651596004,10,False
DEV-BRO-SWELL-063,development,broad_nuisance_screen,swell,"{""duration_cycles"":1.6399976667212353,""event_voltage_pu"":1.6541154861450196}",90,50,0.051894662631518526,1790673889,10,False
DEV-BRO-SWELL-064,development,broad_nuisance_screen,swell,"{""duration_cycles"":11.473331000054566,""event_voltage_pu"":1.2166154861450196}",135,50,0.11071819204328323,1920379922,10,False
DEV-BRO-SWELL-065,development,broad_nuisance_screen,swell,"{""duration_cycles"":21.306664333387904,""event_voltage_pu"":1.5666154861450197}",0,20,0.16954172145504792,1359207582,10,False
DEV-BRO-SWELL-066,development,broad_nuisance_screen,swell,"{""duration_cycles"":4.9177754444990125,""event_voltage_pu"":1.3916154861450196}",45,20,0.2283652508668126,3961640224,10,False
DEV-BRO-SWELL-067,development,broad_nuisance_screen,swell,"{""duration_cycles"":14.751108777832345,""event_voltage_pu"":1.7416154861450197}",90,20,0.28718878027857736,1038320564,10,False
DEV-BRO-SWELL-068,development,broad_nuisance_screen,swell,"{""duration_cycles"":24.584442111165675,""event_voltage_pu"":1.1728654861450196}",135,20,0.3460123096903421,3104009539,10,False
DEV-BRO-SWELL-069,development,broad_nuisance_screen,swell,"{""duration_cycles"":8.19555322227679,""event_voltage_pu"":1.5228654861450197}",0,30,0.40483583910210674,729167675,10,False
DEV-BRO-SWELL-070,development,broad_nuisance_screen,swell,"{""duration_cycles"":18.028886555610125,""event_voltage_pu"":1.3478654861450197}",45,30,0.46365936851387146,841734399,10,False
DEV-BRO-SWELL-071,development,broad_nuisance_screen,swell,"{""duration_cycles"":27.862219888943454,""event_voltage_pu"":1.6978654861450195}",90,30,0.5224828979256362,3076725540,10,False
DEV-BRO-SWELL-072,development,broad_nuisance_screen,swell,"{""duration_cycles"":2.732590259313828,""event_voltage_pu"":1.2603654861450195}",135,30,0.5813064273374009,1647320058,10,False
DEV-BRO-INTERRUPTION-001,development,broad_nuisance_screen,interruption,"{""duration_cycles"":22.291346546465178,""residual_voltage_pu"":0.03772869110107422}",0,20,0.7099574112040861,2095776902,10,False
DEV-BRO-INTERRUPTION-002,development,broad_nuisance_screen,interruption,"{""duration_cycles"":5.902457657576287,""residual_voltage_pu"":0.08772869110107423}",45,20,0.7687809406158508,3042855910,10,False
DEV-BRO-INTERRUPTION-003,development,broad_nuisance_screen,interruption,"{""duration_cycles"":15.73579099090962,""residual_voltage_pu"":0.006478691101074219}",90,20,0.8276044700276155,1824838829,10,False
DEV-BRO-INTERRUPTION-004,development,broad_nuisance_screen,interruption,"{""duration_cycles"":25.56912432424295,""residual_voltage_pu"":0.05647869110107422}",135,20,0.8864279994393802,515324040,10,False
DEV-BRO-INTERRUPTION-005,development,broad_nuisance_screen,interruption,"{""duration_cycles"":9.180235435354065,""residual_voltage_pu"":0.03147869110107422}",0,30,0.9452515288511449,2441546430,10,False
DEV-BRO-INTERRUPTION-006,development,broad_nuisance_screen,interruption,"{""duration_cycles"":19.0135687686874,""residual_voltage_pu"":0.08147869110107422}",45,30,0.007535265875366323,1497051029,10,False
DEV-BRO-INTERRUPTION-007,development,broad_nuisance_screen,interruption,"{""duration_cycles"":28.846902102020728,""residual_voltage_pu"":0.01897869110107422}",90,30,0.06635879528713103,1457584456,10,False
DEV-BRO-INTERRUPTION-008,development,broad_nuisance_screen,interruption,"{""duration_cycles"":3.7172724723911026,""residual_voltage_pu"":0.06897869110107423}",135,30,0.12518232469889573,2143043640,10,False
DEV-BRO-INTERRUPTION-009,development,broad_nuisance_screen,interruption,"{""duration_cycles"":13.550605805724436,""residual_voltage_pu"":0.04397869110107422}",0,40,0.18400585411066042,1296279531,10,False
DEV-BRO-INTERRUPTION-010,development,broad_nuisance_screen,interruption,"{""duration_cycles"":23.383939139057766,""residual_voltage_pu"":0.09397869110107422}",45,40,0.24282938352242514,3771348857,10,False
DEV-BRO-INTERRUPTION-011,development,broad_nuisance_screen,interruption,"{""duration_cycles"":6.995050250168879,""residual_voltage_pu"":0.003353691101074219}",90,40,0.30165291293418983,4279320018,10,False
DEV-BRO-INTERRUPTION-012,development,broad_nuisance_screen,interruption,"{""duration_cycles"":16.828383583502212,""residual_voltage_pu"":0.05335369110107422}",135,40,0.3604764423459545,3445403124,10,False
DEV-BRO-INTERRUPTION-013,development,broad_nuisance_screen,interruption,"{""duration_cycles"":26.661716916835545,""residual_voltage_pu"":0.02835369110107422}",0,50,0.4192999717577192,3552157311,10,False
DEV-BRO-INTERRUPTION-014,development,broad_nuisance_screen,interruption,"{""duration_cycles"":10.272828027946657,""residual_voltage_pu"":0.07835369110107422}",45,50,0.47812350116948393,2235148626,10,False
DEV-BRO-INTERRUPTION-015,development,broad_nuisance_screen,interruption,"{""duration_cycles"":20.10616136127999,""residual_voltage_pu"":0.015853691101074218}",90,50,0.5369470305812487,2184326182,10,False
DEV-BRO-INTERRUPTION-016,development,broad_nuisance_screen,interruption,"{""duration_cycles"":29.939494694613323,""residual_voltage_pu"":0.06585369110107422}",135,50,0.5957705599930134,2890901312,10,False
DEV-BRO-INTERRUPTION-017,development,broad_nuisance_screen,interruption,"{""duration_cycles"":0.6013602638863016,""residual_voltage_pu"":0.04085369110107422}",0,20,0.6545940894047781,3711748152,10,False
DEV-BRO-INTERRUPTION-018,development,broad_nuisance_screen,interruption,"{""duration_cycles"":10.434693597219633,""residual_voltage_pu"":0.09085369110107422}",45,20,0.7134176188165428,1160975052,10,False
DEV-BRO-INTERRUPTION-019,development,broad_nuisance_screen,interruption,"{""duration_cycles"":20.26802693055297,""residual_voltage_pu"":0.00960369110107422}",90,20,0.7722411482283075,289622760,10,False
DEV-BRO-INTERRUPTION-020,development,broad_nuisance_screen,interruption,"{""duration_cycles"":3.879138041664079,""residual_voltage_pu"":0.05960369110107422}",135,20,0.8310646776400722,759396359,10,False
DEV-BRO-INTERRUPTION-021,development,broad_nuisance_screen,interruption,"{""duration_cycles"":13.712471374997412,""residual_voltage_pu"":0.03460369110107422}",0,30,0.8898882070518369,2526047445,10,False
DEV-BRO-INTERRUPTION-022,development,broad_nuisance_screen,interruption,"{""duration_cycles"":23.545804708330746,""residual_voltage_pu"":0.08460369110107423}",45,30,0.9487117364636016,2361136145,10,False
DEV-BRO-INTERRUPTION-023,development,broad_nuisance_screen,interruption,"{""duration_cycles"":7.156915819441856,""residual_voltage_pu"":0.02210369110107422}",90,30,0.010995473487823069,190613661,10,False
DEV-BRO-INTERRUPTION-024,development,broad_nuisance_screen,interruption,"{""duration_cycles"":16.990249152775196,""residual_voltage_pu"":0.07210369110107422}",135,30,0.06981900289958778,872884628,10,False
DEV-BRO-INTERRUPTION-025,development,broad_nuisance_screen,interruption,"{""duration_cycles"":26.823582486108524,""residual_voltage_pu"":0.04710369110107422}",0,40,0.12864253231135248,1879822235,10,False
DEV-BRO-INTERRUPTION-026,development,broad_nuisance_screen,interruption,"{""duration_cycles"":1.6939528564788942,""residual_voltage_pu"":0.09710369110107422}",45,40,0.18746606172311717,2095944885,10,False
DEV-BRO-INTERRUPTION-027,development,broad_nuisance_screen,interruption,"{""duration_cycles"":11.527286189812227,""residual_voltage_pu"":0.0017911911010742188}",90,40,0.24628959113488189,674268208,10,False
DEV-BRO-INTERRUPTION-028,development,broad_nuisance_screen,interruption,"{""duration_cycles"":21.360619523145566,""residual_voltage_pu"":0.05179119110107422}",135,40,0.3051131205466466,2378757136,10,False
DEV-BRO-INTERRUPTION-029,development,broad_nuisance_screen,interruption,"{""duration_cycles"":4.971730634256671,""residual_voltage_pu"":0.02679119110107422}",0,50,0.36393664995841124,1482706087,10,False
DEV-BRO-INTERRUPTION-030,development,broad_nuisance_screen,interruption,"{""duration_cycles"":14.805063967590003,""residual_voltage_pu"":0.07679119110107423}",45,50,0.42276017937017596,1766129154,10,False
DEV-BRO-INTERRUPTION-031,development,broad_nuisance_screen,interruption,"{""duration_cycles"":24.638397300923337,""residual_voltage_pu"":0.01429119110107422}",90,50,0.4815837087819407,4274676106,10,False
DEV-BRO-INTERRUPTION-032,development,broad_nuisance_screen,interruption,"{""duration_cycles"":8.249508412034448,""residual_voltage_pu"":0.06429119110107422}",135,50,0.5404072381937055,3281798035,10,False
DEV-BRO-INTERRUPTION-033,development,broad_nuisance_screen,interruption,"{""duration_cycles"":18.082841745367784,""residual_voltage_pu"":0.03929119110107422}",0,20,0.5992307676054702,547760358,10,False
DEV-BRO-INTERRUPTION-034,development,broad_nuisance_screen,interruption,"{""duration_cycles"":27.916175078701116,""residual_voltage_pu"":0.08929119110107422}",45,20,0.658054297017235,1201003820,10,False
DEV-BRO-INTERRUPTION-035,development,broad_nuisance_screen,interruption,"{""duration_cycles"":2.7865454490714865,""residual_voltage_pu"":0.00804119110107422}",90,20,0.7168778264289996,2817647300,10,False
DEV-BRO-INTERRUPTION-036,development,broad_nuisance_screen,interruption,"{""duration_cycles"":12.619878782404818,""residual_voltage_pu"":0.058041191101074224}",135,20,0.7757013558407643,3042647054,10,False
DEV-BRO-INTERRUPTION-037,development,broad_nuisance_screen,interruption,"{""duration_cycles"":22.453212115738154,""residual_voltage_pu"":0.03304119110107422}",0,30,0.834524885252529,3461348887,10,False
DEV-BRO-INTERRUPTION-038,development,broad_nuisance_screen,interruption,"{""duration_cycles"":6.064323226849264,""residual_voltage_pu"":0.08304119110107422}",45,30,0.8933484146642937,1898937990,10,False
DEV-BRO-INTERRUPTION-039,development,broad_nuisance_screen,interruption,"{""duration_cycles"":15.8976565601826,""residual_voltage_pu"":0.02054119110107422}",90,30,0.9521719440760584,218899329,10,False
DEV-BRO-INTERRUPTION-040,development,broad_nuisance_screen,interruption,"{""duration_cycles"":25.730989893515932,""residual_voltage_pu"":0.07054119110107422}",135,30,0.014455681100279817,4231807008,10,False
DEV-BRO-INTERRUPTION-041,development,broad_nuisance_screen,interruption,"{""duration_cycles"":9.342101004627041,""residual_voltage_pu"":0.04554119110107422}",0,40,0.07327921051204453,3919872772,10,False
DEV-BRO-INTERRUPTION-042,development,broad_nuisance_screen,interruption,"{""duration_cycles"":19.17543433796038,""residual_voltage_pu"":0.09554119110107423}",45,40,0.13210273992380922,3650576153,10,False
DEV-BRO-INTERRUPTION-043,development,broad_nuisance_screen,interruption,"{""duration_cycles"":29.00876767129371,""residual_voltage_pu"":0.004916191101074219}",90,40,0.1909262693355739,1125964314,10,False
DEV-BRO-INTERRUPTION-044,development,broad_nuisance_screen,interruption,"{""duration_cycles"":0.9655577947504991,""residual_voltage_pu"":0.05491619110107422}",135,40,0.24974979874733863,2906590436,10,False
DEV-BRO-INTERRUPTION-045,development,broad_nuisance_screen,interruption,"{""duration_cycles"":10.798891128083831,""residual_voltage_pu"":0.02991619110107422}",0,50,0.3085733281591033,4222261092,10,False
DEV-BRO-INTERRUPTION-046,development,broad_nuisance_screen,interruption,"{""duration_cycles"":20.632224461417167,""residual_voltage_pu"":0.07991619110107423}",45,50,0.367396857570868,565341726,10,False
DEV-BRO-INTERRUPTION-047,development,broad_nuisance_screen,interruption,"{""duration_cycles"":4.2433355725282755,""residual_voltage_pu"":0.01741619110107422}",90,50,0.4262203869826327,4023986142,10,False
DEV-BRO-INTERRUPTION-048,development,broad_nuisance_screen,interruption,"{""duration_cycles"":14.07666890586161,""residual_voltage_pu"":0.06741619110107422}",135,50,0.4850439163943974,593510929,10,False
DEV-BRO-INTERRUPTION-049,development,broad_nuisance_screen,interruption,"{""duration_cycles"":23.910002239194945,""residual_voltage_pu"":0.042416191101074224}",0,20,0.5438674458061622,1301767548,10,False
DEV-BRO-INTERRUPTION-050,development,broad_nuisance_screen,interruption,"{""duration_cycles"":7.521113350306054,""residual_voltage_pu"":0.09241619110107423}",45,20,0.6026909752179269,2478916479,10,False
DEV-BRO-INTERRUPTION-051,development,broad_nuisance_screen,interruption,"{""duration_cycles"":17.35444668363939,""residual_voltage_pu"":0.011166191101074219}",90,20,0.6615145046296916,3655879234,10,False
DEV-BRO-INTERRUPTION-052,development,broad_nuisance_screen,interruption,"{""duration_cycles"":27.187780016972724,""residual_voltage_pu"":0.06116619110107422}",135,20,0.7203380340414562,2016734365,10,False
DEV-BRO-INTERRUPTION-053,development,broad_nuisance_screen,interruption,"{""duration_cycles"":2.0581503873430917,""residual_voltage_pu"":0.03616619110107422}",0,30,0.779161563453221,2333861646,10,False
DEV-BRO-INTERRUPTION-054,development,broad_nuisance_screen,interruption,"{""duration_cycles"":11.891483720676424,""residual_voltage_pu"":0.08616619110107422}",45,30,0.8379850928649857,3743804679,10,False
DEV-BRO-INTERRUPTION-055,development,broad_nuisance_screen,interruption,"{""duration_cycles"":21.724817054009762,""residual_voltage_pu"":0.02366619110107422}",90,30,0.8968086222767504,1260594436,10,False
DEV-BRO-INTERRUPTION-056,development,broad_nuisance_screen,interruption,"{""duration_cycles"":5.335928165120869,""residual_voltage_pu"":0.07366619110107422}",135,30,0.9556321516885151,4230822010,10,False
DEV-BRO-INTERRUPTION-057,development,broad_nuisance_screen,interruption,"{""duration_cycles"":15.169261498454201,""residual_voltage_pu"":0.04866619110107422}",0,40,0.017915888712736566,2264918043,10,False
DEV-BRO-INTERRUPTION-058,development,broad_nuisance_screen,interruption,"{""duration_cycles"":25.002594831787537,""residual_voltage_pu"":0.09866619110107422}",45,40,0.07673941812450127,3066496924,10,False
DEV-BRO-INTERRUPTION-059,development,broad_nuisance_screen,interruption,"{""duration_cycles"":8.613705942898646,""residual_voltage_pu"":0.0010099411010742188}",90,40,0.135562947536266,651010493,10,False
DEV-BRO-INTERRUPTION-060,development,broad_nuisance_screen,interruption,"{""duration_cycles"":18.447039276231983,""residual_voltage_pu"":0.05100994110107422}",135,40,0.19438647694803066,3592421194,10,False
DEV-BRO-INTERRUPTION-061,development,broad_nuisance_screen,interruption,"{""duration_cycles"":28.280372609565315,""residual_voltage_pu"":0.02600994110107422}",0,50,0.25321000635979535,500356181,10,False
DEV-BRO-INTERRUPTION-062,development,broad_nuisance_screen,interruption,"{""duration_cycles"":3.150742979935684,""residual_voltage_pu"":0.07600994110107423}",45,50,0.31203353577156007,2863754692,10,False
DEV-BRO-INTERRUPTION-063,development,broad_nuisance_screen,interruption,"{""duration_cycles"":12.984076313269016,""residual_voltage_pu"":0.01350994110107422}",90,50,0.37085706518332473,1090218542,10,False
DEV-BRO-INTERRUPTION-064,development,broad_nuisance_screen,interruption,"{""duration_cycles"":22.817409646602353,""residual_voltage_pu"":0.06350994110107422}",135,50,0.42968059459508945,333494341,10,False
DEV-BRO-INTERRUPTION-065,development,broad_nuisance_screen,interruption,"{""duration_cycles"":6.4285207577134615,""residual_voltage_pu"":0.038509941101074224}",0,20,0.48850412400685417,487649659,10,False
DEV-BRO-INTERRUPTION-066,development,broad_nuisance_screen,interruption,"{""duration_cycles"":16.261854091046796,""residual_voltage_pu"":0.08850994110107423}",45,20,0.547327653418619,3696529456,10,False
DEV-BRO-INTERRUPTION-067,development,broad_nuisance_screen,interruption,"{""duration_cycles"":26.09518742438013,""residual_voltage_pu"":0.007259941101074219}",90,20,0.6061511828303837,2425093485,10,False
DEV-BRO-INTERRUPTION-068,development,broad_nuisance_screen,interruption,"{""duration_cycles"":9.70629853549124,""residual_voltage_pu"":0.05725994110107422}",135,20,0.6649747122421484,1913408827,10,False
DEV-BRO-INTERRUPTION-069,development,broad_nuisance_screen,interruption,"{""duration_cycles"":19.539631868824575,""residual_voltage_pu"":0.03225994110107422}",0,30,0.723798241653913,1722404690,10,False
DEV-BRO-INTERRUPTION-070,development,broad_nuisance_screen,interruption,"{""duration_cycles"":29.372965202157907,""residual_voltage_pu"":0.08225994110107422}",45,30,0.7826217710656778,971275199,10,False
DEV-BRO-INTERRUPTION-071,development,broad_nuisance_screen,interruption,"{""duration_cycles"":1.3297553256146966,""residual_voltage_pu"":0.01975994110107422}",90,30,0.8414453004774425,3471404566,10,False
DEV-BRO-INTERRUPTION-072,development,broad_nuisance_screen,interruption,"{""duration_cycles"":11.163088658948029,""residual_voltage_pu"":0.06975994110107422}",135,30,0.9002688298892072,2347899994,10,False
DEV-BRO-HARMONICS-001,development,broad_nuisance_screen,harmonics,"{""a3_pu"":0.0940974235534668,""a5_pu"":0.026701552947552033,""a7_pu"":0.033013780480000005,""phi3_deg"":253.52774536363006,""phi5_deg"":44.43423624701605,""phi7_deg"":264.07033715235053}",0,20,0.0946510810595715,1014434198,10,False
DEV-BRO-HARMONICS-002,development,broad_nuisance_screen,harmonics,"{""a3_pu"":0.020972423553466797,""a5_pu"":0.05670155294755204,""a7_pu"":0.05101378048000001,""phi3_deg"":304.95631679220145,""phi5_deg"":77.16150897428878,""phi7_deg"":291.7626448446582}",45,20,0.1534746104713362,2729517466,10,False
DEV-BRO-HARMONICS-003,development,broad_nuisance_screen,harmonics,"{""a3_pu"":0.0659724235534668,""a5_pu"":0.08670155294755202,""a7_pu"":0.06901378048,""phi3_deg"":356.3848882207729,""phi5_deg"":109.8887817015615,""phi7_deg"":319.45495253696595}",90,20,0.2122981398831009,2189606443,10,False
DEV-BRO-HARMONICS-004,development,broad_nuisance_screen,harmonics,"{""a3_pu"":0.0434724235534668,""a5_pu"":0.03670155294755203,""a7_pu"":0.08701378048,""phi3_deg"":4.7813896784988765,""phi5_deg"":142.61605442883425,""phi7_deg"":347.1472602292736}",135,20,0.27112166929486564,1766734446,10,False
DEV-BRO-HARMONICS-005,development,broad_nuisance_screen,harmonics,"{""a3_pu"":0.0884724235534668,""a5_pu"":0.06670155294755203,""a7_pu"":0.01861378048,""phi3_deg"":56.2099611070703,""phi5_deg"":175.34332715610697,""phi7_deg"":16.96974543637422}",0,30,0.32994519870663036,29254089,10,False
DEV-BRO-HARMONICS-006,development,broad_nuisance_screen,harmonics,"{""a3_pu"":0.0322224235534668,""a5_pu"":0.09670155294755203,""a7_pu"":0.03661378048000001,""phi3_deg"":107.63853253564173,""phi5_deg"":208.07059988337969,""phi7_deg"":44.66205312868191}",45,30,0.38876872811839497,134845180,10,False
DEV-BRO-HARMONICS-007,development,broad_nuisance_screen,harmonics,"{""a3_pu"":0.0772224235534668,""a5_pu"":0.011145997391996478,""a7_pu"":0.05461378048000001,""phi3_deg"":159.06710396421315,""phi5_deg"":240.79787261065243,""phi7_deg"":72.3543608209896}",90,30,0.4475922575301597,2461435344,10,False
DEV-BRO-HARMONICS-008,development,broad_nuisance_screen,harmonics,"{""a3_pu"":0.054722423553466806,""a5_pu"":0.041145997391996474,""a7_pu"":0.07261378047999999,""phi3_deg"":210.49567539278456,""phi5_deg"":273.52514533792515,""phi7_deg"":100.04666851329729}",135,30,0.5064157869419244,852738750,10,False
DEV-BRO-HARMONICS-009,development,broad_nuisance_screen,harmonics,"{""a3_pu"":0.0997224235534668,""a5_pu"":0.07114599739199648,""a7_pu"":0.09061378047999999,""phi3_deg"":261.92424682135595,""phi5_deg"":306.2524180651979,""phi7_deg"":127.73897620560498}",0,40,0.5652393163536891,686828221,10,False
DEV-BRO-HARMONICS-010,development,broad_nuisance_screen,harmonics,"{""a3_pu"":0.010249767303466797,""a5_pu"":0.021145997391996477,""a7_pu"":0.02221378048,""phi3_deg"":313.3528182499274,""phi5_deg"":338.97969079247065,""phi7_deg"":155.43128389791266}",45,40,0.6240628457654538,3680342793,10,False
DEV-BRO-HARMONICS-011,development,broad_nuisance_screen,harmonics,"{""a3_pu"":0.055249767303466805,""a5_pu"":0.051145997391996476,""a7_pu"":0.04021378048000001,""phi3_deg"":12.12832845400908,""phi5_deg"":14.68217013131357,""phi7_deg"":183.12359159022037}",90,40,0.6828863751772185,3926221541,10,False
DEV-BRO-HARMONICS-012,development,broad_nuisance_screen,harmonics,"{""a3_pu"":0.0327497673034668,""a5_pu"":0.08114599739199647,""a7_pu"":0.05821378047999999,""phi3_deg"":63.5568998825805,""phi5_deg"":47.409442858586296,""phi7_deg"":210.81589928252808}",135,40,0.7417099045889831,1861815494,10,False
DEV-BRO-HARMONICS-013,development,broad_nuisance_screen,harmonics,"{""a3_pu"":0.0777497673034668,""a5_pu"":0.03114599739199648,""a7_pu"":0.07621378047999999,""phi3_deg"":114.98547131115194,""phi5_deg"":80.13671558585902,""phi7_deg"":238.50820697483576}",0,50,0.8005334340007478,2512702697,10,False
DEV-BRO-HARMONICS-014,development,broad_nuisance_screen,harmonics,"{""a3_pu"":0.021499767303466796,""a5_pu"":0.06114599739199649,""a7_pu"":0.09421378048,""phi3_deg"":166.41404273972336,""phi5_deg"":112.86398831313173,""phi7_deg"":266.2005146671434}",45,50,0.8593569634125126,3783605681,10,False
DEV-BRO-HARMONICS-015,development,broad_nuisance_screen,harmonics,"{""a3_pu"":0.06649976730346681,""a5_pu"":0.09114599739199648,""a7_pu"":0.02581378048,""phi3_deg"":217.84261416829477,""phi5_deg"":145.59126104040448,""phi7_deg"":293.89282235945115}",90,50,0.9181804928242773,1186972411,10,False
DEV-BRO-HARMONICS-016,development,broad_nuisance_screen,harmonics,"{""a3_pu"":0.0439997673034668,""a5_pu"":0.014479330725329812,""a7_pu"":0.04381378048000001,""phi3_deg"":269.2711855968662,""phi5_deg"":178.31853376767722,""phi7_deg"":321.5851300517589}",135,50,0.977004022236042,3662793363,10,False
DEV-BRO-HARMONICS-017,development,broad_nuisance_screen,harmonics,"{""a3_pu"":0.0889997673034668,""a5_pu"":0.04447933072532981,""a7_pu"":0.06181378048,""phi3_deg"":320.69975702543763,""phi5_deg"":211.04580649494991,""phi7_deg"":349.2774377440665}",0,20,0.03928775926026354,2502339434,10,False
DEV-BRO-HARMONICS-018,development,broad_nuisance_screen,harmonics,"{""a3_pu"":0.015874767303466798,""a5_pu"":0.07447933072532982,""a7_pu"":0.07981378048,""phi3_deg"":19.475267229519282,""phi5_deg"":243.77307922222266,""phi7_deg"":19.099922951167123}",45,20,0.09811128867202824,1899754397,10,False
DEV-BRO-HARMONICS-019,development,broad_nuisance_screen,harmonics,"{""a3_pu"":0.060874767303466804,""a5_pu"":0.02447933072532981,""a7_pu"":0.09781378048,""phi3_deg"":70.9038386580907,""phi5_deg"":276.5003519494954,""phi7_deg"":46.792230643474795}",90,20,0.15693481808379295,3532466258,10,False
DEV-BRO-HARMONICS-020,development,broad_nuisance_screen,harmonics,"{""a3_pu"":0.0383747673034668,""a5_pu"":0.05447933072532981,""a7_pu"":0.01213378048,""phi3_deg"":122.33241008666214,""phi5_deg"":309.22762467676813,""phi7_deg"":74.4845383357825}",135,20,0.21575834749555764,3986500159,10,False
DEV-BRO-HARMONICS-021,development,broad_nuisance_screen,harmonics,"{""a3_pu"":0.0833747673034668,""a5_pu"":0.0844793307253298,""a7_pu"":0.030133780480000004,""phi3_deg"":173.76098151523357,""phi5_deg"":341.9548974040409,""phi7_deg"":102.1768460280902}",0,30,0.27458187690732233,227243713,10,False
DEV-BRO-HARMONICS-022,development,broad_nuisance_screen,harmonics,"{""a3_pu"":0.0271247673034668,""a5_pu"":0.034479330725329806,""a7_pu"":0.04813378048000001,""phi3_deg"":225.18955294380498,""phi5_deg"":17.65737674288382,""phi7_deg"":129.8691537203979}",45,30,0.33340540631908705,2879433605,10,False
DEV-BRO-HARMONICS-023,development,broad_nuisance_screen,harmonics,"{""a3_pu"":0.0721247673034668,""a5_pu"":0.06447933072532981,""a7_pu"":0.06613378048,""phi3_deg"":276.61812437237637,""phi5_deg"":50.384649470156546,""phi7_deg"":157.5614614127056}",90,30,0.39222893573085177,1647634017,10,False
DEV-BRO-HARMONICS-024,development,broad_nuisance_screen,harmonics,"{""a3_pu"":0.0496247673034668,""a5_pu"":0.09447933072532981,""a7_pu"":0.08413378047999999,""phi3_deg"":328.0466958009478,""phi5_deg"":83.11192219742928,""phi7_deg"":185.25376910501328}",135,30,0.4510524651426165,1465057007,10,False
DEV-BRO-HARMONICS-025,development,broad_nuisance_screen,harmonics,"{""a3_pu"":0.0946247673034668,""a5_pu"":0.017812664058663146,""a7_pu"":0.01573378048,""phi3_deg"":26.822206005029493,""phi5_deg"":115.83919492470197,""phi7_deg"":212.94607679732098}",0,40,0.5098759945543812,168045567,10,False
DEV-BRO-HARMONICS-026,development,broad_nuisance_screen,harmonics,"{""a3_pu"":0.013062267303466797,""a5_pu"":0.04781266405866314,""a7_pu"":0.03373378048,""phi3_deg"":78.25077743360092,""phi5_deg"":148.5664676519747,""phi7_deg"":240.63838448962866}",45,40,0.5686995239661459,2079661952,10,False
DEV-BRO-HARMONICS-027,development,broad_nuisance_screen,harmonics,"{""a3_pu"":0.0580622673034668,""a5_pu"":0.07781266405866315,""a7_pu"":0.05173378048000001,""phi3_deg"":129.67934886217233,""phi5_deg"":181.29374037924748,""phi7_deg"":268.33069218193634}",90,40,0.6275230533779106,1462989367,10,False
DEV-BRO-HARMONICS-028,development,broad_nuisance_screen,harmonics,"{""a3_pu"":0.0355622673034668,""a5_pu"":0.027812664058663145,""a7_pu"":0.06973378048000001,""phi3_deg"":181.10792029074375,""phi5_deg"":214.02101310652017,""phi7_deg"":296.0229998742441}",135,40,0.6863465827896753,3855950227,10,False
DEV-BRO-HARMONICS-029,development,broad_nuisance_screen,harmonics,"{""a3_pu"":0.0805622673034668,""a5_pu"":0.057812664058663144,""a7_pu"":0.08773378048,""phi3_deg"":232.53649171931517,""phi5_deg"":246.7482858337929,""phi7_deg"":323.71530756655176}",0,50,0.7451701122014399,1692218582,10,False
DEV-BRO-HARMONICS-030,development,broad_nuisance_screen,harmonics,"{""a3_pu"":0.0243122673034668,""a5_pu"":0.08781266405866313,""a7_pu"":0.01933378048,""phi3_deg"":283.96506314788655,""phi5_deg"":279.47555856106567,""phi7_deg"":351.40761525885944}",45,50,0.8039936416132046,1357360713,10,False
DEV-BRO-HARMONICS-031,development,broad_nuisance_screen,harmonics,"{""a3_pu"":0.0693122673034668,""a5_pu"":0.03781266405866314,""a7_pu"":0.03733378048000001,""phi3_deg"":335.393634576458,""phi5_deg"":312.20283128833836,""phi7_deg"":21.23010046596002}",90,50,0.8628171710249694,1764216309,10,False
DEV-BRO-HARMONICS-032,development,broad_nuisance_screen,harmonics,"{""a3_pu"":0.046812267303466805,""a5_pu"":0.06781266405866314,""a7_pu"":0.05533378048,""phi3_deg"":34.169144780539696,""phi5_deg"":344.9301040156111,""phi7_deg"":48.9224081582677}",135,50,0.9216407004367341,3511948780,10,False
DEV-BRO-HARMONICS-033,development,broad_nuisance_screen,harmonics,"{""a3_pu"":0.0918122673034668,""a5_pu"":0.09781266405866314,""a7_pu"":0.07333378047999999,""phi3_deg"":85.59771620911111,""phi5_deg"":20.632583354454066,""phi7_deg"":76.6147158505754}",0,20,0.9804642298484988,2902224153,10,False
DEV-BRO-HARMONICS-034,development,broad_nuisance_screen,harmonics,"{""a3_pu"":0.018687267303466797,""a5_pu"":0.01225710850310759,""a7_pu"":0.09133378047999999,""phi3_deg"":137.02628763768254,""phi5_deg"":53.35985608172679,""phi7_deg"":104.30702354288309}",45,20,0.04274796687272028,2134208426,10,False
DEV-BRO-HARMONICS-035,development,broad_nuisance_screen,harmonics,"{""a3_pu"":0.0636872673034668,""a5_pu"":0.042257108503107585,""a7_pu"":0.022933780480000002,""phi3_deg"":188.45485906625396,""phi5_deg"":86.08712880899952,""phi7_deg"":131.99933123519077}",90,20,0.10157149628448499,2054919796,10,False
DEV-BRO-HARMONICS-036,development,broad_nuisance_screen,harmonics,"{""a3_pu"":0.0411872673034668,""a5_pu"":0.07225710850310758,""a7_pu"":0.04093378048000001,""phi3_deg"":239.88343049482538,""phi5_deg"":118.81440153627223,""phi7_deg"":159.69163892749847}",135,20,0.1603950256962497,156845600,10,False
DEV-BRO-HARMONICS-037,development,broad_nuisance_screen,harmonics,"{""a3_pu"":0.0861872673034668,""a5_pu"":0.022257108503107588,""a7_pu"":0.058933780479999996,""phi3_deg"":291.3120019233968,""phi5_deg"":151.54167426354496,""phi7_deg"":187.38394661980618}",0,30,0.21921855510801438,4273471481,10,False
DEV-BRO-HARMONICS-038,development,broad_nuisance_screen,harmonics,"{""a3_pu"":0.029937267303466797,""a5_pu"":0.05225710850310759,""a7_pu"":0.07693378047999999,""phi3_deg"":342.74057335196824,""phi5_deg"":184.26894699081774,""phi7_deg"":215.0762543121139}",45,30,0.27804208451977913,472135045,10,False
DEV-BRO-HARMONICS-039,development,broad_nuisance_screen,harmonics,"{""a3_pu"":0.0749372673034668,""a5_pu"":0.08225710850310758,""a7_pu"":0.09493378048,""phi3_deg"":41.5160835560499,""phi5_deg"":216.99621971809046,""phi7_deg"":242.76856200442157}",90,30,0.33686561393154385,2200427652,10,False
DEV-BRO-HARMONICS-040,development,broad_nuisance_screen,harmonics,"{""a3_pu"":0.0524372673034668,""a5_pu"":0.03225710850310759,""a7_pu"":0.026533780479999998,""phi3_deg"":92.94465498462132,""phi5_deg"":249.72349244536315,""phi7_deg"":270.4608696967293}",135,30,0.39568914334330846,1613986584,10,False
DEV-BRO-HARMONICS-041,development,broad_nuisance_screen,harmonics,"{""a3_pu"":0.0974372673034668,""a5_pu"":0.062257108503107596,""a7_pu"":0.04453378048000001,""phi3_deg"":144.37322641319275,""phi5_deg"":282.4507651726359,""phi7_deg"":298.15317738903695}",0,40,0.4545126727550732,595567060,10,False
DEV-BRO-HARMONICS-042,development,broad_nuisance_screen,harmonics,"{""a3_pu"":0.011656017303466798,""a5_pu"":0.09225710850310759,""a7_pu"":0.06253378048,""phi3_deg"":195.80179784176414,""phi5_deg"":315.17803789990865,""phi7_deg"":325.8454850813447}",45,40,0.5133362021668378,373085559,10,False
DEV-BRO-HARMONICS-043,development,broad_nuisance_screen,harmonics,"{""a3_pu"":0.0566560173034668,""a5_pu"":0.015590441836440923,""a7_pu"":0.08053378048,""phi3_deg"":247.2303692703356,""phi5_deg"":347.9053106271814,""phi7_deg"":353.53779277365237}",90,40,0.5721597315786026,780011375,10,False
DEV-BRO-HARMONICS-044,development,broad_nuisance_screen,harmonics,"{""a3_pu"":0.0341560173034668,""a5_pu"":0.04559044183644092,""a7_pu"":0.09853378048,""phi3_deg"":298.658940698907,""phi5_deg"":23.607789966024317,""phi7_deg"":23.36027798075292}",135,40,0.6309832609903673,3633306536,10,False
DEV-BRO-HARMONICS-045,development,broad_nuisance_screen,harmonics,"{""a3_pu"":0.0791560173034668,""a5_pu"":0.07559044183644092,""a7_pu"":0.01285378048,""phi3_deg"":350.0875121274784,""phi5_deg"":56.33506269329704,""phi7_deg"":51.052585673060605}",0,50,0.689806790402132,1207480014,10,False
DEV-BRO-HARMONICS-046,development,broad_nuisance_screen,harmonics,"{""a3_pu"":0.0229060173034668,""a5_pu"":0.025590441836440922,""a7_pu"":0.030853780480000002,""phi3_deg"":48.863022331560096,""phi5_deg"":89.06233542056977,""phi7_deg"":78.7448933653683}",45,50,0.7486303198138966,2512004382,10,False
DEV-BRO-HARMONICS-047,development,broad_nuisance_screen,harmonics,"{""a3_pu"":0.0679060173034668,""a5_pu"":0.05559044183644093,""a7_pu"":0.04885378048000001,""phi3_deg"":100.29159376013152,""phi5_deg"":121.78960814784249,""phi7_deg"":106.43720105767599}",90,50,0.8074538492256613,3519557527,10,False
DEV-BRO-HARMONICS-048,development,broad_nuisance_screen,harmonics,"{""a3_pu"":0.0454060173034668,""a5_pu"":0.0855904418364409,""a7_pu"":0.06685378048,""phi3_deg"":151.72016518870296,""phi5_deg"":154.51688087511522,""phi7_deg"":134.1295087499837}",135,50,0.866277378637426,1644620089,10,False
DEV-BRO-HARMONICS-049,development,broad_nuisance_screen,harmonics,"{""a3_pu"":0.0904060173034668,""a5_pu"":0.03559044183644092,""a7_pu"":0.08485378047999999,""phi3_deg"":203.14873661727435,""phi5_deg"":187.244153602388,""phi7_deg"":161.82181644229138}",0,20,0.9251009080491908,2692505754,10,False
DEV-BRO-HARMONICS-050,development,broad_nuisance_screen,harmonics,"{""a3_pu"":0.017281017303466796,""a5_pu"":0.06559044183644092,""a7_pu"":0.01645378048,""phi3_deg"":254.5773080458458,""phi5_deg"":219.9714263296607,""phi7_deg"":189.51412413459906}",45,20,0.9839244374609555,728912356,10,False
DEV-BRO-HARMONICS-051,development,broad_nuisance_screen,harmonics,"{""a3_pu"":0.06228101730346681,""a5_pu"":0.09559044183644091,""a7_pu"":0.03445378048000001,""phi3_deg"":306.0058794744172,""phi5_deg"":252.6986990569334,""phi7_deg"":217.20643182690677}",90,20,0.046208174485177035,118941125,10,False
DEV-BRO-HARMONICS-052,development,broad_nuisance_screen,harmonics,"{""a3_pu"":0.0397810173034668,""a5_pu"":0.018923775169774257,""a7_pu"":0.05245378048000001,""phi3_deg"":357.43445090298866,""phi5_deg"":285.4259717842062,""phi7_deg"":244.89873951921444}",135,20,0.10503170389694175,3317526449,10,False
DEV-BRO-HARMONICS-053,development,broad_nuisance_screen,harmonics,"{""a3_pu"":0.08478101730346681,""a5_pu"":0.04892377516977425,""a7_pu"":0.07045378048,""phi3_deg"":5.830952360714619,""phi5_deg"":318.1532445114789,""phi7_deg"":272.5910472115221}",0,30,0.16385523330870644,927511198,10,False
DEV-BRO-HARMONICS-054,development,broad_nuisance_screen,harmonics,"{""a3_pu"":0.0285310173034668,""a5_pu"":0.07892377516977425,""a7_pu"":0.08845378048,""phi3_deg"":57.25952378928604,""phi5_deg"":350.8805172387516,""phi7_deg"":300.28335490382983}",45,30,0.22267876272047113,1467198125,10,False
DEV-BRO-HARMONICS-055,development,broad_nuisance_screen,harmonics,"{""a3_pu"":0.0735310173034668,""a5_pu"":0.028923775169774256,""a7_pu"":0.020053780480000002,""phi3_deg"":108.68809521785747,""phi5_deg"":26.582996577594567,""phi7_deg"":327.97566259613757}",90,30,0.2815022921322359,2969461493,10,False
DEV-BRO-HARMONICS-056,development,broad_nuisance_screen,harmonics,"{""a3_pu"":0.051031017303466805,""a5_pu"":0.05892377516977426,""a7_pu"":0.03805378048000001,""phi3_deg"":160.11666664642888,""phi5_deg"":59.31026930486729,""phi7_deg"":355.66797028844525}",135,30,0.3403258215440006,1545874806,10,False
DEV-BRO-HARMONICS-057,development,broad_nuisance_screen,harmonics,"{""a3_pu"":0.0960310173034668,""a5_pu"":0.08892377516977425,""a7_pu"":0.05605378047999999,""phi3_deg"":211.54523807500033,""phi5_deg"":92.03754203214001,""phi7_deg"":25.49045549554582}",0,40,0.39914935095576526,3246798987,10,False
DEV-BRO-HARMONICS-058,development,broad_nuisance_screen,harmonics,"{""a3_pu"":0.014468517303466797,""a5_pu"":0.03892377516977425,""a7_pu"":0.07405378048,""phi3_deg"":262.9738095035717,""phi5_deg"":124.76481475941273,""phi7_deg"":53.182763187853496}",45,40,0.45797288036753,3824419841,10,False
DEV-BRO-HARMONICS-059,development,broad_nuisance_screen,harmonics,"{""a3_pu"":0.059468517303466806,""a5_pu"":0.06892377516977426,""a7_pu"":0.09205378047999999,""phi3_deg"":314.40238093214316,""phi5_deg"":157.49208748668548,""phi7_deg"":80.87507088016119}",90,40,0.5167964097792946,2488572309,10,False
DEV-BRO-HARMONICS-060,development,broad_nuisance_screen,harmonics,"{""a3_pu"":0.0369685173034668,""a5_pu"":0.09892377516977426,""a7_pu"":0.02365378048,""phi3_deg"":13.177891136224824,""phi5_deg"":190.21936021395823,""phi7_deg"":108.56737857246888}",135,40,0.5756199391910594,6496989,10,False
DEV-BRO-HARMONICS-061,development,broad_nuisance_screen,harmonics,"{""a3_pu"":0.0819685173034668,""a5_pu"":0.010405256651255737,""a7_pu"":0.04165378048000001,""phi3_deg"":64.60646256479625,""phi5_deg"":222.94663294123092,""phi7_deg"":136.25968626477658}",0,50,0.6344434686028241,2824625630,10,False
DEV-BRO-HARMONICS-062,development,broad_nuisance_screen,harmonics,"{""a3_pu"":0.025718517303466797,""a5_pu"":0.04040525665125573,""a7_pu"":0.059653780479999995,""phi3_deg"":116.03503399336768,""phi5_deg"":255.67390566850366,""phi7_deg"":163.95199395708428}",45,50,0.6932669980145888,2176712142,10,False
DEV-BRO-HARMONICS-063,development,broad_nuisance_screen,harmonics,"{""a3_pu"":0.0707185173034668,""a5_pu"":0.07040525665125573,""a7_pu"":0.07765378047999999,""phi3_deg"":167.4636054219391,""phi5_deg"":288.4011783957764,""phi7_deg"":191.64430164939196}",90,50,0.7520905274263534,4256329253,10,False
DEV-BRO-HARMONICS-064,development,broad_nuisance_screen,harmonics,"{""a3_pu"":0.0482185173034668,""a5_pu"":0.02040525665125574,""a7_pu"":0.09565378047999999,""phi3_deg"":218.89217685051054,""phi5_deg"":321.12845112304916,""phi7_deg"":219.33660934169967}",135,50,0.8109140568381181,3892654975,10,False
DEV-BRO-HARMONICS-065,development,broad_nuisance_screen,harmonics,"{""a3_pu"":0.09321851730346681,""a5_pu"":0.05040525665125573,""a7_pu"":0.027253780480000003,""phi3_deg"":270.32074827908195,""phi5_deg"":353.85572385032185,""phi7_deg"":247.02891703400735}",0,20,0.8697375862498828,2538612367,10,False
DEV-BRO-HARMONICS-066,development,broad_nuisance_screen,harmonics,"{""a3_pu"":0.0200935173034668,""a5_pu"":0.08040525665125572,""a7_pu"":0.04525378048000001,""phi3_deg"":321.7493197076534,""phi5_deg"":29.558203189164814,""phi7_deg"":274.72122472631503}",45,20,0.9285611156616476,1125488673,10,False
DEV-BRO-HARMONICS-067,development,broad_nuisance_screen,harmonics,"{""a3_pu"":0.0650935173034668,""a5_pu"":0.030405256651255742,""a7_pu"":0.06325378048,""phi3_deg"":20.524829911735026,""phi5_deg"":62.285475916437534,""phi7_deg"":302.41353241862276}",90,20,0.9873846450734123,2243562056,10,False
DEV-BRO-HARMONICS-068,development,broad_nuisance_screen,harmonics,"{""a3_pu"":0.042593517303466805,""a5_pu"":0.06040525665125574,""a7_pu"":0.08125378048,""phi3_deg"":71.95340134030644,""phi5_deg"":95.01274864371027,""phi7_deg"":330.10584011093044}",135,20,0.04966838209763378,947753444,10,False
DEV-BRO-HARMONICS-069,development,broad_nuisance_screen,harmonics,"{""a3_pu"":0.0875935173034668,""a5_pu"":0.09040525665125573,""a7_pu"":0.09925378048,""phi3_deg"":123.38197276887787,""phi5_deg"":127.74002137098296,""phi7_deg"":357.7981478032381}",0,30,0.10849191150939849,2060943513,10,False
DEV-BRO-HARMONICS-070,development,broad_nuisance_screen,harmonics,"{""a3_pu"":0.0313435173034668,""a5_pu"":0.01373858998458907,""a7_pu"":0.013573780480000002,""phi3_deg"":174.8105441974493,""phi5_deg"":160.4672940982557,""phi7_deg"":27.620633010338715}",45,30,0.16731544092116318,1382610428,10,False
DEV-BRO-HARMONICS-071,development,broad_nuisance_screen,harmonics,"{""a3_pu"":0.07634351730346679,""a5_pu"":0.043738589984589064,""a7_pu"":0.03157378048,""phi3_deg"":226.23911562602075,""phi5_deg"":193.19456682552845,""phi7_deg"":55.3129407026464}",90,30,0.22613897033292787,2954914822,10,False
DEV-BRO-HARMONICS-072,development,broad_nuisance_screen,harmonics,"{""a3_pu"":0.0538435173034668,""a5_pu"":0.07373858998458907,""a7_pu"":0.04957378048000002,""phi3_deg"":277.6676870545922,""phi5_deg"":225.92183955280115,""phi7_deg"":83.0052483949541}",135,30,0.2849624997446926,1202458926,10,False
DEV-BRO-FLICKER-001,development,broad_nuisance_screen,flicker,"{""modulation_depth"":0.018104991912841796,""modulation_frequency_hz"":12.048134223742615}",0,20,0.4172645555150976,3233617221,10,False
DEV-BRO-FLICKER-002,development,broad_nuisance_screen,flicker,"{""modulation_depth"":0.0631049919128418,""modulation_frequency_hz"":20.21480089040928}",45,20,0.47608808492686233,3842725846,10,False
DEV-BRO-FLICKER-003,development,broad_nuisance_screen,flicker,"{""modulation_depth"":0.0406049919128418,""modulation_frequency_hz"":6.603689779298172}",90,20,0.5349116143386271,943366705,10,False
DEV-BRO-FLICKER-004,development,broad_nuisance_screen,flicker,"{""modulation_depth"":0.08560499191284181,""modulation_frequency_hz"":14.770356445964838}",135,20,0.5937351437503918,1870511576,10,False
DEV-BRO-FLICKER-005,development,broad_nuisance_screen,flicker,"{""modulation_depth"":0.0293549919128418,""modulation_frequency_hz"":22.937023112631504}",0,30,0.6525586731621565,2714198791,10,False
DEV-BRO-FLICKER-006,development,broad_nuisance_screen,flicker,"{""modulation_depth"":0.0743549919128418,""modulation_frequency_hz"":2.066652742261135}",45,30,0.7113822025739212,118919209,10,False
DEV-BRO-FLICKER-007,development,broad_nuisance_screen,flicker,"{""modulation_depth"":0.051854991912841805,""modulation_frequency_hz"":10.2333194089278}",90,30,0.7702057319856859,3713198129,10,False
DEV-BRO-FLICKER-008,development,broad_nuisance_screen,flicker,"{""modulation_depth"":0.0968549919128418,""modulation_frequency_hz"":18.39998607559447}",135,30,0.8290292613974506,1872801473,10,False
DEV-BRO-FLICKER-009,development,broad_nuisance_screen,flicker,"{""modulation_depth"":0.015292491912841797,""modulation_frequency_hz"":4.788874964483358}",0,40,0.8878527908092153,3017069761,10,False
DEV-BRO-FLICKER-010,development,broad_nuisance_screen,flicker,"{""modulation_depth"":0.060292491912841806,""modulation_frequency_hz"":12.955541631150023}",45,40,0.94667632022098,2936430190,10,False
DEV-BRO-FLICKER-011,development,broad_nuisance_screen,flicker,"{""modulation_depth"":0.0377924919128418,""modulation_frequency_hz"":21.122208297816687}",90,40,0.008960057245201455,3371879754,10,False
DEV-BRO-FLICKER-012,development,broad_nuisance_screen,flicker,"{""modulation_depth"":0.0827924919128418,""modulation_frequency_hz"":7.5110971867055785}",135,40,0.06778358665696615,603744945,10,False
DEV-BRO-FLICKER-013,development,broad_nuisance_screen,flicker,"{""modulation_depth"":0.026542491912841797,""modulation_frequency_hz"":15.677763853372245}",0,50,0.12660711606873087,1527759077,10,False
DEV-BRO-FLICKER-014,development,broad_nuisance_screen,flicker,"{""modulation_depth"":0.0715424919128418,""modulation_frequency_hz"":23.84443052003891}",45,50,0.18543064548049557,540628786,10,False
DEV-BRO-FLICKER-015,development,broad_nuisance_screen,flicker,"{""modulation_depth"":0.0490424919128418,""modulation_frequency_hz"":2.9740601496685426}",90,50,0.24425417489226028,3022809880,10,False
DEV-BRO-FLICKER-016,development,broad_nuisance_screen,flicker,"{""modulation_depth"":0.09404249191284181,""modulation_frequency_hz"":11.140726816335208}",135,50,0.303077704304025,3029740001,10,False
DEV-BRO-FLICKER-017,development,broad_nuisance_screen,flicker,"{""modulation_depth"":0.0209174919128418,""modulation_frequency_hz"":19.307393483001874}",0,20,0.36190123371578964,1330549849,10,False
DEV-BRO-FLICKER-018,development,broad_nuisance_screen,flicker,"{""modulation_depth"":0.0659174919128418,""modulation_frequency_hz"":5.696282371890765}",45,20,0.42072476312755436,2851222874,10,False
DEV-BRO-FLICKER-019,development,broad_nuisance_screen,flicker,"{""modulation_depth"":0.043417491912841805,""modulation_frequency_hz"":13.86294903855743}",90,20,0.4795482925393191,2445342005,10,False
DEV-BRO-FLICKER-020,development,broad_nuisance_screen,flicker,"{""modulation_depth"":0.0884174919128418,""modulation_frequency_hz"":22.029615705224096}",135,20,0.5383718219510838,177298289,10,False
DEV-BRO-FLICKER-021,development,broad_nuisance_screen,flicker,"{""modulation_depth"":0.0321674919128418,""modulation_frequency_hz"":8.418504594112985}",0,30,0.5971953513628485,622404134,10,False
DEV-BRO-FLICKER-022,development,broad_nuisance_screen,flicker,"{""modulation_depth"":0.07716749191284179,""modulation_frequency_hz"":16.585171260779653}",45,30,0.6560188807746132,3840287983,10,False
DEV-BRO-FLICKER-023,development,broad_nuisance_screen,flicker,"{""modulation_depth"":0.0546674919128418,""modulation_frequency_hz"":24.751837927446317}",90,30,0.7148424101863778,1259904039,10,False
DEV-BRO-FLICKER-024,development,broad_nuisance_screen,flicker,"{""modulation_depth"":0.0996674919128418,""modulation_frequency_hz"":0.6551301085162793}",135,30,0.7736659395981426,1826842436,10,False
DEV-BRO-FLICKER-025,development,broad_nuisance_screen,flicker,"{""modulation_depth"":0.010194835662841796,""modulation_frequency_hz"":8.821796775182944}",0,40,0.8324894690099073,4282934515,10,False
DEV-BRO-FLICKER-026,development,broad_nuisance_screen,flicker,"{""modulation_depth"":0.05519483566284181,""modulation_frequency_hz"":16.98846344184961}",45,40,0.891312998421672,1365557032,10,False
DEV-BRO-FLICKER-027,development,broad_nuisance_screen,flicker,"{""modulation_depth"":0.0326948356628418,""modulation_frequency_hz"":3.377352330738501}",90,40,0.9501365278334367,1413063775,10,False
DEV-BRO-FLICKER-028,development,broad_nuisance_screen,flicker,"{""modulation_depth"":0.0776948356628418,""modulation_frequency_hz"":11.544018997405166}",135,40,0.0124202648576582,496381732,10,False
DEV-BRO-FLICKER-029,development,broad_nuisance_screen,flicker,"{""modulation_depth"":0.021444835662841798,""modulation_frequency_hz"":19.710685664071832}",0,50,0.07124379426942291,3102931616,10,False
DEV-BRO-FLICKER-030,development,broad_nuisance_screen,flicker,"{""modulation_depth"":0.0664448356628418,""modulation_frequency_hz"":6.099574552960724}",45,50,0.13006732368118762,491578640,10,False
DEV-BRO-FLICKER-031,development,broad_nuisance_screen,flicker,"{""modulation_depth"":0.043944835662841804,""modulation_frequency_hz"":14.26624121962739}",90,50,0.1888908530929523,4081163730,10,False
DEV-BRO-FLICKER-032,development,broad_nuisance_screen,flicker,"{""modulation_depth"":0.0889448356628418,""modulation_frequency_hz"":22.432907886294053}",135,50,0.24771438250471703,1351747134,10,False
DEV-BRO-FLICKER-033,development,broad_nuisance_screen,flicker,"{""modulation_depth"":0.0158198356628418,""modulation_frequency_hz"":1.5625375159236867}",0,20,0.3065379119164817,2436272270,10,False
DEV-BRO-FLICKER-034,development,broad_nuisance_screen,flicker,"{""modulation_depth"":0.060819835662841805,""modulation_frequency_hz"":9.729204182590351}",45,20,0.3653614413282464,2058309264,10,False
DEV-BRO-FLICKER-035,development,broad_nuisance_screen,flicker,"{""modulation_depth"":0.0383198356628418,""modulation_frequency_hz"":17.89587084925702}",90,20,0.4241849707400111,824207695,10,False
DEV-BRO-FLICKER-036,development,broad_nuisance_screen,flicker,"{""modulation_depth"":0.0833198356628418,""modulation_frequency_hz"":4.28475973814591}",135,20,0.4830085001517758,1731256907,10,False
DEV-BRO-FLICKER-037,development,broad_nuisance_screen,flicker,"{""modulation_depth"":0.027069835662841796,""modulation_frequency_hz"":12.451426404812574}",0,30,0.5418320295635406,1007248559,10,False
DEV-BRO-FLICKER-038,development,broad_nuisance_screen,flicker,"{""modulation_depth"":0.07206983566284181,""modulation_frequency_hz"":20.618093071479237}",45,30,0.6006555589753053,3637552288,10,False
DEV-BRO-FLICKER-039,development,broad_nuisance_screen,flicker,"{""modulation_depth"":0.0495698356628418,""modulation_frequency_hz"":7.00698196036813}",90,30,0.65947908838707,4127757800,10,False
DEV-BRO-FLICKER-040,development,broad_nuisance_screen,flicker,"{""modulation_depth"":0.0945698356628418,""modulation_frequency_hz"":15.173648627034796}",135,30,0.7183026177988346,1795381571,10,False
DEV-BRO-FLICKER-041,development,broad_nuisance_screen,flicker,"{""modulation_depth"":0.013007335662841797,""modulation_frequency_hz"":23.34031529370146}",0,40,0.7771261472105994,3650203142,10,False
DEV-BRO-FLICKER-042,development,broad_nuisance_screen,flicker,"{""modulation_depth"":0.0580073356628418,""modulation_frequency_hz"":2.469944923331094}",45,40,0.8359496766223641,3152490858,10,False
DEV-BRO-FLICKER-043,development,broad_nuisance_screen,flicker,"{""modulation_depth"":0.0355073356628418,""modulation_frequency_hz"":10.63661158999776}",90,40,0.8947732060341288,136716145,10,False
DEV-BRO-FLICKER-044,development,broad_nuisance_screen,flicker,"{""modulation_depth"":0.0805073356628418,""modulation_frequency_hz"":18.803278256664424}",135,40,0.9535967354458935,2177844451,10,False
DEV-BRO-FLICKER-045,development,broad_nuisance_screen,flicker,"{""modulation_depth"":0.0242573356628418,""modulation_frequency_hz"":5.1921671455533165}",0,50,0.015880472470114947,2983842306,10,False
DEV-BRO-FLICKER-046,development,broad_nuisance_screen,flicker,"{""modulation_depth"":0.0692573356628418,""modulation_frequency_hz"":13.35883381221998}",45,50,0.07470400188187966,49247232,10,False
DEV-BRO-FLICKER-047,development,broad_nuisance_screen,flicker,"{""modulation_depth"":0.046757335662841806,""modulation_frequency_hz"":21.525500478886645}",90,50,0.13352753129364436,3887209233,10,False
DEV-BRO-FLICKER-048,development,broad_nuisance_screen,flicker,"{""modulation_depth"":0.0917573356628418,""modulation_frequency_hz"":7.914389367775537}",135,50,0.19235106070540905,3955817407,10,False
DEV-BRO-FLICKER-049,development,broad_nuisance_screen,flicker,"{""modulation_depth"":0.0186323356628418,""modulation_frequency_hz"":16.081056034442206}",0,20,0.25117459011717375,2264586255,10,False
DEV-BRO-FLICKER-050,development,broad_nuisance_screen,flicker,"{""modulation_depth"":0.06363233566284181,""modulation_frequency_hz"":24.24772270110887}",45,20,0.30999811952893847,2111532129,10,False
DEV-BRO-FLICKER-051,development,broad_nuisance_screen,flicker,"{""modulation_depth"":0.0411323356628418,""modulation_frequency_hz"":0.9575992443187482}",90,20,0.36882164894070313,2013545690,10,False
DEV-BRO-FLICKER-052,development,broad_nuisance_screen,flicker,"{""modulation_depth"":0.0861323356628418,""modulation_frequency_hz"":9.124265910985413}",135,20,0.42764517835246785,2217659849,10,False
DEV-BRO-FLICKER-053,development,broad_nuisance_screen,flicker,"{""modulation_depth"":0.029882335662841798,""modulation_frequency_hz"":17.29093257765208}",0,30,0.48646870776423257,3353226721,10,False
DEV-BRO-FLICKER-054,development,broad_nuisance_screen,flicker,"{""modulation_depth"":0.0748823356628418,""modulation_frequency_hz"":3.679821466540971}",45,30,0.5452922371759973,1768889838,10,False
DEV-BRO-FLICKER-055,development,broad_nuisance_screen,flicker,"{""modulation_depth"":0.052382335662841804,""modulation_frequency_hz"":11.846488133207636}",90,30,0.604115766587762,2289275703,10,False
DEV-BRO-FLICKER-056,development,broad_nuisance_screen,flicker,"{""modulation_depth"":0.0973823356628418,""modulation_frequency_hz"":20.0131547998743}",135,30,0.6629392959995267,1434025568,10,False
DEV-BRO-FLICKER-057,development,broad_nuisance_screen,flicker,"{""modulation_depth"":0.011601085662841798,""modulation_frequency_hz"":6.402043688763193}",0,40,0.7217628254112913,1297551058,10,False
DEV-BRO-FLICKER-058,development,broad_nuisance_screen,flicker,"{""modulation_depth"":0.056601085662841805,""modulation_frequency_hz"":14.568710355429861}",45,40,0.780586354823056,3223129284,10,False
DEV-BRO-FLICKER-059,development,broad_nuisance_screen,flicker,"{""modulation_depth"":0.0341010856628418,""modulation_frequency_hz"":22.735377022096525}",90,40,0.8394098842348208,1005831833,10,False
DEV-BRO-FLICKER-060,development,broad_nuisance_screen,flicker,"{""modulation_depth"":0.0791010856628418,""modulation_frequency_hz"":1.8650066517261559}",135,40,0.8982334136465855,310921983,10,False
DEV-BRO-FLICKER-061,development,broad_nuisance_screen,flicker,"{""modulation_depth"":0.0228510856628418,""modulation_frequency_hz"":10.031673318392821}",0,50,0.9570569430583502,4125802153,10,False
DEV-BRO-FLICKER-062,development,broad_nuisance_screen,flicker,"{""modulation_depth"":0.0678510856628418,""modulation_frequency_hz"":18.19833998505949}",45,50,0.019340680082571695,2764882460,10,False
DEV-BRO-FLICKER-063,development,broad_nuisance_screen,flicker,"{""modulation_depth"":0.0453510856628418,""modulation_frequency_hz"":4.587228873948378}",90,50,0.0781642094943364,1086018434,10,False
DEV-BRO-FLICKER-064,development,broad_nuisance_screen,flicker,"{""modulation_depth"":0.0903510856628418,""modulation_frequency_hz"":12.753895540615046}",135,50,0.13698773890610114,4082268237,10,False
DEV-BRO-FLICKER-065,development,broad_nuisance_screen,flicker,"{""modulation_depth"":0.017226085662841797,""modulation_frequency_hz"":20.92056220728171}",0,20,0.1958112683178658,1746267061,10,False
DEV-BRO-FLICKER-066,development,broad_nuisance_screen,flicker,"{""modulation_depth"":0.0622260856628418,""modulation_frequency_hz"":7.309451096170599}",45,20,0.2546347977296305,2655363657,10,False
DEV-BRO-FLICKER-067,development,broad_nuisance_screen,flicker,"{""modulation_depth"":0.039726085662841804,""modulation_frequency_hz"":15.476117762837266}",90,20,0.3134583271413952,1245175284,10,False
DEV-BRO-FLICKER-068,development,broad_nuisance_screen,flicker,"{""modulation_depth"":0.0847260856628418,""modulation_frequency_hz"":23.64278442950393}",135,20,0.3722818565531599,3132539321,10,False
DEV-BRO-FLICKER-069,development,broad_nuisance_screen,flicker,"{""modulation_depth"":0.0284760856628418,""modulation_frequency_hz"":2.772414059133563}",0,30,0.4311053859649246,2835270125,10,False
DEV-BRO-FLICKER-070,development,broad_nuisance_screen,flicker,"{""modulation_depth"":0.0734760856628418,""modulation_frequency_hz"":10.939080725800228}",45,30,0.4899289153766893,2186966408,10,False
DEV-BRO-FLICKER-071,development,broad_nuisance_screen,flicker,"{""modulation_depth"":0.05097608566284181,""modulation_frequency_hz"":19.105747392466895}",90,30,0.5487524447884541,484103347,10,False
DEV-BRO-FLICKER-072,development,broad_nuisance_screen,flicker,"{""modulation_depth"":0.0959760856628418,""modulation_frequency_hz"":5.494636281355786}",135,30,0.6075759742002188,3874184513,10,False
DEV-BRO-NOTCHING-001,development,broad_nuisance_screen,notching,"{""depth_pu"":0.3424674987792969,""width_ms"":0.8406780809158494}",0,20,0.7984980177581263,2506182197,10,False
DEV-BRO-NOTCHING-002,development,broad_nuisance_screen,notching,"{""depth_pu"":0.24246749877929688,""width_ms"":0.3406780809158495}",45,20,0.8573215471698911,2563976949,10,False
DEV-BRO-NOTCHING-003,development,broad_nuisance_screen,notching,"{""depth_pu"":0.4424674987792969,""width_ms"":0.6406780809158495}",90,20,0.9161450765816558,2067610218,10,False
DEV-BRO-NOTCHING-004,development,broad_nuisance_screen,notching,"{""depth_pu"":0.1924674987792969,""width_ms"":0.9406780809158495}",135,20,0.9749686059934205,1253236684,10,False
DEV-BRO-NOTCHING-005,development,broad_nuisance_screen,notching,"{""depth_pu"":0.3924674987792969,""width_ms"":0.17401141424918287}",0,30,0.03725234301764192,1266629735,10,False
DEV-BRO-NOTCHING-006,development,broad_nuisance_screen,notching,"{""depth_pu"":0.2924674987792969,""width_ms"":0.4740114142491828}",45,30,0.09607587242940663,3661733709,10,False
DEV-BRO-NOTCHING-007,development,broad_nuisance_screen,notching,"{""depth_pu"":0.49246749877929685,""width_ms"":0.7740114142491828}",90,30,0.15489940184117132,523689296,10,False
DEV-BRO-NOTCHING-008,development,broad_nuisance_screen,notching,"{""depth_pu"":0.11121749877929688,""width_ms"":0.27401141424918285}",135,30,0.213722931252936,2513523858,10,False
DEV-BRO-NOTCHING-009,development,broad_nuisance_screen,notching,"{""depth_pu"":0.3112174987792969,""width_ms"":0.5740114142491829}",0,40,0.2725464606647008,3828613438,10,False
DEV-BRO-NOTCHING-010,development,broad_nuisance_screen,notching,"{""depth_pu"":0.21121749877929688,""width_ms"":0.8740114142491828}",45,40,0.3313699900764655,3796838083,10,False
DEV-BRO-NOTCHING-011,development,broad_nuisance_screen,notching,"{""depth_pu"":0.4112174987792969,""width_ms"":0.3740114142491828}",90,40,0.3901935194882301,58505427,10,False
DEV-BRO-NOTCHING-012,development,broad_nuisance_screen,notching,"{""depth_pu"":0.1612174987792969,""width_ms"":0.6740114142491829}",135,40,0.44901704889999483,1627502881,10,False
DEV-BRO-NOTCHING-013,development,broad_nuisance_screen,notching,"{""depth_pu"":0.3612174987792969,""width_ms"":0.9740114142491828}",0,50,0.5078405783117595,2651421450,10,False
DEV-BRO-NOTCHING-014,development,broad_nuisance_screen,notching,"{""depth_pu"":0.2612174987792969,""width_ms"":0.11845585869362732}",45,50,0.5666641077235243,2291421478,10,False
DEV-BRO-NOTCHING-015,development,broad_nuisance_screen,notching,"{""depth_pu"":0.46121749877929685,""width_ms"":0.4184558586936272}",90,50,0.625487637135289,1544427084,10,False
DEV-BRO-NOTCHING-016,development,broad_nuisance_screen,notching,"{""depth_pu"":0.1362174987792969,""width_ms"":0.7184558586936273}",135,50,0.6843111665470537,3296336391,10,False
DEV-BRO-NOTCHING-017,development,broad_nuisance_screen,notching,"{""depth_pu"":0.33621749877929685,""width_ms"":0.21845585869362733}",0,20,0.7431346959588183,3617525157,10,False
DEV-BRO-NOTCHING-018,development,broad_nuisance_screen,notching,"{""depth_pu"":0.23621749877929688,""width_ms"":0.5184558586936272}",45,20,0.801958225370583,920493569,10,False
DEV-BRO-NOTCHING-019,development,broad_nuisance_screen,notching,"{""depth_pu"":0.43621749877929694,""width_ms"":0.8184558586936274}",90,20,0.8607817547823478,2139996978,10,False
DEV-BRO-NOTCHING-020,development,broad_nuisance_screen,notching,"{""depth_pu"":0.18621749877929689,""width_ms"":0.31845585869362736}",135,20,0.9196052841941125,3865594070,10,False
DEV-BRO-NOTCHING-021,development,broad_nuisance_screen,notching,"{""depth_pu"":0.3862174987792969,""width_ms"":0.6184558586936274}",0,30,0.9784288136058772,1761391408,10,False
DEV-BRO-NOTCHING-022,development,broad_nuisance_screen,notching,"{""depth_pu"":0.2862174987792969,""width_ms"":0.9184558586936273}",45,30,0.04071255063009867,736741773,10,False
DEV-BRO-NOTCHING-023,development,broad_nuisance_screen,notching,"{""depth_pu"":0.4862174987792969,""width_ms"":0.15178919202696067}",90,30,0.09953608004186337,2357189517,10,False
DEV-BRO-NOTCHING-024,development,broad_nuisance_screen,notching,"{""depth_pu"":0.12371749877929689,""width_ms"":0.45178919202696055}",135,30,0.15835960945362806,2299103884,10,False
DEV-BRO-NOTCHING-025,development,broad_nuisance_screen,notching,"{""depth_pu"":0.3237174987792969,""width_ms"":0.7517891920269607}",0,40,0.21718313886539276,722819782,10,False
DEV-BRO-NOTCHING-026,development,broad_nuisance_screen,notching,"{""depth_pu"":0.2237174987792969,""width_ms"":0.25178919202696065}",45,40,0.2760066682771575,417717339,10,False
DEV-BRO-NOTCHING-027,development,broad_nuisance_screen,notching,"{""depth_pu"":0.4237174987792969,""width_ms"":0.5517891920269606}",90,40,0.3348301976889222,983011098,10,False
DEV-BRO-NOTCHING-028,development,broad_nuisance_screen,notching,"{""depth_pu"":0.17371749877929688,""width_ms"":0.8517891920269606}",135,40,0.3936537271006869,3575493915,10,False
DEV-BRO-NOTCHING-029,development,broad_nuisance_screen,notching,"{""depth_pu"":0.37371749877929694,""width_ms"":0.3517891920269606}",0,50,0.45247725651245163,385662528,10,False
DEV-BRO-NOTCHING-030,development,broad_nuisance_screen,notching,"{""depth_pu"":0.27371749877929685,""width_ms"":0.6517891920269607}",45,50,0.5113007859242163,1331781043,10,False
DEV-BRO-NOTCHING-031,development,broad_nuisance_screen,notching,"{""depth_pu"":0.4737174987792969,""width_ms"":0.9517891920269607}",90,50,0.5701243153359811,2735998237,10,False
DEV-BRO-NOTCHING-032,development,broad_nuisance_screen,notching,"{""depth_pu"":0.14871749877929688,""width_ms"":0.185122525360294}",135,50,0.6289478447477458,3804193357,10,False
DEV-BRO-NOTCHING-033,development,broad_nuisance_screen,notching,"{""depth_pu"":0.3487174987792969,""width_ms"":0.4851225253602939}",0,20,0.6877713741595105,1236468449,10,False
DEV-BRO-NOTCHING-034,development,broad_nuisance_screen,notching,"{""depth_pu"":0.24871749877929689,""width_ms"":0.785122525360294}",45,20,0.7465949035712751,362343015,10,False
DEV-BRO-NOTCHING-035,development,broad_nuisance_screen,notching,"{""depth_pu"":0.4487174987792969,""width_ms"":0.28512252536029403}",90,20,0.8054184329830398,3403259477,10,False
DEV-BRO-NOTCHING-036,development,broad_nuisance_screen,notching,"{""depth_pu"":0.1987174987792969,""width_ms"":0.585122525360294}",135,20,0.8642419623948046,2142996451,10,False
DEV-BRO-NOTCHING-037,development,broad_nuisance_screen,notching,"{""depth_pu"":0.39871749877929685,""width_ms"":0.8851225253602939}",0,30,0.9230654918065693,3879789862,10,False
DEV-BRO-NOTCHING-038,development,broad_nuisance_screen,notching,"{""depth_pu"":0.2987174987792969,""width_ms"":0.3851225253602939}",45,30,0.981889021218334,2187367223,10,False
DEV-BRO-NOTCHING-039,development,broad_nuisance_screen,notching,"{""depth_pu"":0.49871749877929694,""width_ms"":0.6851225253602939}",90,30,0.04417275824255541,1781632753,10,False
DEV-BRO-NOTCHING-040,development,broad_nuisance_screen,notching,"{""depth_pu"":0.10106124877929688,""width_ms"":0.9851225253602939}",135,30,0.10299628765432012,4003976630,10,False
DEV-BRO-NOTCHING-041,development,broad_nuisance_screen,notching,"{""depth_pu"":0.30106124877929685,""width_ms"":0.12956696980473845}",0,40,0.1618198170660848,577653885,10,False
DEV-BRO-NOTCHING-042,development,broad_nuisance_screen,notching,"{""depth_pu"":0.20106124877929688,""width_ms"":0.4295669698047384}",45,40,0.2206433464778495,193773300,10,False
DEV-BRO-NOTCHING-043,development,broad_nuisance_screen,notching,"{""depth_pu"":0.40106124877929694,""width_ms"":0.7295669698047385}",90,40,0.2794668758896143,1784522816,10,False
DEV-BRO-NOTCHING-044,development,broad_nuisance_screen,notching,"{""depth_pu"":0.15106124877929689,""width_ms"":0.22956696980473845}",135,40,0.338290405301379,2083634681,10,False
DEV-BRO-NOTCHING-045,development,broad_nuisance_screen,notching,"{""depth_pu"":0.3510612487792969,""width_ms"":0.5295669698047384}",0,50,0.3971139347131436,3734026065,10,False
DEV-BRO-NOTCHING-046,development,broad_nuisance_screen,notching,"{""depth_pu"":0.2510612487792969,""width_ms"":0.8295669698047383}",45,50,0.4559374641249083,3247758038,10,False
DEV-BRO-NOTCHING-047,development,broad_nuisance_screen,notching,"{""depth_pu"":0.4510612487792969,""width_ms"":0.3295669698047384}",90,50,0.514760993536673,4284443149,10,False
DEV-BRO-NOTCHING-048,development,broad_nuisance_screen,notching,"{""depth_pu"":0.1260612487792969,""width_ms"":0.6295669698047385}",135,50,0.5735845229484378,1174156557,10,False
DEV-BRO-NOTCHING-049,development,broad_nuisance_screen,notching,"{""depth_pu"":0.3260612487792969,""width_ms"":0.9295669698047384}",0,20,0.6324080523602025,1793687634,10,False
DEV-BRO-NOTCHING-050,development,broad_nuisance_screen,notching,"{""depth_pu"":0.2260612487792969,""width_ms"":0.16290030313807177}",45,20,0.6912315817719672,3673492876,10,False
DEV-BRO-NOTCHING-051,development,broad_nuisance_screen,notching,"{""depth_pu"":0.42606124877929685,""width_ms"":0.46290030313807173}",90,20,0.7500551111837318,1257071518,10,False
DEV-BRO-NOTCHING-052,development,broad_nuisance_screen,notching,"{""depth_pu"":0.17606124877929688,""width_ms"":0.7629003031380718}",135,20,0.8088786405954965,4272220086,10,False
DEV-BRO-NOTCHING-053,development,broad_nuisance_screen,notching,"{""depth_pu"":0.3760612487792969,""width_ms"":0.2629003031380718}",0,30,0.8677021700072612,2740416607,10,False
DEV-BRO-NOTCHING-054,development,broad_nuisance_screen,notching,"{""depth_pu"":0.2760612487792969,""width_ms"":0.5629003031380718}",45,30,0.926525699419026,385154997,10,False
DEV-BRO-NOTCHING-055,development,broad_nuisance_screen,notching,"{""depth_pu"":0.4760612487792969,""width_ms"":0.8629003031380716}",90,30,0.9853492288307907,2724937332,10,False
DEV-BRO-NOTCHING-056,development,broad_nuisance_screen,notching,"{""depth_pu"":0.11356124877929688,""width_ms"":0.36290030313807164}",135,30,0.047632965855012165,914801591,10,False
DEV-BRO-NOTCHING-057,development,broad_nuisance_screen,notching,"{""depth_pu"":0.3135612487792969,""width_ms"":0.6629003031380718}",0,40,0.10645649526677688,2983333458,10,False
DEV-BRO-NOTCHING-058,development,broad_nuisance_screen,notching,"{""depth_pu"":0.21356124877929689,""width_ms"":0.9629003031380717}",45,40,0.16528002467854155,1861139929,10,False
DEV-BRO-NOTCHING-059,development,broad_nuisance_screen,notching,"{""depth_pu"":0.4135612487792969,""width_ms"":0.19623363647140513}",90,40,0.22410355409030625,3217558301,10,False
DEV-BRO-NOTCHING-060,development,broad_nuisance_screen,notching,"{""depth_pu"":0.1635612487792969,""width_ms"":0.49623363647140506}",135,40,0.282927083502071,876788909,10,False
DEV-BRO-NOTCHING-061,development,broad_nuisance_screen,notching,"{""depth_pu"":0.36356124877929685,""width_ms"":0.7962336364714051}",0,50,0.34175061291383574,1242425181,10,False
DEV-BRO-NOTCHING-062,development,broad_nuisance_screen,notching,"{""depth_pu"":0.2635612487792969,""width_ms"":0.2962336364714051}",45,50,0.4005741423256004,2049810225,10,False
DEV-BRO-NOTCHING-063,development,broad_nuisance_screen,notching,"{""depth_pu"":0.46356124877929694,""width_ms"":0.5962336364714051}",90,50,0.4593976717373651,2102550523,10,False
DEV-BRO-NOTCHING-064,development,broad_nuisance_screen,notching,"{""depth_pu"":0.13856124877929688,""width_ms"":0.8962336364714051}",135,50,0.5182212011491298,774446814,10,False
DEV-BRO-NOTCHING-065,development,broad_nuisance_screen,notching,"{""depth_pu"":0.3385612487792969,""width_ms"":0.3962336364714051}",0,20,0.5770447305608946,3377078537,10,False
DEV-BRO-NOTCHING-066,development,broad_nuisance_screen,notching,"{""depth_pu"":0.23856124877929688,""width_ms"":0.6962336364714051}",45,20,0.6358682599726593,4234797964,10,False
DEV-BRO-NOTCHING-067,development,broad_nuisance_screen,notching,"{""depth_pu"":0.4385612487792969,""width_ms"":0.9962336364714051}",90,20,0.694691789384424,71800566,10,False
DEV-BRO-NOTCHING-068,development,broad_nuisance_screen,notching,"{""depth_pu"":0.1885612487792969,""width_ms"":0.11104845128621993}",135,20,0.7535153187961886,2006592168,10,False
DEV-BRO-NOTCHING-069,development,broad_nuisance_screen,notching,"{""depth_pu"":0.3885612487792969,""width_ms"":0.4110484512862199}",0,30,0.8123388482079533,2780078880,10,False
DEV-BRO-NOTCHING-070,development,broad_nuisance_screen,notching,"{""depth_pu"":0.2885612487792969,""width_ms"":0.7110484512862199}",45,30,0.871162377619718,1820820578,10,False
DEV-BRO-NOTCHING-071,development,broad_nuisance_screen,notching,"{""depth_pu"":0.48856124877929685,""width_ms"":0.21104845128621993}",90,30,0.9299859070314828,2815336326,10,False
DEV-BRO-NOTCHING-072,development,broad_nuisance_screen,notching,"{""depth_pu"":0.10731124877929688,""width_ms"":0.5110484512862199}",135,30,0.9888094364432475,2191087565,10,False
DEV-BRO-OSCILLATORY-TRANSIENT-001,development,broad_nuisance_screen,oscillatory_transient,"{""amplitude_pu"":0.3272722244262696,""frequency_hz"":1146.0397297159984,""support_ms"":3.0895448082249497,""time_constant_ms"":6.790640384}",0,20,0.1211234652503738,4261121042,10,False
DEV-BRO-OSCILLATORY-TRANSIENT-002,development,broad_nuisance_screen,oscillatory_transient,"{""amplitude_pu"":0.6772722244262696,""frequency_hz"":2046.0397297159984,""support_ms"":5.803830522510665,""time_constant_ms"":8.690640384}",45,20,0.17994699466213848,49065530,10,False
DEV-BRO-OSCILLATORY-TRANSIENT-003,development,broad_nuisance_screen,oscillatory_transient,"{""amplitude_pu"":0.23977222442626955,""frequency_hz"":2946.0397297159984,""support_ms"":8.518116236796379,""time_constant_ms"":1.470640384}",90,20,0.2387705240739032,339429145,10,False
DEV-BRO-OSCILLATORY-TRANSIENT-004,development,broad_nuisance_screen,oscillatory_transient,"{""amplitude_pu"":0.5897722244262695,""frequency_hz"":379.3730630493319,""support_ms"":11.232401951082089,""time_constant_ms"":3.370640384000001}",135,20,0.2975940534856679,3440679393,10,False
DEV-BRO-OSCILLATORY-TRANSIENT-005,development,broad_nuisance_screen,oscillatory_transient,"{""amplitude_pu"":0.4147722244262696,""frequency_hz"":1279.373063049332,""support_ms"":13.946687665367804,""time_constant_ms"":5.270640383999998}",0,30,0.3564175828974326,3417559349,10,False
DEV-BRO-OSCILLATORY-TRANSIENT-006,development,broad_nuisance_screen,oscillatory_transient,"{""amplitude_pu"":0.7647722244262696,""frequency_hz"":2179.373063049332,""support_ms"":16.66097337965352,""time_constant_ms"":7.170640383999999}",45,30,0.4152411123091973,1992750932,10,False
DEV-BRO-OSCILLATORY-TRANSIENT-007,development,broad_nuisance_screen,oscillatory_transient,"{""amplitude_pu"":0.13039722442626955,""frequency_hz"":679.3730630493319,""support_ms"":19.375259093939235,""time_constant_ms"":9.070640383999999}",90,30,0.474064641720962,588767947,10,False
DEV-BRO-OSCILLATORY-TRANSIENT-008,development,broad_nuisance_screen,oscillatory_transient,"{""amplitude_pu"":0.48039722442626953,""frequency_hz"":1579.373063049332,""support_ms"":3.4772999102657662,""time_constant_ms"":1.8506403840000003}",135,30,0.5328881711327268,1492325963,10,False
DEV-BRO-OSCILLATORY-TRANSIENT-009,development,broad_nuisance_screen,oscillatory_transient,"{""amplitude_pu"":0.3053972244262696,""frequency_hz"":2479.3730630493314,""support_ms"":6.191585624551481,""time_constant_ms"":3.7506403840000004}",0,40,0.5917117005444915,2020184992,10,False
DEV-BRO-OSCILLATORY-TRANSIENT-010,development,broad_nuisance_screen,oscillatory_transient,"{""amplitude_pu"":0.6553972244262696,""frequency_hz"":979.3730630493318,""support_ms"":8.905871338837196,""time_constant_ms"":5.650640383999999}",45,40,0.6505352299562562,3563137020,10,False
DEV-BRO-OSCILLATORY-TRANSIENT-011,development,broad_nuisance_screen,oscillatory_transient,"{""amplitude_pu"":0.21789722442626955,""frequency_hz"":1879.373063049332,""support_ms"":11.620157053122906,""time_constant_ms"":7.550640383999999}",90,40,0.7093587593680208,3257614279,10,False
DEV-BRO-OSCILLATORY-TRANSIENT-012,development,broad_nuisance_screen,oscillatory_transient,"{""amplitude_pu"":0.5678972244262696,""frequency_hz"":2779.373063049332,""support_ms"":14.334442767408621,""time_constant_ms"":9.450640384}",135,40,0.7681822887797856,485721632,10,False
DEV-BRO-OSCILLATORY-TRANSIENT-013,development,broad_nuisance_screen,oscillatory_transient,"{""amplitude_pu"":0.3928972244262696,""frequency_hz"":479.37306304933185,""support_ms"":17.048728481694337,""time_constant_ms"":2.230640384}",0,50,0.8270058181915503,550253288,10,False
DEV-BRO-OSCILLATORY-TRANSIENT-014,development,broad_nuisance_screen,oscillatory_transient,"{""amplitude_pu"":0.7428972244262696,""frequency_hz"":1379.373063049332,""support_ms"":19.76301419598005,""time_constant_ms"":4.130640384}",45,50,0.885829347603315,1240237034,10,False
DEV-BRO-OSCILLATORY-TRANSIENT-015,development,broad_nuisance_screen,oscillatory_transient,"{""amplitude_pu"":0.17414722442626956,""frequency_hz"":2279.373063049332,""support_ms"":1.2061628840266994,""time_constant_ms"":6.030640383999999}",90,50,0.9446528770150797,923384209,10,False
DEV-BRO-OSCILLATORY-TRANSIENT-016,development,broad_nuisance_screen,oscillatory_transient,"{""amplitude_pu"":0.5241472244262696,""frequency_hz"":779.3730630493319,""support_ms"":3.9204485983124133,""time_constant_ms"":7.930640383999999}",135,50,0.006936614039301141,2297285319,10,False
DEV-BRO-OSCILLATORY-TRANSIENT-017,development,broad_nuisance_screen,oscillatory_transient,"{""amplitude_pu"":0.34914722442626955,""frequency_hz"":1679.373063049332,""support_ms"":6.634734312598129,""time_constant_ms"":9.830640383999999}",0,20,0.06576014345106584,1405859371,10,False
DEV-BRO-OSCILLATORY-TRANSIENT-018,development,broad_nuisance_screen,oscillatory_transient,"{""amplitude_pu"":0.6991472244262695,""frequency_hz"":2579.3730630493314,""support_ms"":9.349020026883842,""time_constant_ms"":0.786640384}",45,20,0.12458367286283055,4058875955,10,False
DEV-BRO-OSCILLATORY-TRANSIENT-019,development,broad_nuisance_screen,oscillatory_transient,"{""amplitude_pu"":0.26164722442626953,""frequency_hz"":1079.373063049332,""support_ms"":12.063305741169554,""time_constant_ms"":2.6866403840000004}",90,20,0.18340720227459523,544908649,10,False
DEV-BRO-OSCILLATORY-TRANSIENT-020,development,broad_nuisance_screen,oscillatory_transient,"{""amplitude_pu"":0.6116472244262695,""frequency_hz"":1979.3730630493317,""support_ms"":14.777591455455267,""time_constant_ms"":4.586640384000001}",135,20,0.24223073168635995,1393506001,10,False
DEV-BRO-OSCILLATORY-TRANSIENT-021,development,broad_nuisance_screen,oscillatory_transient,"{""amplitude_pu"":0.4366472244262696,""frequency_hz"":2879.3730630493314,""support_ms"":17.49187716974098,""time_constant_ms"":6.486640383999999}",0,30,0.30105426109812466,3399769378,10,False
DEV-BRO-OSCILLATORY-TRANSIENT-022,development,broad_nuisance_screen,oscillatory_transient,"{""amplitude_pu"":0.7866472244262696,""frequency_hz"":579.3730630493319,""support_ms"":1.5939179860675154,""time_constant_ms"":8.386640384}",45,30,0.35987779050988933,1737228979,10,False
DEV-BRO-OSCILLATORY-TRANSIENT-023,development,broad_nuisance_screen,oscillatory_transient,"{""amplitude_pu"":0.11945972442626954,""frequency_hz"":1479.373063049332,""support_ms"":4.308203700353229,""time_constant_ms"":1.166640384}",90,30,0.41870131992165405,575765137,10,False
DEV-BRO-OSCILLATORY-TRANSIENT-024,development,broad_nuisance_screen,oscillatory_transient,"{""amplitude_pu"":0.4694597244262696,""frequency_hz"":2379.373063049332,""support_ms"":7.022489414638946,""time_constant_ms"":3.0666403840000007}",135,30,0.47752484933341877,3457675382,10,False
DEV-BRO-OSCILLATORY-TRANSIENT-025,development,broad_nuisance_screen,oscillatory_transient,"{""amplitude_pu"":0.29445972442626955,""frequency_hz"":879.3730630493319,""support_ms"":9.73677512892466,""time_constant_ms"":4.966640384000001}",0,40,0.5363483787451835,28074067,10,False
DEV-BRO-OSCILLATORY-TRANSIENT-026,development,broad_nuisance_screen,oscillatory_transient,"{""amplitude_pu"":0.6444597244262695,""frequency_hz"":1779.3730630493317,""support_ms"":12.45106084321037,""time_constant_ms"":6.866640384}",45,40,0.5951719081569482,2423009804,10,False
DEV-BRO-OSCILLATORY-TRANSIENT-027,development,broad_nuisance_screen,oscillatory_transient,"{""amplitude_pu"":0.20695972442626953,""frequency_hz"":2679.3730630493314,""support_ms"":15.165346557496084,""time_constant_ms"":8.766640383999999}",90,40,0.6539954375687129,2342775029,10,False
DEV-BRO-OSCILLATORY-TRANSIENT-028,development,broad_nuisance_screen,oscillatory_transient,"{""amplitude_pu"":0.5569597244262696,""frequency_hz"":1179.373063049332,""support_ms"":17.879632271781798,""time_constant_ms"":1.546640384}",135,40,0.7128189669804775,34371171,10,False
DEV-BRO-OSCILLATORY-TRANSIENT-029,development,broad_nuisance_screen,oscillatory_transient,"{""amplitude_pu"":0.3819597244262696,""frequency_hz"":2079.373063049332,""support_ms"":1.9816730881083318,""time_constant_ms"":3.446640384000001}",0,50,0.7716424963922422,3130892010,10,False
DEV-BRO-OSCILLATORY-TRANSIENT-030,development,broad_nuisance_screen,oscillatory_transient,"{""amplitude_pu"":0.7319597244262696,""frequency_hz"":2979.373063049332,""support_ms"":4.6959588023940455,""time_constant_ms"":5.346640383999999}",45,50,0.830466025804007,539940485,10,False
DEV-BRO-OSCILLATORY-TRANSIENT-031,development,broad_nuisance_screen,oscillatory_transient,"{""amplitude_pu"":0.16320972442626955,""frequency_hz"":323.81750749377636,""support_ms"":7.410244516679762,""time_constant_ms"":7.246640383999999}",90,50,0.8892895552157717,633911933,10,False
DEV-BRO-OSCILLATORY-TRANSIENT-032,development,broad_nuisance_screen,oscillatory_transient,"{""amplitude_pu"":0.5132097244262696,""frequency_hz"":1223.8175074937762,""support_ms"":10.124530230965476,""time_constant_ms"":9.146640383999998}",135,50,0.9481130846275364,1956448369,10,False
DEV-BRO-OSCILLATORY-TRANSIENT-033,development,broad_nuisance_screen,oscillatory_transient,"{""amplitude_pu"":0.33820972442626956,""frequency_hz"":2123.8175074937762,""support_ms"":12.838815945251188,""time_constant_ms"":1.9266403840000002}",0,20,0.010396821651757888,1669018544,10,False
DEV-BRO-OSCILLATORY-TRANSIENT-034,development,broad_nuisance_screen,oscillatory_transient,"{""amplitude_pu"":0.6882097244262696,""frequency_hz"":623.8175074937762,""support_ms"":15.553101659536901,""time_constant_ms"":3.8266403840000005}",45,20,0.0692203510635226,2393742409,10,False
DEV-BRO-OSCILLATORY-TRANSIENT-035,development,broad_nuisance_screen,oscillatory_transient,"{""amplitude_pu"":0.25070972442626954,""frequency_hz"":1523.8175074937762,""support_ms"":18.267387373822615,""time_constant_ms"":5.726640383999999}",90,20,0.12804388047528728,3785574550,10,False
DEV-BRO-OSCILLATORY-TRANSIENT-036,development,broad_nuisance_screen,oscillatory_transient,"{""amplitude_pu"":0.6007097244262696,""frequency_hz"":2423.817507493776,""support_ms"":2.369428190149148,""time_constant_ms"":7.626640383999999}",135,20,0.18686740988705197,3990435364,10,False
DEV-BRO-OSCILLATORY-TRANSIENT-037,development,broad_nuisance_screen,oscillatory_transient,"{""amplitude_pu"":0.42570972442626953,""frequency_hz"":923.8175074937762,""support_ms"":5.0837139044348625,""time_constant_ms"":9.526640383999998}",0,30,0.2456909392988167,1847893642,10,False
DEV-BRO-OSCILLATORY-TRANSIENT-038,development,broad_nuisance_screen,oscillatory_transient,"{""amplitude_pu"":0.7757097244262696,""frequency_hz"":1823.8175074937762,""support_ms"":7.797999618720578,""time_constant_ms"":2.306640384}",45,30,0.3045144687105814,85435793,10,False
DEV-BRO-OSCILLATORY-TRANSIENT-039,development,broad_nuisance_screen,oscillatory_transient,"{""amplitude_pu"":0.14133472442626954,""frequency_hz"":2723.8175074937762,""support_ms"":10.512285333006291,""time_constant_ms"":4.206640384}",90,30,0.3633379981223461,3481877268,10,False
DEV-BRO-OSCILLATORY-TRANSIENT-040,development,broad_nuisance_screen,oscillatory_transient,"{""amplitude_pu"":0.4913347244262696,""frequency_hz"":423.81750749377636,""support_ms"":13.226571047292001,""time_constant_ms"":6.106640383999999}",135,30,0.4221615275341108,1197597231,10,False
DEV-BRO-OSCILLATORY-TRANSIENT-041,development,broad_nuisance_screen,oscillatory_transient,"{""amplitude_pu"":0.31633472442626953,""frequency_hz"":1323.8175074937762,""support_ms"":15.940856761577715,""time_constant_ms"":8.006640384}",0,40,0.4809850569458755,3904667196,10,False
DEV-BRO-OSCILLATORY-TRANSIENT-042,development,broad_nuisance_screen,oscillatory_transient,"{""amplitude_pu"":0.6663347244262695,""frequency_hz"":2223.8175074937762,""support_ms"":18.655142475863432,""time_constant_ms"":9.906640384}",45,40,0.5398085863576403,3285329923,10,False
DEV-BRO-OSCILLATORY-TRANSIENT-043,development,broad_nuisance_screen,oscillatory_transient,"{""amplitude_pu"":0.22883472442626954,""frequency_hz"":723.8175074937762,""support_ms"":2.7571832921899646,""time_constant_ms"":0.8626403840000001}",90,40,0.598632115769405,1764700980,10,False
DEV-BRO-OSCILLATORY-TRANSIENT-044,development,broad_nuisance_screen,oscillatory_transient,"{""amplitude_pu"":0.5788347244262696,""frequency_hz"":1623.8175074937762,""support_ms"":5.471469006475678,""time_constant_ms"":2.7626403840000004}",135,40,0.6574556451811697,1685733,10,False
DEV-BRO-OSCILLATORY-TRANSIENT-045,development,broad_nuisance_screen,oscillatory_transient,"{""amplitude_pu"":0.40383472442626955,""frequency_hz"":2523.817507493776,""support_ms"":8.185754720761395,""time_constant_ms"":4.662640384000001}",0,50,0.7162791745929343,2530385150,10,False
DEV-BRO-OSCILLATORY-TRANSIENT-046,development,broad_nuisance_screen,oscillatory_transient,"{""amplitude_pu"":0.7538347244262695,""frequency_hz"":1023.8175074937764,""support_ms"":10.900040435047107,""time_constant_ms"":6.562640384}",45,50,0.775102704004699,104358519,10,False
DEV-BRO-OSCILLATORY-TRANSIENT-047,development,broad_nuisance_screen,oscillatory_transient,"{""amplitude_pu"":0.18508472442626955,""frequency_hz"":1923.8175074937762,""support_ms"":13.614326149332818,""time_constant_ms"":8.462640384}",90,50,0.8339262334164638,1962865509,10,False
DEV-BRO-OSCILLATORY-TRANSIENT-048,development,broad_nuisance_screen,oscillatory_transient,"{""amplitude_pu"":0.5350847244262695,""frequency_hz"":2823.817507493776,""support_ms"":16.328611863618534,""time_constant_ms"":1.242640384}",135,50,0.8927497628282285,4266752620,10,False
DEV-BRO-OSCILLATORY-TRANSIENT-049,development,broad_nuisance_screen,oscillatory_transient,"{""amplitude_pu"":0.3600847244262696,""frequency_hz"":523.8175074937764,""support_ms"":19.04289757790425,""time_constant_ms"":3.142640384000001}",0,20,0.9515732922399932,3393929755,10,False
DEV-BRO-OSCILLATORY-TRANSIENT-050,development,broad_nuisance_screen,oscillatory_transient,"{""amplitude_pu"":0.7100847244262696,""frequency_hz"":1423.8175074937762,""support_ms"":3.1449383942307807,""time_constant_ms"":5.042640384}",45,20,0.013857029264214636,4176234337,10,False
DEV-BRO-OSCILLATORY-TRANSIENT-051,development,broad_nuisance_screen,oscillatory_transient,"{""amplitude_pu"":0.2725847244262696,""frequency_hz"":2323.8175074937762,""support_ms"":5.859224108516496,""time_constant_ms"":6.942640384}",90,20,0.07268055867597935,3980018883,10,False
DEV-BRO-OSCILLATORY-TRANSIENT-052,development,broad_nuisance_screen,oscillatory_transient,"{""amplitude_pu"":0.6225847244262696,""frequency_hz"":823.8175074937764,""support_ms"":8.573509822802212,""time_constant_ms"":8.842640384}",135,20,0.13150408808774403,3441532962,10,False
DEV-BRO-OSCILLATORY-TRANSIENT-053,development,broad_nuisance_screen,oscillatory_transient,"{""amplitude_pu"":0.4475847244262696,""frequency_hz"":1723.8175074937762,""support_ms"":11.28779553708792,""time_constant_ms"":1.6226403839999999}",0,30,0.19032761749950872,1991072407,10,False
DEV-BRO-OSCILLATORY-TRANSIENT-054,development,broad_nuisance_screen,oscillatory_transient,"{""amplitude_pu"":0.7975847244262696,""frequency_hz"":2623.817507493776,""support_ms"":14.002081251373635,""time_constant_ms"":3.522640384000001}",45,30,0.24915114691127344,4182140641,10,False
DEV-BRO-OSCILLATORY-TRANSIENT-055,development,broad_nuisance_screen,oscillatory_transient,"{""amplitude_pu"":0.10168628692626953,""frequency_hz"":1123.8175074937762,""support_ms"":16.716366965659347,""time_constant_ms"":5.422640383999998}",90,30,0.30797467632303815,2752222238,10,False
DEV-BRO-OSCILLATORY-TRANSIENT-056,development,broad_nuisance_screen,oscillatory_transient,"{""amplitude_pu"":0.45168628692626955,""frequency_hz"":2023.8175074937762,""support_ms"":19.430652679945062,""time_constant_ms"":7.322640383999999}",135,30,0.3667982057348028,37176377,10,False
DEV-BRO-OSCILLATORY-TRANSIENT-057,development,broad_nuisance_screen,oscillatory_transient,"{""amplitude_pu"":0.27668628692626956,""frequency_hz"":2923.8175074937762,""support_ms"":3.532693496271597,""time_constant_ms"":9.222640383999998}",0,40,0.42562173514656754,1269233385,10,False
DEV-BRO-OSCILLATORY-TRANSIENT-058,development,broad_nuisance_screen,oscillatory_transient,"{""amplitude_pu"":0.6266862869262696,""frequency_hz"":357.1508408271097,""support_ms"":6.2469792105573125,""time_constant_ms"":2.002640384}",45,40,0.48444526455833226,238604317,10,False
DEV-BRO-OSCILLATORY-TRANSIENT-059,development,broad_nuisance_screen,oscillatory_transient,"{""amplitude_pu"":0.18918628692626954,""frequency_hz"":1257.1508408271097,""support_ms"":8.961264924843027,""time_constant_ms"":3.902640384}",90,40,0.543268793970097,3153041312,10,False
DEV-BRO-OSCILLATORY-TRANSIENT-060,development,broad_nuisance_screen,oscillatory_transient,"{""amplitude_pu"":0.5391862869262696,""frequency_hz"":2157.1508408271093,""support_ms"":11.675550639128737,""time_constant_ms"":5.802640383999999}",135,40,0.6020923233818617,3142468418,10,False
DEV-BRO-OSCILLATORY-TRANSIENT-061,development,broad_nuisance_screen,oscillatory_transient,"{""amplitude_pu"":0.36418628692626953,""frequency_hz"":657.1508408271097,""support_ms"":14.389836353414452,""time_constant_ms"":7.7026403839999995}",0,50,0.6609158527936264,101056148,10,False
DEV-BRO-OSCILLATORY-TRANSIENT-062,development,broad_nuisance_screen,oscillatory_transient,"{""amplitude_pu"":0.7141862869262696,""frequency_hz"":1557.1508408271097,""support_ms"":17.104122067700164,""time_constant_ms"":9.602640383999999}",45,50,0.719739382205391,2254842416,10,False
DEV-BRO-OSCILLATORY-TRANSIENT-063,development,broad_nuisance_screen,oscillatory_transient,"{""amplitude_pu"":0.14543628692626953,""frequency_hz"":2457.1508408271093,""support_ms"":19.81840778198588,""time_constant_ms"":2.382640384}",90,50,0.7785629116171557,2928279523,10,False
DEV-BRO-OSCILLATORY-TRANSIENT-064,development,broad_nuisance_screen,oscillatory_transient,"{""amplitude_pu"":0.4954362869262696,""frequency_hz"":957.1508408271096,""support_ms"":1.2615564700325301,""time_constant_ms"":4.2826403840000005}",135,50,0.8373864410289205,3721855576,10,False
DEV-BRO-OSCILLATORY-TRANSIENT-065,development,broad_nuisance_screen,oscillatory_transient,"{""amplitude_pu"":0.3204362869262696,""frequency_hz"":1857.1508408271097,""support_ms"":3.9758421843182443,""time_constant_ms"":6.182640383999999}",0,20,0.8962099704406852,680702570,10,False
DEV-BRO-OSCILLATORY-TRANSIENT-066,development,broad_nuisance_screen,oscillatory_transient,"{""amplitude_pu"":0.6704362869262696,""frequency_hz"":2757.1508408271097,""support_ms"":6.69012789860396,""time_constant_ms"":8.082640384}",45,20,0.9550334998524499,3386621104,10,False
DEV-BRO-OSCILLATORY-TRANSIENT-067,development,broad_nuisance_screen,oscillatory_transient,"{""amplitude_pu"":0.23293628692626955,""frequency_hz"":457.1508408271097,""support_ms"":9.404413612889673,""time_constant_ms"":9.982640384}",90,20,0.017317236876671385,729632466,10,False
DEV-BRO-OSCILLATORY-TRANSIENT-068,development,broad_nuisance_screen,oscillatory_transient,"{""amplitude_pu"":0.5829362869262695,""frequency_hz"":1357.1508408271097,""support_ms"":12.118699327175385,""time_constant_ms"":0.573840384}",135,20,0.0761407662884361,2054165737,10,False
DEV-BRO-OSCILLATORY-TRANSIENT-069,development,broad_nuisance_screen,oscillatory_transient,"{""amplitude_pu"":0.4079362869262696,""frequency_hz"":2257.1508408271097,""support_ms"":14.832985041461098,""time_constant_ms"":2.4738403840000003}",0,30,0.1349642957002008,3008756523,10,False
DEV-BRO-OSCILLATORY-TRANSIENT-070,development,broad_nuisance_screen,oscillatory_transient,"{""amplitude_pu"":0.7579362869262696,""frequency_hz"":757.1508408271096,""support_ms"":17.547270755746812,""time_constant_ms"":4.373840384000001}",45,30,0.19378782511196546,415530360,10,False
DEV-BRO-OSCILLATORY-TRANSIENT-071,development,broad_nuisance_screen,oscillatory_transient,"{""amplitude_pu"":0.12356128692626954,""frequency_hz"":1657.1508408271095,""support_ms"":1.6493115720733464,""time_constant_ms"":6.273840383999999}",90,30,0.2526113545237302,1726241085,10,False
DEV-BRO-OSCILLATORY-TRANSIENT-072,development,broad_nuisance_screen,oscillatory_transient,"{""amplitude_pu"":0.47356128692626953,""frequency_hz"":2557.1508408271093,""support_ms"":4.36359728635906,""time_constant_ms"":8.173840383999998}",135,30,0.3114348839354949,2800071153,10,False
DEV-BRO-IMPULSIVE-TRANSIENT-001,development,broad_nuisance_screen,impulsive_transient,"{""absolute_amplitude_pu"":0.877802848815918,""polarity"":0.07615334399999996,""width_ms"":1.1757911038102065}",0,20,0.5023569274934025,1732843179,10,False
DEV-BRO-IMPULSIVE-TRANSIENT-002,development,broad_nuisance_screen,impulsive_transient,"{""absolute_amplitude_pu"":0.31530284881591797,""polarity"":0.4761533440000001,""width_ms"":1.8091244371435398}",45,20,0.5611804569051673,1918749508,10,False
DEV-BRO-IMPULSIVE-TRANSIENT-003,development,broad_nuisance_screen,impulsive_transient,"{""absolute_amplitude_pu"":0.7653028488159179,""polarity"":0.876153344,""width_ms"":0.19060591862502138}",90,20,0.620003986316932,1831975878,10,False
DEV-BRO-IMPULSIVE-TRANSIENT-004,development,broad_nuisance_screen,impulsive_transient,"{""absolute_amplitude_pu"":0.540302848815918,""polarity"":-0.643846656,""width_ms"":0.8239392519583546}",135,20,0.6788275157286967,1117750318,10,False
DEV-BRO-IMPULSIVE-TRANSIENT-005,development,broad_nuisance_screen,impulsive_transient,"{""absolute_amplitude_pu"":0.990302848815918,""polarity"":-0.243846656,""width_ms"":1.4572725852916881}",0,30,0.7376510451404613,3014820096,10,False
DEV-BRO-IMPULSIVE-TRANSIENT-006,development,broad_nuisance_screen,impulsive_transient,"{""absolute_amplitude_pu"":0.11139659881591797,""polarity"":0.15615334400000003,""width_ms"":0.40171702973613244}",45,30,0.796474574552226,3411422676,10,False
DEV-BRO-IMPULSIVE-TRANSIENT-007,development,broad_nuisance_screen,impulsive_transient,"{""absolute_amplitude_pu"":0.561396598815918,""polarity"":0.5561533440000002,""width_ms"":1.0350503630694659}",90,30,0.8552981039639908,1355690507,10,False
DEV-BRO-IMPULSIVE-TRANSIENT-008,development,broad_nuisance_screen,impulsive_transient,"{""absolute_amplitude_pu"":0.336396598815918,""polarity"":0.9561533440000001,""width_ms"":1.6683836964027987}",135,30,0.9141216333757555,2148815324,10,False
DEV-BRO-IMPULSIVE-TRANSIENT-009,development,broad_nuisance_screen,impulsive_transient,"{""absolute_amplitude_pu"":0.786396598815918,""polarity"":-0.947846656,""width_ms"":0.6128281408472436}",0,40,0.9729451627875202,356786087,10,False
DEV-BRO-IMPULSIVE-TRANSIENT-010,development,broad_nuisance_screen,impulsive_transient,"{""absolute_amplitude_pu"":0.22389659881591797,""polarity"":-0.547846656,""width_ms"":1.2461614741805769}",45,40,0.03522889981174161,34079134,10,False
DEV-BRO-IMPULSIVE-TRANSIENT-011,development,broad_nuisance_screen,impulsive_transient,"{""absolute_amplitude_pu"":0.673896598815918,""polarity"":-0.1478466559999999,""width_ms"":1.87949480751391}",90,40,0.09405242922350632,931850128,10,False
DEV-BRO-IMPULSIVE-TRANSIENT-012,development,broad_nuisance_screen,impulsive_transient,"{""absolute_amplitude_pu"":0.44889659881591804,""polarity"":0.2521533440000001,""width_ms"":0.26097628899539177}",135,40,0.152875958635271,1590377437,10,False
DEV-BRO-IMPULSIVE-TRANSIENT-013,development,broad_nuisance_screen,impulsive_transient,"{""absolute_amplitude_pu"":0.898896598815918,""polarity"":0.652153344,""width_ms"":0.894309622328725}",0,50,0.2116994880470357,3112833791,10,False
DEV-BRO-IMPULSIVE-TRANSIENT-014,development,broad_nuisance_screen,impulsive_transient,"{""absolute_amplitude_pu"":0.16764659881591798,""polarity"":-0.867846656,""width_ms"":1.5276429556620583}",45,50,0.2705230174588004,2785605618,10,False
DEV-BRO-IMPULSIVE-TRANSIENT-015,development,broad_nuisance_screen,impulsive_transient,"{""absolute_amplitude_pu"":0.617646598815918,""polarity"":-0.46784665599999997,""width_ms"":0.47208740010650285}",90,50,0.32934654687056514,2242614223,10,False
DEV-BRO-IMPULSIVE-TRANSIENT-016,development,broad_nuisance_screen,impulsive_transient,"{""absolute_amplitude_pu"":0.392646598815918,""polarity"":-0.06784665599999995,""width_ms"":1.105420733439836}",135,50,0.38817007628232975,2410828554,10,False
DEV-BRO-IMPULSIVE-TRANSIENT-017,development,broad_nuisance_screen,impulsive_transient,"{""absolute_amplitude_pu"":0.842646598815918,""polarity"":0.3321533440000002,""width_ms"":1.7387540667731693}",0,20,0.44699360569409446,2182437725,10,False
DEV-BRO-IMPULSIVE-TRANSIENT-018,development,broad_nuisance_screen,impulsive_transient,"{""absolute_amplitude_pu"":0.28014659881591797,""polarity"":0.7321533440000001,""width_ms"":0.6831985112176139}",45,20,0.5058171351058592,2988292626,10,False
DEV-BRO-IMPULSIVE-TRANSIENT-019,development,broad_nuisance_screen,impulsive_transient,"{""absolute_amplitude_pu"":0.7301465988159179,""polarity"":-0.7878466559999999,""width_ms"":1.3165318445509473}",90,20,0.564640664517624,2876504439,10,False
DEV-BRO-IMPULSIVE-TRANSIENT-020,development,broad_nuisance_screen,impulsive_transient,"{""absolute_amplitude_pu"":0.505146598815918,""polarity"":-0.3878466559999999,""width_ms"":1.9498651778842804}",135,20,0.6234641939293887,143644685,10,False
DEV-BRO-IMPULSIVE-TRANSIENT-021,development,broad_nuisance_screen,impulsive_transient,"{""absolute_amplitude_pu"":0.955146598815918,""polarity"":0.0121533439999999,""width_ms"":0.14369233837810783}",0,30,0.6822877233411534,1069246290,10,False
DEV-BRO-IMPULSIVE-TRANSIENT-022,development,broad_nuisance_screen,impulsive_transient,"{""absolute_amplitude_pu"":0.13952159881591797,""polarity"":0.41215334400000003,""width_ms"":0.7770256717114411}",45,30,0.741111252752918,2259757845,10,False
DEV-BRO-IMPULSIVE-TRANSIENT-023,development,broad_nuisance_screen,impulsive_transient,"{""absolute_amplitude_pu"":0.589521598815918,""polarity"":0.8121533439999999,""width_ms"":1.4103590050447743}",90,30,0.7999347821646827,54925999,10,False
DEV-BRO-IMPULSIVE-TRANSIENT-024,development,broad_nuisance_screen,impulsive_transient,"{""absolute_amplitude_pu"":0.36452159881591795,""polarity"":-0.7078466560000001,""width_ms"":0.35480344948921894}",135,30,0.8587583115764474,1190922566,10,False
DEV-BRO-IMPULSIVE-TRANSIENT-025,development,broad_nuisance_screen,impulsive_transient,"{""absolute_amplitude_pu"":0.814521598815918,""polarity"":-0.30784665599999994,""width_ms"":0.9881367828225521}",0,40,0.9175818409882122,2348775978,10,False
DEV-BRO-IMPULSIVE-TRANSIENT-026,development,broad_nuisance_screen,impulsive_transient,"{""absolute_amplitude_pu"":0.252021598815918,""polarity"":0.09215334399999997,""width_ms"":1.6214701161558853}",45,40,0.9764053703999769,2723739552,10,False
DEV-BRO-IMPULSIVE-TRANSIENT-027,development,broad_nuisance_screen,impulsive_transient,"{""absolute_amplitude_pu"":0.702021598815918,""polarity"":0.4921533440000001,""width_ms"":0.56591456060033}",90,40,0.03868910742419836,2032201543,10,False
DEV-BRO-IMPULSIVE-TRANSIENT-028,development,broad_nuisance_screen,impulsive_transient,"{""absolute_amplitude_pu"":0.477021598815918,""polarity"":0.892153344,""width_ms"":1.1992478939336635}",135,40,0.09751263683596306,3008564488,10,False
DEV-BRO-IMPULSIVE-TRANSIENT-029,development,broad_nuisance_screen,impulsive_transient,"{""absolute_amplitude_pu"":0.927021598815918,""polarity"":-0.627846656,""width_ms"":1.8325812272669966}",0,50,0.15633616624772775,36122679,10,False
DEV-BRO-IMPULSIVE-TRANSIENT-030,development,broad_nuisance_screen,impulsive_transient,"{""absolute_amplitude_pu"":0.195771598815918,""polarity"":-0.22784665599999998,""width_ms"":0.21406270874847816}",45,50,0.21515969565949244,629974494,10,False
DEV-BRO-IMPULSIVE-TRANSIENT-031,development,broad_nuisance_screen,impulsive_transient,"{""absolute_amplitude_pu"":0.645771598815918,""polarity"":0.17215334400000004,""width_ms"":0.8473960420818114}",90,50,0.2739832250712571,3382609121,10,False
DEV-BRO-IMPULSIVE-TRANSIENT-032,development,broad_nuisance_screen,impulsive_transient,"{""absolute_amplitude_pu"":0.42077159881591797,""polarity"":0.5721533440000002,""width_ms"":1.480729375415145}",135,50,0.3328067544830218,1395322541,10,False
DEV-BRO-IMPULSIVE-TRANSIENT-033,development,broad_nuisance_screen,impulsive_transient,"{""absolute_amplitude_pu"":0.8707715988159179,""polarity"":0.9721533440000001,""width_ms"":0.42517381985958924}",0,20,0.39163028389478655,2844525183,10,False
DEV-BRO-IMPULSIVE-TRANSIENT-034,development,broad_nuisance_screen,impulsive_transient,"{""absolute_amplitude_pu"":0.308271598815918,""polarity"":-0.931846656,""width_ms"":1.0585071531929224}",45,20,0.45045381330655127,2781745949,10,False
DEV-BRO-IMPULSIVE-TRANSIENT-035,development,broad_nuisance_screen,impulsive_transient,"{""absolute_amplitude_pu"":0.758271598815918,""polarity"":-0.531846656,""width_ms"":1.6918404865262557}",90,20,0.509277342718316,585814020,10,False
DEV-BRO-IMPULSIVE-TRANSIENT-036,development,broad_nuisance_screen,impulsive_transient,"{""absolute_amplitude_pu"":0.533271598815918,""polarity"":-0.1318466559999999,""width_ms"":0.6362849309707004}",135,20,0.5681008721300808,3570980763,10,False
DEV-BRO-IMPULSIVE-TRANSIENT-037,development,broad_nuisance_screen,impulsive_transient,"{""absolute_amplitude_pu"":0.983271598815918,""polarity"":0.2681533440000001,""width_ms"":1.2696182643040337}",0,30,0.6269244015418455,2086687261,10,False
DEV-BRO-IMPULSIVE-TRANSIENT-038,development,broad_nuisance_screen,impulsive_transient,"{""absolute_amplitude_pu"":0.12545909881591796,""polarity"":0.668153344,""width_ms"":1.902951597637367}",45,30,0.6857479309536102,1716334928,10,False
DEV-BRO-IMPULSIVE-TRANSIENT-039,development,broad_nuisance_screen,impulsive_transient,"{""absolute_amplitude_pu"":0.575459098815918,""polarity"":-0.851846656,""width_ms"":0.2844330791188485}",90,30,0.7445714603653748,285390326,10,False
DEV-BRO-IMPULSIVE-TRANSIENT-040,development,broad_nuisance_screen,impulsive_transient,"{""absolute_amplitude_pu"":0.35045909881591797,""polarity"":-0.45184665599999996,""width_ms"":0.9177664124521818}",135,30,0.8033949897771395,1347347801,10,False
DEV-BRO-IMPULSIVE-TRANSIENT-041,development,broad_nuisance_screen,impulsive_transient,"{""absolute_amplitude_pu"":0.8004590988159179,""polarity"":-0.051846656000000046,""width_ms"":1.5510997457855151}",0,40,0.8622185191889042,2203051971,10,False
DEV-BRO-IMPULSIVE-TRANSIENT-042,development,broad_nuisance_screen,impulsive_transient,"{""absolute_amplitude_pu"":0.23795909881591798,""polarity"":0.3481533440000002,""width_ms"":0.49554419022995966}",45,40,0.921042048600669,2333693792,10,False
DEV-BRO-IMPULSIVE-TRANSIENT-043,development,broad_nuisance_screen,impulsive_transient,"{""absolute_amplitude_pu"":0.687959098815918,""polarity"":0.7481533440000001,""width_ms"":1.1288775235632929}",90,40,0.9798655780124337,2564694983,10,False
DEV-BRO-IMPULSIVE-TRANSIENT-044,development,broad_nuisance_screen,impulsive_transient,"{""absolute_amplitude_pu"":0.462959098815918,""polarity"":-0.771846656,""width_ms"":1.762210856896626}",135,40,0.0421493150366551,444574713,10,False
DEV-BRO-IMPULSIVE-TRANSIENT-045,development,broad_nuisance_screen,impulsive_transient,"{""absolute_amplitude_pu"":0.912959098815918,""polarity"":-0.3718466559999999,""width_ms"":0.7066553013410707}",0,50,0.10097284444841981,239287629,10,False
DEV-BRO-IMPULSIVE-TRANSIENT-046,development,broad_nuisance_screen,impulsive_transient,"{""absolute_amplitude_pu"":0.18170909881591796,""polarity"":0.028153343999999914,""width_ms"":1.3399886346744039}",45,50,0.1597963738601845,4266383268,10,False
DEV-BRO-IMPULSIVE-TRANSIENT-047,development,broad_nuisance_screen,impulsive_transient,"{""absolute_amplitude_pu"":0.631709098815918,""polarity"":0.42815334400000005,""width_ms"":1.9733219680077372}",90,50,0.2186199032719492,3310946860,10,False
DEV-BRO-IMPULSIVE-TRANSIENT-048,development,broad_nuisance_screen,impulsive_transient,"{""absolute_amplitude_pu"":0.406709098815918,""polarity"":0.828153344,""width_ms"":0.1671491285015646}",135,50,0.2774434326837139,2602242332,10,False
DEV-BRO-IMPULSIVE-TRANSIENT-049,development,broad_nuisance_screen,impulsive_transient,"{""absolute_amplitude_pu"":0.856709098815918,""polarity"":-0.6918466560000001,""width_ms"":0.8004824618348979}",0,20,0.3362669620954786,2401991079,10,False
DEV-BRO-IMPULSIVE-TRANSIENT-050,development,broad_nuisance_screen,impulsive_transient,"{""absolute_amplitude_pu"":0.29420909881591795,""polarity"":-0.29184665600000004,""width_ms"":1.433815795168231}",45,20,0.39509049150724324,667377008,10,False
DEV-BRO-IMPULSIVE-TRANSIENT-051,development,broad_nuisance_screen,impulsive_transient,"{""absolute_amplitude_pu"":0.744209098815918,""polarity"":0.10815334399999998,""width_ms"":0.37826023961267574}",90,20,0.45391402091900795,3264280421,10,False
DEV-BRO-IMPULSIVE-TRANSIENT-052,development,broad_nuisance_screen,impulsive_transient,"{""absolute_amplitude_pu"":0.519209098815918,""polarity"":0.5081533440000001,""width_ms"":1.011593572946009}",135,20,0.5127375503307727,976237024,10,False
DEV-BRO-IMPULSIVE-TRANSIENT-053,development,broad_nuisance_screen,impulsive_transient,"{""absolute_amplitude_pu"":0.969209098815918,""polarity"":0.908153344,""width_ms"":1.6449269062793421}",0,30,0.5715610797425374,4152132204,10,False
DEV-BRO-IMPULSIVE-TRANSIENT-054,development,broad_nuisance_screen,impulsive_transient,"{""absolute_amplitude_pu"":0.15358409881591797,""polarity"":-0.611846656,""width_ms"":0.5893713507237868}",45,30,0.6303846091543022,3424980943,10,False
DEV-BRO-IMPULSIVE-TRANSIENT-055,development,broad_nuisance_screen,impulsive_transient,"{""absolute_amplitude_pu"":0.603584098815918,""polarity"":-0.21184665599999997,""width_ms"":1.22270468405712}",90,30,0.6892081385660669,1277881001,10,False
DEV-BRO-IMPULSIVE-TRANSIENT-056,development,broad_nuisance_screen,impulsive_transient,"{""absolute_amplitude_pu"":0.37858409881591804,""polarity"":0.18815334400000006,""width_ms"":1.8560380173904534}",135,30,0.7480316679778315,421068255,10,False
DEV-BRO-IMPULSIVE-TRANSIENT-057,development,broad_nuisance_screen,impulsive_transient,"{""absolute_amplitude_pu"":0.828584098815918,""polarity"":0.5881533440000002,""width_ms"":0.23751949887193496}",0,40,0.8068551973895962,2194060845,10,False
DEV-BRO-IMPULSIVE-TRANSIENT-058,development,broad_nuisance_screen,impulsive_transient,"{""absolute_amplitude_pu"":0.266084098815918,""polarity"":0.9881533440000001,""width_ms"":0.8708528322052682}",45,40,0.8656787268013609,1862277133,10,False
DEV-BRO-IMPULSIVE-TRANSIENT-059,development,broad_nuisance_screen,impulsive_transient,"{""absolute_amplitude_pu"":0.716084098815918,""polarity"":-0.992646656,""width_ms"":1.5041861655386015}",90,40,0.9245022562131257,3357998636,10,False
DEV-BRO-IMPULSIVE-TRANSIENT-060,development,broad_nuisance_screen,impulsive_transient,"{""absolute_amplitude_pu"":0.49108409881591797,""polarity"":-0.592646656,""width_ms"":0.44863060998304605}",135,40,0.9833257856248904,743490948,10,False
DEV-BRO-IMPULSIVE-TRANSIENT-061,development,broad_nuisance_screen,impulsive_transient,"{""absolute_amplitude_pu"":0.9410840988159179,""polarity"":-0.19264665599999997,""width_ms"":1.0819639433163795}",0,50,0.045609522649111854,1205944616,10,False
DEV-BRO-IMPULSIVE-TRANSIENT-062,development,broad_nuisance_screen,impulsive_transient,"{""absolute_amplitude_pu"":0.20983409881591797,""polarity"":0.20735334399999994,""width_ms"":1.7152972766497123}",45,50,0.10443305206087657,1026937908,10,False
DEV-BRO-IMPULSIVE-TRANSIENT-063,development,broad_nuisance_screen,impulsive_transient,"{""absolute_amplitude_pu"":0.6598340988159179,""polarity"":0.6073533439999999,""width_ms"":0.6597417210941571}",90,50,0.16325658147264124,1545159985,10,False
DEV-BRO-IMPULSIVE-TRANSIENT-064,development,broad_nuisance_screen,impulsive_transient,"{""absolute_amplitude_pu"":0.43483409881591795,""polarity"":-0.912646656,""width_ms"":1.2930750544274905}",135,50,0.22208011088440593,2557112128,10,False
DEV-BRO-IMPULSIVE-TRANSIENT-065,development,broad_nuisance_screen,impulsive_transient,"{""absolute_amplitude_pu"":0.884834098815918,""polarity"":-0.512646656,""width_ms"":1.9264083877608236}",0,20,0.28090364029617065,1169858162,10,False
DEV-BRO-IMPULSIVE-TRANSIENT-066,development,broad_nuisance_screen,impulsive_transient,"{""absolute_amplitude_pu"":0.322334098815918,""polarity"":-0.11264665600000001,""width_ms"":0.3078898692423053}",45,20,0.3397271697079354,1557388847,10,False
DEV-BRO-IMPULSIVE-TRANSIENT-067,development,broad_nuisance_screen,impulsive_transient,"{""absolute_amplitude_pu"":0.772334098815918,""polarity"":0.287353344,""width_ms"":0.9412232025756386}",90,20,0.39855069911970004,2913637611,10,False
DEV-BRO-IMPULSIVE-TRANSIENT-068,development,broad_nuisance_screen,impulsive_transient,"{""absolute_amplitude_pu"":0.547334098815918,""polarity"":0.6873533439999999,""width_ms"":1.574556535908972}",135,20,0.45737422853146475,3362151292,10,False
DEV-BRO-IMPULSIVE-TRANSIENT-069,development,broad_nuisance_screen,impulsive_transient,"{""absolute_amplitude_pu"":0.997334098815918,""polarity"":-0.832646656,""width_ms"":0.5190009803534165}",0,30,0.5161977579432295,273978834,10,False
DEV-BRO-IMPULSIVE-TRANSIENT-070,development,broad_nuisance_screen,impulsive_transient,"{""absolute_amplitude_pu"":0.10260753631591797,""polarity"":-0.43264665599999996,""width_ms"":1.1523343136867497}",45,30,0.5750212873549942,4278596658,10,False
DEV-BRO-IMPULSIVE-TRANSIENT-071,development,broad_nuisance_screen,impulsive_transient,"{""absolute_amplitude_pu"":0.552607536315918,""polarity"":-0.03264665599999994,""width_ms"":1.7856676470200827}",90,30,0.633844816766759,3365549239,10,False
DEV-BRO-IMPULSIVE-TRANSIENT-072,development,broad_nuisance_screen,impulsive_transient,"{""absolute_amplitude_pu"":0.327607536315918,""polarity"":0.36735334399999986,""width_ms"":0.7301120914645275}",135,30,0.6926683461785237,3038033242,10,False
DEV-COM-CMP-01-001,development,compound_screen,sag+harmonics,"{""component_scale_quantile"":0.2409055965029253,""onset_order_quantile"":0.8000385024000001,""overlap_fraction"":0.12941694259643555}",stratified_by_component,partition_grid,0.9183616225434321,996751768,20,False
DEV-COM-CMP-01-002,development,compound_screen,sag+harmonics,"{""component_scale_quantile"":0.5742389298362586,""onset_order_quantile"":0.0400385024,""overlap_fraction"":0.6294169425964355}",stratified_by_component,partition_grid,0.08162692866588109,1541325643,20,False
DEV-COM-CMP-01-003,development,compound_screen,sag+harmonics,"{""component_scale_quantile"":0.9075722631695918,""onset_order_quantile"":0.24003850240000002,""overlap_fraction"":0.37941694259643555}",stratified_by_component,partition_grid,0.224484071523024,4130305157,20,False
DEV-COM-CMP-01-004,development,compound_screen,sag+harmonics,"{""component_scale_quantile"":0.05572041131774009,""onset_order_quantile"":0.4400385024,""overlap_fraction"":0.8794169425964355}",stratified_by_component,partition_grid,0.3673412143801667,3503280983,20,False
DEV-COM-CMP-01-005,development,compound_screen,sag+harmonics,"{""component_scale_quantile"":0.38905374465107334,""onset_order_quantile"":0.6400385024000002,""overlap_fraction"":0.06691694259643555}",stratified_by_component,partition_grid,0.5101983572373097,292128040,20,False
DEV-COM-CMP-01-006,development,compound_screen,sag+harmonics,"{""component_scale_quantile"":0.7223870779844067,""onset_order_quantile"":0.8400385024000001,""overlap_fraction"":0.5669169425964355}",stratified_by_component,partition_grid,0.6530555000944525,1863322973,20,False
DEV-COM-CMP-01-007,development,compound_screen,sag+harmonics,"{""component_scale_quantile"":0.16683152242885124,""onset_order_quantile"":0.08003850239999999,""overlap_fraction"":0.31691694259643555}",stratified_by_component,partition_grid,0.7959126429515953,456497673,20,False
DEV-COM-CMP-01-008,development,compound_screen,sag+harmonics,"{""component_scale_quantile"":0.5001648557621845,""onset_order_quantile"":0.2800385024,""overlap_fraction"":0.8169169425964355}",stratified_by_component,partition_grid,0.9387697858087382,219395427,20,False
DEV-COM-CMP-01-009,development,compound_screen,sag+harmonics,"{""component_scale_quantile"":0.8334981890955176,""onset_order_quantile"":0.4800385024,""overlap_fraction"":0.19191694259643555}",stratified_by_component,partition_grid,0.1020350919311872,2342982531,20,False
DEV-COM-CMP-01-010,development,compound_screen,sag+harmonics,"{""component_scale_quantile"":0.27794263353996224,""onset_order_quantile"":0.6800385024000001,""overlap_fraction"":0.6919169425964355}",stratified_by_component,partition_grid,0.24489223478833008,677429179,20,False
DEV-COM-CMP-01-011,development,compound_screen,sag+harmonics,"{""component_scale_quantile"":0.6112759668732956,""onset_order_quantile"":0.8800385024,""overlap_fraction"":0.44191694259643555}",stratified_by_component,partition_grid,0.3877493776454728,1601054786,20,False
DEV-COM-CMP-01-012,development,compound_screen,sag+harmonics,"{""component_scale_quantile"":0.9446093002066288,""onset_order_quantile"":0.12003850239999998,""overlap_fraction"":0.9419169425964355}",stratified_by_component,partition_grid,0.5306065205026158,2287939624,20,False
DEV-COM-CMP-01-013,development,compound_screen,sag+harmonics,"{""component_scale_quantile"":0.09275744835477712,""onset_order_quantile"":0.3200385024,""overlap_fraction"":0.03566694259643555}",stratified_by_component,partition_grid,0.6734636633597586,2572720269,20,False
DEV-COM-CMP-01-014,development,compound_screen,sag+harmonics,"{""component_scale_quantile"":0.4260907816881104,""onset_order_quantile"":0.5200385024,""overlap_fraction"":0.5356669425964355}",stratified_by_component,partition_grid,0.8163208062169014,2729822774,20,False
DEV-COM-CMP-01-015,development,compound_screen,sag+harmonics,"{""component_scale_quantile"":0.7594241150214437,""onset_order_quantile"":0.7200385024000001,""overlap_fraction"":0.28566694259643555}",stratified_by_component,partition_grid,0.9591779490740443,1040027504,20,False
DEV-COM-CMP-01-016,development,compound_screen,sag+harmonics,"{""component_scale_quantile"":0.20386855946588828,""onset_order_quantile"":0.9200385024000001,""overlap_fraction"":0.7856669425964355}",stratified_by_component,partition_grid,0.12244325519649332,3197271220,20,False
DEV-COM-CMP-01-017,development,compound_screen,sag+harmonics,"{""component_scale_quantile"":0.5372018927992214,""onset_order_quantile"":0.1600385024,""overlap_fraction"":0.16066694259643555}",stratified_by_component,partition_grid,0.2653003980536361,144707582,20,False
DEV-COM-CMP-01-018,development,compound_screen,sag+harmonics,"{""component_scale_quantile"":0.8705352261325546,""onset_order_quantile"":0.36003850239999996,""overlap_fraction"":0.6606669425964355}",stratified_by_component,partition_grid,0.40815754091077894,3826874708,20,False
DEV-COM-CMP-01-019,development,compound_screen,sag+harmonics,"{""component_scale_quantile"":0.31497967057699927,""onset_order_quantile"":0.5600385024000001,""overlap_fraction"":0.41066694259643555}",stratified_by_component,partition_grid,0.5510146837679218,1690100348,20,False
DEV-COM-CMP-01-020,development,compound_screen,sag+harmonics,"{""component_scale_quantile"":0.6483130039103325,""onset_order_quantile"":0.7600385024000001,""overlap_fraction"":0.9106669425964355}",stratified_by_component,partition_grid,0.6938718266250647,1115854880,20,False
DEV-COM-CMP-01-021,development,compound_screen,sag+harmonics,"{""component_scale_quantile"":0.9816463372436658,""onset_order_quantile"":0.9600385024000001,""overlap_fraction"":0.09816694259643555}",stratified_by_component,partition_grid,0.8367289694822075,643020713,20,False
DEV-COM-CMP-01-022,development,compound_screen,sag+harmonics,"{""component_scale_quantile"":0.03102905329304872,""onset_order_quantile"":0.0080385024,""overlap_fraction"":0.5981669425964355}",stratified_by_component,partition_grid,0.9795861123393504,2637035501,20,False
DEV-COM-CMP-01-023,development,compound_screen,sag+harmonics,"{""component_scale_quantile"":0.364362386626382,""onset_order_quantile"":0.20803850240000002,""overlap_fraction"":0.34816694259643555}",stratified_by_component,partition_grid,0.1428514184617995,790120253,20,False
DEV-COM-CMP-01-024,development,compound_screen,sag+harmonics,"{""component_scale_quantile"":0.6976957199597152,""onset_order_quantile"":0.4080385024,""overlap_fraction"":0.8481669425964355}",stratified_by_component,partition_grid,0.2857085613189422,4218722985,20,False
DEV-COM-CMP-01-025,development,compound_screen,sag+harmonics,"{""component_scale_quantile"":0.14214016440415989,""onset_order_quantile"":0.6080385024000001,""overlap_fraction"":0.22316694259643555}",stratified_by_component,partition_grid,0.4285657041760851,1709990179,20,False
DEV-COM-CMP-01-026,development,compound_screen,sag+harmonics,"{""component_scale_quantile"":0.4754734977374931,""onset_order_quantile"":0.8080385024000001,""overlap_fraction"":0.7231669425964355}",stratified_by_component,partition_grid,0.571422847033228,99038751,20,False
DEV-COM-CMP-01-027,development,compound_screen,sag+harmonics,"{""component_scale_quantile"":0.8088068310708263,""onset_order_quantile"":0.0480385024,""overlap_fraction"":0.47316694259643555}",stratified_by_component,partition_grid,0.7142799898903709,633189637,20,False
DEV-COM-CMP-01-028,development,compound_screen,sag+harmonics,"{""component_scale_quantile"":0.2532512755152709,""onset_order_quantile"":0.24803850240000003,""overlap_fraction"":0.9731669425964355}",stratified_by_component,partition_grid,0.8571371327475137,880814925,20,False
DEV-COM-CMP-01-029,development,compound_screen,sag+harmonics,"{""component_scale_quantile"":0.5865846088486042,""onset_order_quantile"":0.4480385024,""overlap_fraction"":0.020041942596435547}",stratified_by_component,partition_grid,0.9999942756046566,1920874984,20,False
DEV-COM-CMP-01-030,development,compound_screen,sag+harmonics,"{""component_scale_quantile"":0.9199179421819375,""onset_order_quantile"":0.6480385024000002,""overlap_fraction"":0.5200419425964355}",stratified_by_component,partition_grid,3.989730087820897e-06,829180341,20,False
DEV-COM-CMP-01-031,development,compound_screen,sag+harmonics,"{""component_scale_quantile"":0.06806609033008576,""onset_order_quantile"":0.8480385024000001,""overlap_fraction"":0.27004194259643555}",stratified_by_component,partition_grid,0.14286113258723068,307595530,20,False
DEV-COM-CMP-01-032,development,compound_screen,sag+harmonics,"{""component_scale_quantile"":0.401399423663419,""onset_order_quantile"":0.08803850239999998,""overlap_fraction"":0.7700419425964355}",stratified_by_component,partition_grid,0.2857182754443735,596431270,20,False
DEV-COM-CMP-01-033,development,compound_screen,sag+harmonics,"{""component_scale_quantile"":0.7347327569967523,""onset_order_quantile"":0.2880385024,""overlap_fraction"":0.14504194259643555}",stratified_by_component,partition_grid,0.42857541830151635,1736648588,20,False
DEV-COM-CMP-01-034,development,compound_screen,sag+harmonics,"{""component_scale_quantile"":0.17917720144119692,""onset_order_quantile"":0.4880385024,""overlap_fraction"":0.6450419425964355}",stratified_by_component,partition_grid,0.5714325611586591,1153938001,20,False
DEV-COM-CMP-01-035,development,compound_screen,sag+harmonics,"{""component_scale_quantile"":0.5125105347745301,""onset_order_quantile"":0.6880385024000001,""overlap_fraction"":0.39504194259643555}",stratified_by_component,partition_grid,0.7142897040158019,3325680755,20,False
DEV-COM-CMP-01-036,development,compound_screen,sag+harmonics,"{""component_scale_quantile"":0.8458438681078633,""onset_order_quantile"":0.8880385024,""overlap_fraction"":0.8950419425964355}",stratified_by_component,partition_grid,0.8571468468729448,3233254925,20,False
DEV-COM-CMP-01-037,development,compound_screen,sag+harmonics,"{""component_scale_quantile"":0.2902883125523079,""onset_order_quantile"":0.1280385024,""overlap_fraction"":0.08254194259643555}",stratified_by_component,partition_grid,0.02041215299539394,2187524264,20,False
DEV-COM-CMP-01-038,development,compound_screen,sag+harmonics,"{""component_scale_quantile"":0.6236216458856412,""onset_order_quantile"":0.3280385024,""overlap_fraction"":0.5825419425964355}",stratified_by_component,partition_grid,0.1632692958525368,118990953,20,False
DEV-COM-CMP-01-039,development,compound_screen,sag+harmonics,"{""component_scale_quantile"":0.9569549792189744,""onset_order_quantile"":0.5280385024,""overlap_fraction"":0.33254194259643555}",stratified_by_component,partition_grid,0.30612643870967965,3271512914,20,False
DEV-COM-CMP-01-040,development,compound_screen,sag+harmonics,"{""component_scale_quantile"":0.1051031273671228,""onset_order_quantile"":0.7280385024000001,""overlap_fraction"":0.8325419425964355}",stratified_by_component,partition_grid,0.4489835815668225,3202432611,20,False
DEV-COM-CMP-02-001,development,compound_screen,swell+harmonics,"{""component_scale_quantile"":0.9857615635811143,""onset_order_quantile"":0.0720385024,""overlap_fraction"":0.5903544425964355}",stratified_by_component,partition_grid,0.3498582171353356,937905533,20,False
DEV-COM-CMP-02-002,development,compound_screen,swell+harmonics,"{""component_scale_quantile"":0.03514427963049729,""onset_order_quantile"":0.2720385024,""overlap_fraction"":0.34035444259643555}",stratified_by_component,partition_grid,0.49271535999247845,3149007552,20,False
DEV-COM-CMP-02-003,development,compound_screen,swell+harmonics,"{""component_scale_quantile"":0.3684776129638306,""onset_order_quantile"":0.47203850239999995,""overlap_fraction"":0.8403544425964355}",stratified_by_component,partition_grid,0.6355725028496212,692994527,20,False
DEV-COM-CMP-02-004,development,compound_screen,swell+harmonics,"{""component_scale_quantile"":0.7018109462971638,""onset_order_quantile"":0.6720385024000002,""overlap_fraction"":0.21535444259643555}",stratified_by_component,partition_grid,0.778429645706764,937121102,20,False
DEV-COM-CMP-02-005,development,compound_screen,swell+harmonics,"{""component_scale_quantile"":0.14625539074160843,""onset_order_quantile"":0.8720385024000001,""overlap_fraction"":0.7153544425964355}",stratified_by_component,partition_grid,0.9212867885639069,2258936101,20,False
DEV-COM-CMP-02-006,development,compound_screen,swell+harmonics,"{""component_scale_quantile"":0.4795887240749417,""onset_order_quantile"":0.11203850239999999,""overlap_fraction"":0.46535444259643555}",stratified_by_component,partition_grid,0.08455209468635605,1495244194,20,False
DEV-COM-CMP-02-007,development,compound_screen,swell+harmonics,"{""component_scale_quantile"":0.8129220574082748,""onset_order_quantile"":0.31203850240000003,""overlap_fraction"":0.9653544425964355}",stratified_by_component,partition_grid,0.22740923754349887,2019686959,20,False
DEV-COM-CMP-02-008,development,compound_screen,swell+harmonics,"{""component_scale_quantile"":0.2573665018527195,""onset_order_quantile"":0.5120385024,""overlap_fraction"":0.05910444259643555}",stratified_by_component,partition_grid,0.3702663804006417,1998207462,20,False
DEV-COM-CMP-02-009,development,compound_screen,swell+harmonics,"{""component_scale_quantile"":0.5906998351860527,""onset_order_quantile"":0.7120385024000001,""overlap_fraction"":0.5591044425964355}",stratified_by_component,partition_grid,0.5131235232577845,2052200371,20,False
DEV-COM-CMP-02-010,development,compound_screen,swell+harmonics,"{""component_scale_quantile"":0.924033168519386,""onset_order_quantile"":0.9120385024000001,""overlap_fraction"":0.30910444259643555}",stratified_by_component,partition_grid,0.6559806661149273,3610352901,20,False
DEV-COM-CMP-02-011,development,compound_screen,swell+harmonics,"{""component_scale_quantile"":0.07218131666753433,""onset_order_quantile"":0.1520385024,""overlap_fraction"":0.8091044425964355}",stratified_by_component,partition_grid,0.7988378089720701,1415864623,20,False
DEV-COM-CMP-02-012,development,compound_screen,swell+harmonics,"{""component_scale_quantile"":0.4055146500008676,""onset_order_quantile"":0.35203850239999995,""overlap_fraction"":0.18410444259643555}",stratified_by_component,partition_grid,0.941694951829213,241933533,20,False
DEV-COM-CMP-02-013,development,compound_screen,swell+harmonics,"{""component_scale_quantile"":0.7388479833342009,""onset_order_quantile"":0.5520385024000001,""overlap_fraction"":0.6841044425964355}",stratified_by_component,partition_grid,0.10496025795166217,461530012,20,False
DEV-COM-CMP-02-014,development,compound_screen,swell+harmonics,"{""component_scale_quantile"":0.18329242777864546,""onset_order_quantile"":0.7520385024000001,""overlap_fraction"":0.43410444259643555}",stratified_by_component,partition_grid,0.24781740080880502,2421688915,20,False
DEV-COM-CMP-02-015,development,compound_screen,swell+harmonics,"{""component_scale_quantile"":0.5166257611119787,""onset_order_quantile"":0.9520385024000001,""overlap_fraction"":0.9341044425964355}",stratified_by_component,partition_grid,0.39067454366594784,2931626993,20,False
DEV-COM-CMP-02-016,development,compound_screen,swell+harmonics,"{""component_scale_quantile"":0.8499590944453118,""onset_order_quantile"":0.1920385024,""overlap_fraction"":0.12160444259643555}",stratified_by_component,partition_grid,0.5335316865230906,227190221,20,False
DEV-COM-CMP-02-017,development,compound_screen,swell+harmonics,"{""component_scale_quantile"":0.2944035388897565,""onset_order_quantile"":0.3920385024,""overlap_fraction"":0.6216044425964355}",stratified_by_component,partition_grid,0.6763888293802335,3982507281,20,False
DEV-COM-CMP-02-018,development,compound_screen,swell+harmonics,"{""component_scale_quantile"":0.6277368722230897,""onset_order_quantile"":0.5920385024000001,""overlap_fraction"":0.37160444259643555}",stratified_by_component,partition_grid,0.8192459722373763,658936063,20,False
DEV-COM-CMP-02-019,development,compound_screen,swell+harmonics,"{""component_scale_quantile"":0.961070205556423,""onset_order_quantile"":0.7920385024000002,""overlap_fraction"":0.8716044425964355}",stratified_by_component,partition_grid,0.9621031150945192,1952972661,20,False
DEV-COM-CMP-02-020,development,compound_screen,swell+harmonics,"{""component_scale_quantile"":0.10921835370457136,""onset_order_quantile"":0.9920385024000001,""overlap_fraction"":0.24660444259643555}",stratified_by_component,partition_grid,0.12536842121696828,37029083,20,False
DEV-COM-CMP-02-021,development,compound_screen,swell+harmonics,"{""component_scale_quantile"":0.44255168703790465,""onset_order_quantile"":0.0016385024000000002,""overlap_fraction"":0.7466044425964355}",stratified_by_component,partition_grid,0.2682255640741111,1156921435,20,False
DEV-COM-CMP-02-022,development,compound_screen,swell+harmonics,"{""component_scale_quantile"":0.7758850203712379,""onset_order_quantile"":0.2016385024,""overlap_fraction"":0.49660444259643555}",stratified_by_component,partition_grid,0.411082706931254,4016778831,20,False
DEV-COM-CMP-02-023,development,compound_screen,swell+harmonics,"{""component_scale_quantile"":0.2203294648156825,""onset_order_quantile"":0.4016385024,""overlap_fraction"":0.9966044425964355}",stratified_by_component,partition_grid,0.5539398497883967,4240550651,20,False
DEV-COM-CMP-02-024,development,compound_screen,swell+harmonics,"{""component_scale_quantile"":0.5536627981490156,""onset_order_quantile"":0.6016385024000002,""overlap_fraction"":0.002463817596435547}",stratified_by_component,partition_grid,0.6967969926455396,217813494,20,False
DEV-COM-CMP-02-025,development,compound_screen,swell+harmonics,"{""component_scale_quantile"":0.8869961314823489,""onset_order_quantile"":0.8016385024000001,""overlap_fraction"":0.5024638175964355}",stratified_by_component,partition_grid,0.8396541355026824,1023227901,20,False
DEV-COM-CMP-02-026,development,compound_screen,swell+harmonics,"{""component_scale_quantile"":0.33144057592679355,""onset_order_quantile"":0.0416385024,""overlap_fraction"":0.25246381759643555}",stratified_by_component,partition_grid,0.9825112783598253,3874993633,20,False
DEV-COM-CMP-02-027,development,compound_screen,swell+harmonics,"{""component_scale_quantile"":0.6647739092601268,""onset_order_quantile"":0.2416385024,""overlap_fraction"":0.7524638175964355}",stratified_by_component,partition_grid,0.005834893520175284,459536810,20,False
DEV-COM-CMP-02-028,development,compound_screen,swell+harmonics,"{""component_scale_quantile"":0.9981072425934601,""onset_order_quantile"":0.44163850239999997,""overlap_fraction"":0.12746381759643555}",stratified_by_component,partition_grid,0.14869203637731815,4208372705,20,False
DEV-COM-CMP-02-029,development,compound_screen,swell+harmonics,"{""component_scale_quantile"":0.003594211043391667,""onset_order_quantile"":0.6416385024000002,""overlap_fraction"":0.6274638175964355}",stratified_by_component,partition_grid,0.29154917923446094,3349183569,20,False
DEV-COM-CMP-02-030,development,compound_screen,swell+harmonics,"{""component_scale_quantile"":0.33692754437672495,""onset_order_quantile"":0.8416385024000002,""overlap_fraction"":0.37746381759643555}",stratified_by_component,partition_grid,0.4344063220916038,3103504810,20,False
DEV-COM-CMP-02-031,development,compound_screen,swell+harmonics,"{""component_scale_quantile"":0.6702608777100583,""onset_order_quantile"":0.0816385024,""overlap_fraction"":0.8774638175964355}",stratified_by_component,partition_grid,0.5772634649487466,3673349706,20,False
DEV-COM-CMP-02-032,development,compound_screen,swell+harmonics,"{""component_scale_quantile"":0.11470532215450277,""onset_order_quantile"":0.2816385024,""overlap_fraction"":0.06496381759643555}",stratified_by_component,partition_grid,0.7201206078058894,3353448535,20,False
DEV-COM-CMP-02-033,development,compound_screen,swell+harmonics,"{""component_scale_quantile"":0.44803865548783606,""onset_order_quantile"":0.4816385024,""overlap_fraction"":0.5649638175964355}",stratified_by_component,partition_grid,0.8629777506630323,4217752470,20,False
DEV-COM-CMP-02-034,development,compound_screen,swell+harmonics,"{""component_scale_quantile"":0.7813719888211693,""onset_order_quantile"":0.6816385024000001,""overlap_fraction"":0.31496381759643555}",stratified_by_component,partition_grid,0.026243056785481403,2406136324,20,False
DEV-COM-CMP-02-035,development,compound_screen,swell+harmonics,"{""component_scale_quantile"":0.2258164332656139,""onset_order_quantile"":0.8816385024000001,""overlap_fraction"":0.8149638175964355}",stratified_by_component,partition_grid,0.16910019964262427,3009225839,20,False
DEV-COM-CMP-02-036,development,compound_screen,swell+harmonics,"{""component_scale_quantile"":0.5591497665989472,""onset_order_quantile"":0.12163850239999999,""overlap_fraction"":0.18996381759643555}",stratified_by_component,partition_grid,0.3119573424997671,4199262265,20,False
DEV-COM-CMP-02-037,development,compound_screen,swell+harmonics,"{""component_scale_quantile"":0.8924830999322805,""onset_order_quantile"":0.32163850239999997,""overlap_fraction"":0.6899638175964355}",stratified_by_component,partition_grid,0.45481448535690994,1520992221,20,False
DEV-COM-CMP-02-038,development,compound_screen,swell+harmonics,"{""component_scale_quantile"":0.0406312480804287,""onset_order_quantile"":0.5216385024000001,""overlap_fraction"":0.43996381759643555}",stratified_by_component,partition_grid,0.5976716282140527,3631717879,20,False
DEV-COM-CMP-02-039,development,compound_screen,swell+harmonics,"{""component_scale_quantile"":0.373964581413762,""onset_order_quantile"":0.7216385024000002,""overlap_fraction"":0.9399638175964355}",stratified_by_component,partition_grid,0.7405287710711955,1075663902,20,False
DEV-COM-CMP-02-040,development,compound_screen,swell+harmonics,"{""component_scale_quantile"":0.7072979147470954,""onset_order_quantile"":0.9216385024000001,""overlap_fraction"":0.03371381759643555}",stratified_by_component,partition_grid,0.8833859139283384,3953926926,20,False
DEV-COM-CMP-03-001,development,compound_screen,sag+oscillatory_transient,"{""component_scale_quantile"":0.4356929764754904,""onset_order_quantile"":0.2656385024,""overlap_fraction"":0.44777631759643555}",stratified_by_component,partition_grid,0.7842605494968514,2122614969,20,False
DEV-COM-CMP-03-002,development,compound_screen,sag+oscillatory_transient,"{""component_scale_quantile"":0.7690263098088237,""onset_order_quantile"":0.4656385024,""overlap_fraction"":0.9477763175964355}",stratified_by_component,partition_grid,0.9271176923539943,1198980376,20,False
DEV-COM-CMP-03-003,development,compound_screen,sag+oscillatory_transient,"{""component_scale_quantile"":0.21347075425326822,""onset_order_quantile"":0.6656385024000002,""overlap_fraction"":0.04152631759643555}",stratified_by_component,partition_grid,0.09038299847644352,3239140421,20,False
DEV-COM-CMP-03-004,development,compound_screen,sag+oscillatory_transient,"{""component_scale_quantile"":0.5468040875866015,""onset_order_quantile"":0.8656385024000002,""overlap_fraction"":0.5415263175964355}",stratified_by_component,partition_grid,0.23324014133358634,1569114936,20,False
DEV-COM-CMP-03-005,development,compound_screen,sag+oscillatory_transient,"{""component_scale_quantile"":0.8801374209199347,""onset_order_quantile"":0.1056385024,""overlap_fraction"":0.29152631759643555}",stratified_by_component,partition_grid,0.3760972841907292,3001828742,20,False
DEV-COM-CMP-03-006,development,compound_screen,sag+oscillatory_transient,"{""component_scale_quantile"":0.3245818653643793,""onset_order_quantile"":0.3056385024,""overlap_fraction"":0.7915263175964355}",stratified_by_component,partition_grid,0.518954427047872,1276687150,20,False
DEV-COM-CMP-03-007,development,compound_screen,sag+oscillatory_transient,"{""component_scale_quantile"":0.6579151986977126,""onset_order_quantile"":0.5056385024000001,""overlap_fraction"":0.16652631759643555}",stratified_by_component,partition_grid,0.6618115699050148,269411179,20,False
DEV-COM-CMP-03-008,development,compound_screen,sag+oscillatory_transient,"{""component_scale_quantile"":0.9912485320310459,""onset_order_quantile"":0.7056385024000001,""overlap_fraction"":0.6665263175964355}",stratified_by_component,partition_grid,0.8046687127621576,493529636,20,False
DEV-COM-CMP-03-009,development,compound_screen,sag+oscillatory_transient,"{""component_scale_quantile"":0.007709437380840226,""onset_order_quantile"":0.9056385024000001,""overlap_fraction"":0.41652631759643555}",stratified_by_component,partition_grid,0.9475258556193005,407676970,20,False
DEV-COM-CMP-03-010,development,compound_screen,sag+oscillatory_transient,"{""component_scale_quantile"":0.3410427707141735,""onset_order_quantile"":0.14563850239999998,""overlap_fraction"":0.9165263175964355}",stratified_by_component,partition_grid,0.11079116174174963,4066464504,20,False
DEV-COM-CMP-03-011,development,compound_screen,sag+oscillatory_transient,"{""component_scale_quantile"":0.6743761040475068,""onset_order_quantile"":0.3456385024,""overlap_fraction"":0.10402631759643555}",stratified_by_component,partition_grid,0.2536483045988925,3948078368,20,False
DEV-COM-CMP-03-012,development,compound_screen,sag+oscillatory_transient,"{""component_scale_quantile"":0.11882054849195132,""onset_order_quantile"":0.5456385024000001,""overlap_fraction"":0.6040263175964355}",stratified_by_component,partition_grid,0.39650544745603533,1859165759,20,False
DEV-COM-CMP-03-013,development,compound_screen,sag+oscillatory_transient,"{""component_scale_quantile"":0.4521538818252846,""onset_order_quantile"":0.7456385024000002,""overlap_fraction"":0.35402631759643555}",stratified_by_component,partition_grid,0.539362590313178,2513205795,20,False
DEV-COM-CMP-03-014,development,compound_screen,sag+oscillatory_transient,"{""component_scale_quantile"":0.7854872151586179,""onset_order_quantile"":0.9456385024000001,""overlap_fraction"":0.8540263175964355}",stratified_by_component,partition_grid,0.6822197331703209,1680849343,20,False
DEV-COM-CMP-03-015,development,compound_screen,sag+oscillatory_transient,"{""component_scale_quantile"":0.22993165960306247,""onset_order_quantile"":0.1856385024,""overlap_fraction"":0.22902631759643555}",stratified_by_component,partition_grid,0.8250768760274637,413333876,20,False
DEV-COM-CMP-03-016,development,compound_screen,sag+oscillatory_transient,"{""component_scale_quantile"":0.5632649929363958,""onset_order_quantile"":0.38563850239999997,""overlap_fraction"":0.7290263175964355}",stratified_by_component,partition_grid,0.9679340188846066,3936642982,20,False
DEV-COM-CMP-03-017,development,compound_screen,sag+oscillatory_transient,"{""component_scale_quantile"":0.896598326269729,""onset_order_quantile"":0.5856385024000001,""overlap_fraction"":0.47902631759643555}",stratified_by_component,partition_grid,0.13119932500705575,1738516054,20,False
DEV-COM-CMP-03-018,development,compound_screen,sag+oscillatory_transient,"{""component_scale_quantile"":0.04474647441787726,""onset_order_quantile"":0.7856385024000002,""overlap_fraction"":0.9790263175964355}",stratified_by_component,partition_grid,0.27405646786419857,758274585,20,False
DEV-COM-CMP-03-019,development,compound_screen,sag+oscillatory_transient,"{""component_scale_quantile"":0.37807980775121053,""onset_order_quantile"":0.9856385024000002,""overlap_fraction"":0.025901317596435547}",stratified_by_component,partition_grid,0.4169136107213415,3248035956,20,False
DEV-COM-CMP-03-020,development,compound_screen,sag+oscillatory_transient,"{""component_scale_quantile"":0.7114131410845439,""onset_order_quantile"":0.0336385024,""overlap_fraction"":0.5259013175964355}",stratified_by_component,partition_grid,0.5597707535784842,409168156,20,False
DEV-COM-CMP-03-021,development,compound_screen,sag+oscillatory_transient,"{""component_scale_quantile"":0.1558575855289884,""onset_order_quantile"":0.2336385024,""overlap_fraction"":0.27590131759643555}",stratified_by_component,partition_grid,0.7026278964356271,1570117152,20,False
DEV-COM-CMP-03-022,development,compound_screen,sag+oscillatory_transient,"{""component_scale_quantile"":0.48919091886232163,""onset_order_quantile"":0.4336385024,""overlap_fraction"":0.7759013175964355}",stratified_by_component,partition_grid,0.8454850392927699,3972647399,20,False
DEV-COM-CMP-03-023,development,compound_screen,sag+oscillatory_transient,"{""component_scale_quantile"":0.8225242521956548,""onset_order_quantile"":0.6336385024000002,""overlap_fraction"":0.15090131759643555}",stratified_by_component,partition_grid,0.9883421821499128,1350500846,20,False
DEV-COM-CMP-03-024,development,compound_screen,sag+oscillatory_transient,"{""component_scale_quantile"":0.2669686966400994,""onset_order_quantile"":0.8336385024000001,""overlap_fraction"":0.6509013175964355}",stratified_by_component,partition_grid,0.011665797310262748,1562375336,20,False
DEV-COM-CMP-03-025,development,compound_screen,sag+oscillatory_transient,"{""component_scale_quantile"":0.6003020299734327,""onset_order_quantile"":0.0736385024,""overlap_fraction"":0.40090131759643555}",stratified_by_component,partition_grid,0.15452294016740561,3699232445,20,False
DEV-COM-CMP-03-026,development,compound_screen,sag+oscillatory_transient,"{""component_scale_quantile"":0.933635363306766,""onset_order_quantile"":0.2736385024,""overlap_fraction"":0.9009013175964355}",stratified_by_component,partition_grid,0.29738008302454844,4076959021,20,False
DEV-COM-CMP-03-027,development,compound_screen,sag+oscillatory_transient,"{""component_scale_quantile"":0.08178351145491429,""onset_order_quantile"":0.47363850239999994,""overlap_fraction"":0.08840131759643555}",stratified_by_component,partition_grid,0.4402372258816913,3807938251,20,False
DEV-COM-CMP-03-028,development,compound_screen,sag+oscillatory_transient,"{""component_scale_quantile"":0.41511684478824756,""onset_order_quantile"":0.6736385024000002,""overlap_fraction"":0.5884013175964355}",stratified_by_component,partition_grid,0.583094368738834,2381928987,20,False
DEV-COM-CMP-03-029,development,compound_screen,sag+oscillatory_transient,"{""component_scale_quantile"":0.7484501781215809,""onset_order_quantile"":0.8736385024000002,""overlap_fraction"":0.33840131759643555}",stratified_by_component,partition_grid,0.7259515115959768,867344596,20,False
DEV-COM-CMP-03-030,development,compound_screen,sag+oscillatory_transient,"{""component_scale_quantile"":0.19289462256602544,""onset_order_quantile"":0.1136385024,""overlap_fraction"":0.8384013175964355}",stratified_by_component,partition_grid,0.8688086544531197,1450433854,20,False
DEV-COM-CMP-03-031,development,compound_screen,sag+oscillatory_transient,"{""component_scale_quantile"":0.5262279558993587,""onset_order_quantile"":0.3136385024,""overlap_fraction"":0.21340131759643555}",stratified_by_component,partition_grid,0.03207396057556887,3974846446,20,False
DEV-COM-CMP-03-032,development,compound_screen,sag+oscillatory_transient,"{""component_scale_quantile"":0.8595612892326919,""onset_order_quantile"":0.5136385024000001,""overlap_fraction"":0.7134013175964355}",stratified_by_component,partition_grid,0.17493110343271173,67183776,20,False
DEV-COM-CMP-03-033,development,compound_screen,sag+oscillatory_transient,"{""component_scale_quantile"":0.30400573367713646,""onset_order_quantile"":0.7136385024000002,""overlap_fraction"":0.46340131759643555}",stratified_by_component,partition_grid,0.3177882462898546,2694882772,20,False
DEV-COM-CMP-03-034,development,compound_screen,sag+oscillatory_transient,"{""component_scale_quantile"":0.6373390670104698,""onset_order_quantile"":0.9136385024000001,""overlap_fraction"":0.9634013175964355}",stratified_by_component,partition_grid,0.46064538914699743,104037445,20,False
DEV-COM-CMP-03-035,development,compound_screen,sag+oscillatory_transient,"{""component_scale_quantile"":0.9706724003438031,""onset_order_quantile"":0.1536385024,""overlap_fraction"":0.05715131759643555}",stratified_by_component,partition_grid,0.6035025320041402,1035788414,20,False
DEV-COM-CMP-03-036,development,compound_screen,sag+oscillatory_transient,"{""component_scale_quantile"":0.0200551163931859,""onset_order_quantile"":0.35363850239999994,""overlap_fraction"":0.5571513175964355}",stratified_by_component,partition_grid,0.746359674861283,146798448,20,False
DEV-COM-CMP-03-037,development,compound_screen,sag+oscillatory_transient,"{""component_scale_quantile"":0.35338844972651917,""onset_order_quantile"":0.5536385024000001,""overlap_fraction"":0.30715131759643555}",stratified_by_component,partition_grid,0.8892168177184259,4188643399,20,False
DEV-COM-CMP-03-038,development,compound_screen,sag+oscillatory_transient,"{""component_scale_quantile"":0.6867217830598524,""onset_order_quantile"":0.7536385024000002,""overlap_fraction"":0.8071513175964355}",stratified_by_component,partition_grid,0.052482123840874986,3770368947,20,False
DEV-COM-CMP-03-039,development,compound_screen,sag+oscillatory_transient,"{""component_scale_quantile"":0.13116622750429704,""onset_order_quantile"":0.9536385024000001,""overlap_fraction"":0.18215131759643555}",stratified_by_component,partition_grid,0.19533926669801785,2237189453,20,False
DEV-COM-CMP-03-040,development,compound_screen,sag+oscillatory_transient,"{""component_scale_quantile"":0.4644995608376303,""onset_order_quantile"":0.1936385024,""overlap_fraction"":0.6821513175964355}",stratified_by_component,partition_grid,0.33819640955516067,425255850,20,False
DEV-COM-CMP-04-001,development,compound_screen,flicker+harmonics,"{""component_scale_quantile"":0.15997281186643694,""onset_order_quantile"":0.45923850239999997,""overlap_fraction"":0.8032450675964355}",stratified_by_component,partition_grid,0.2390710451236738,986186661,20,False
DEV-COM-CMP-04-002,development,compound_screen,flicker+harmonics,"{""component_scale_quantile"":0.49330614519977023,""onset_order_quantile"":0.6592385024000001,""overlap_fraction"":0.17824506759643555}",stratified_by_component,partition_grid,0.3819281879808166,3023986443,20,False
DEV-COM-CMP-04-003,development,compound_screen,flicker+harmonics,"{""component_scale_quantile"":0.8266394785331034,""onset_order_quantile"":0.8592385024000001,""overlap_fraction"":0.6782450675964355}",stratified_by_component,partition_grid,0.5247853308379595,1289170160,20,False
DEV-COM-CMP-04-004,development,compound_screen,flicker+harmonics,"{""component_scale_quantile"":0.271083922977548,""onset_order_quantile"":0.09923850239999998,""overlap_fraction"":0.42824506759643555}",stratified_by_component,partition_grid,0.6676424736951023,4078923077,20,False
DEV-COM-CMP-04-005,development,compound_screen,flicker+harmonics,"{""component_scale_quantile"":0.6044172563108813,""onset_order_quantile"":0.2992385024,""overlap_fraction"":0.9282450675964355}",stratified_by_component,partition_grid,0.8104996165522451,1019428963,20,False
DEV-COM-CMP-04-006,development,compound_screen,flicker+harmonics,"{""component_scale_quantile"":0.9377505896442145,""onset_order_quantile"":0.4992385024,""overlap_fraction"":0.11574506759643555}",stratified_by_component,partition_grid,0.953356759409388,3480981842,20,False
DEV-COM-CMP-04-007,development,compound_screen,flicker+harmonics,"{""component_scale_quantile"":0.08589873779236286,""onset_order_quantile"":0.6992385024000001,""overlap_fraction"":0.6157450675964355}",stratified_by_component,partition_grid,0.1166220655318371,4253879739,20,False
DEV-COM-CMP-04-008,development,compound_screen,flicker+harmonics,"{""component_scale_quantile"":0.41923207112569616,""onset_order_quantile"":0.8992385024,""overlap_fraction"":0.36574506759643555}",stratified_by_component,partition_grid,0.2594792083889799,3381268260,20,False
DEV-COM-CMP-04-009,development,compound_screen,flicker+harmonics,"{""component_scale_quantile"":0.7525654044590294,""onset_order_quantile"":0.13923850240000002,""overlap_fraction"":0.8657450675964355}",stratified_by_component,partition_grid,0.40233635124612277,4269075751,20,False
DEV-COM-CMP-04-010,development,compound_screen,flicker+harmonics,"{""component_scale_quantile"":0.19700984890347398,""onset_order_quantile"":0.3392385024,""overlap_fraction"":0.24074506759643555}",stratified_by_component,partition_grid,0.5451934941032656,3854240648,20,False
DEV-COM-CMP-04-011,development,compound_screen,flicker+harmonics,"{""component_scale_quantile"":0.5303431822368072,""onset_order_quantile"":0.5392385024,""overlap_fraction"":0.7407450675964355}",stratified_by_component,partition_grid,0.6880506369604085,897331316,20,False
DEV-COM-CMP-04-012,development,compound_screen,flicker+harmonics,"{""component_scale_quantile"":0.8636765155701405,""onset_order_quantile"":0.7392385024000001,""overlap_fraction"":0.49074506759643555}",stratified_by_component,partition_grid,0.8309077798175513,803558757,20,False
DEV-COM-CMP-04-013,development,compound_screen,flicker+harmonics,"{""component_scale_quantile"":0.30812096001458505,""onset_order_quantile"":0.9392385024000001,""overlap_fraction"":0.9907450675964355}",stratified_by_component,partition_grid,0.9737649226746942,1876762279,20,False
DEV-COM-CMP-04-014,development,compound_screen,flicker+harmonics,"{""component_scale_quantile"":0.6414542933479184,""onset_order_quantile"":0.1792385024,""overlap_fraction"":0.014182567596435547}",stratified_by_component,partition_grid,0.13703022879714322,1548797169,20,False
DEV-COM-CMP-04-015,development,compound_screen,flicker+harmonics,"{""component_scale_quantile"":0.9747876266812516,""onset_order_quantile"":0.37923850239999995,""overlap_fraction"":0.5141825675964355}",stratified_by_component,partition_grid,0.279887371654286,3902524473,20,False
DEV-COM-CMP-04-016,development,compound_screen,flicker+harmonics,"{""component_scale_quantile"":0.024170342730634457,""onset_order_quantile"":0.5792385024000001,""overlap_fraction"":0.26418256759643555}",stratified_by_component,partition_grid,0.4227445145114289,2285855479,20,False
DEV-COM-CMP-04-017,development,compound_screen,flicker+harmonics,"{""component_scale_quantile"":0.35750367606396777,""onset_order_quantile"":0.7792385024000001,""overlap_fraction"":0.7641825675964355}",stratified_by_component,partition_grid,0.5656016573685717,1945129878,20,False
DEV-COM-CMP-04-018,development,compound_screen,flicker+harmonics,"{""component_scale_quantile"":0.690837009397301,""onset_order_quantile"":0.9792385024000001,""overlap_fraction"":0.13918256759643555}",stratified_by_component,partition_grid,0.7084588002257146,4093065666,20,False
DEV-COM-CMP-04-019,development,compound_screen,flicker+harmonics,"{""component_scale_quantile"":0.13528145384174559,""onset_order_quantile"":0.027238502400000003,""overlap_fraction"":0.6391825675964355}",stratified_by_component,partition_grid,0.8513159430828574,715348945,20,False
DEV-COM-CMP-04-020,development,compound_screen,flicker+harmonics,"{""component_scale_quantile"":0.4686147871750789,""onset_order_quantile"":0.22723850240000001,""overlap_fraction"":0.38918256759643555}",stratified_by_component,partition_grid,0.9941730859400003,1650144556,20,False
DEV-COM-CMP-04-021,development,compound_screen,flicker+harmonics,"{""component_scale_quantile"":0.8019481205084121,""onset_order_quantile"":0.4272385024,""overlap_fraction"":0.8891825675964355}",stratified_by_component,partition_grid,0.01749670110035021,2495739511,20,False
DEV-COM-CMP-04-022,development,compound_screen,flicker+harmonics,"{""component_scale_quantile"":0.2463925649528567,""onset_order_quantile"":0.6272385024000001,""overlap_fraction"":0.07668256759643555}",stratified_by_component,partition_grid,0.16035384395749308,2836796666,20,False
DEV-COM-CMP-04-023,development,compound_screen,flicker+harmonics,"{""component_scale_quantile"":0.57972589828619,""onset_order_quantile"":0.8272385024000001,""overlap_fraction"":0.5766825675964355}",stratified_by_component,partition_grid,0.3032109868146359,1353539862,20,False
DEV-COM-CMP-04-024,development,compound_screen,flicker+harmonics,"{""component_scale_quantile"":0.9130592316195233,""onset_order_quantile"":0.06723850239999998,""overlap_fraction"":0.32668256759643555}",stratified_by_component,partition_grid,0.4460681296717787,3695472200,20,False
DEV-COM-CMP-04-025,development,compound_screen,flicker+harmonics,"{""component_scale_quantile"":0.061207379767671495,""onset_order_quantile"":0.26723850239999997,""overlap_fraction"":0.8266825675964355}",stratified_by_component,partition_grid,0.5889252725289216,1882912220,20,False
DEV-COM-CMP-04-026,development,compound_screen,flicker+harmonics,"{""component_scale_quantile"":0.3945407131010048,""onset_order_quantile"":0.4672385024,""overlap_fraction"":0.20168256759643555}",stratified_by_component,partition_grid,0.7317824153860644,1005274106,20,False
DEV-COM-CMP-04-027,development,compound_screen,flicker+harmonics,"{""component_scale_quantile"":0.7278740464343382,""onset_order_quantile"":0.6672385024000002,""overlap_fraction"":0.7016825675964355}",stratified_by_component,partition_grid,0.8746395582432073,267474888,20,False
DEV-COM-CMP-04-028,development,compound_screen,flicker+harmonics,"{""component_scale_quantile"":0.17231849087878262,""onset_order_quantile"":0.8672385024000001,""overlap_fraction"":0.45168256759643555}",stratified_by_component,partition_grid,0.037904864365656335,2284072337,20,False
DEV-COM-CMP-04-029,development,compound_screen,flicker+harmonics,"{""component_scale_quantile"":0.5056518242121159,""onset_order_quantile"":0.10723850239999999,""overlap_fraction"":0.9516825675964355}",stratified_by_component,partition_grid,0.1807620072227992,2456488977,20,False
DEV-COM-CMP-04-030,development,compound_screen,flicker+harmonics,"{""component_scale_quantile"":0.8389851575454491,""onset_order_quantile"":0.3072385024,""overlap_fraction"":0.04543256759643555}",stratified_by_component,partition_grid,0.323619150079942,3418603557,20,False
DEV-COM-CMP-04-031,development,compound_screen,flicker+harmonics,"{""component_scale_quantile"":0.2834296019898937,""onset_order_quantile"":0.5072385024,""overlap_fraction"":0.5454325675964355}",stratified_by_component,partition_grid,0.46647629293708487,2529627629,20,False
DEV-COM-CMP-04-032,development,compound_screen,flicker+harmonics,"{""component_scale_quantile"":0.616762935323227,""onset_order_quantile"":0.7072385024000001,""overlap_fraction"":0.29543256759643555}",stratified_by_component,partition_grid,0.6093334357942277,1046404425,20,False
DEV-COM-CMP-04-033,development,compound_screen,flicker+harmonics,"{""component_scale_quantile"":0.9500962686565603,""onset_order_quantile"":0.9072385024,""overlap_fraction"":0.7954325675964355}",stratified_by_component,partition_grid,0.7521905786513705,3856220392,20,False
DEV-COM-CMP-04-034,development,compound_screen,flicker+harmonics,"{""component_scale_quantile"":0.09824441680470854,""onset_order_quantile"":0.1472385024,""overlap_fraction"":0.17043256759643555}",stratified_by_component,partition_grid,0.8950477215085134,3959700769,20,False
DEV-COM-CMP-04-035,development,compound_screen,flicker+harmonics,"{""component_scale_quantile"":0.43157775013804184,""onset_order_quantile"":0.3472385024,""overlap_fraction"":0.6704325675964355}",stratified_by_component,partition_grid,0.05831302763096245,1883507202,20,False
DEV-COM-CMP-04-036,development,compound_screen,flicker+harmonics,"{""component_scale_quantile"":0.7649110834713752,""onset_order_quantile"":0.5472385024,""overlap_fraction"":0.42043256759643555}",stratified_by_component,partition_grid,0.20117017048810532,3377066033,20,False
DEV-COM-CMP-04-037,development,compound_screen,flicker+harmonics,"{""component_scale_quantile"":0.20935552791581966,""onset_order_quantile"":0.7472385024000001,""overlap_fraction"":0.9204325675964355}",stratified_by_component,partition_grid,0.3440273133452481,1446743325,20,False
DEV-COM-CMP-04-038,development,compound_screen,flicker+harmonics,"{""component_scale_quantile"":0.5426888612491528,""onset_order_quantile"":0.9472385024000001,""overlap_fraction"":0.10793256759643555}",stratified_by_component,partition_grid,0.48688445620239096,3615154301,20,False
DEV-COM-CMP-04-039,development,compound_screen,flicker+harmonics,"{""component_scale_quantile"":0.8760221945824861,""onset_order_quantile"":0.1872385024,""overlap_fraction"":0.6079325675964355}",stratified_by_component,partition_grid,0.6297415990595339,3456566276,20,False
DEV-COM-CMP-04-040,development,compound_screen,flicker+harmonics,"{""component_scale_quantile"":0.32046663902693073,""onset_order_quantile"":0.38723850239999996,""overlap_fraction"":0.35793256759643555}",stratified_by_component,partition_grid,0.7725987419166767,3076741948,20,False
DEV-COM-CMP-05-001,development,compound_screen,interruption+transient,"{""component_scale_quantile"":0.791431430979377,""onset_order_quantile"":0.6528385024000002,""overlap_fraction"":0.09523725509643555}",stratified_by_component,partition_grid,0.653481707347747,2569960326,20,False
DEV-COM-CMP-05-002,development,compound_screen,interruption+transient,"{""component_scale_quantile"":0.2358758754238215,""onset_order_quantile"":0.8528385024000001,""overlap_fraction"":0.5952372550964355}",stratified_by_component,partition_grid,0.7963388502048898,3485778366,20,False
DEV-COM-CMP-05-003,development,compound_screen,interruption+transient,"{""component_scale_quantile"":0.5692092087571549,""onset_order_quantile"":0.09283850239999998,""overlap_fraction"":0.34523725509643555}",stratified_by_component,partition_grid,0.9391959930620327,2618644311,20,False
DEV-COM-CMP-05-004,development,compound_screen,interruption+transient,"{""component_scale_quantile"":0.9025425420904881,""onset_order_quantile"":0.29283850240000003,""overlap_fraction"":0.8452372550964355}",stratified_by_component,partition_grid,0.10246129918448182,1468608629,20,False
DEV-COM-CMP-05-005,development,compound_screen,interruption+transient,"{""component_scale_quantile"":0.05069069023863629,""onset_order_quantile"":0.49283850240000004,""overlap_fraction"":0.22023725509643555}",stratified_by_component,partition_grid,0.24531844204162467,242025428,20,False
DEV-COM-CMP-05-006,development,compound_screen,interruption+transient,"{""component_scale_quantile"":0.3840240235719695,""onset_order_quantile"":0.6928385024000001,""overlap_fraction"":0.7202372550964355}",stratified_by_component,partition_grid,0.3881755848987675,537725608,20,False
DEV-COM-CMP-05-007,development,compound_screen,interruption+transient,"{""component_scale_quantile"":0.717357356905303,""onset_order_quantile"":0.8928385024000001,""overlap_fraction"":0.47023725509643555}",stratified_by_component,partition_grid,0.5310327277559103,3032304415,20,False
DEV-COM-CMP-05-008,development,compound_screen,interruption+transient,"{""component_scale_quantile"":0.16180180134974742,""onset_order_quantile"":0.1328385024,""overlap_fraction"":0.9702372550964355}",stratified_by_component,partition_grid,0.6738898706130532,800539722,20,False
DEV-COM-CMP-05-009,development,compound_screen,interruption+transient,"{""component_scale_quantile"":0.4951351346830806,""onset_order_quantile"":0.3328385024,""overlap_fraction"":0.017112255096435547}",stratified_by_component,partition_grid,0.816747013470196,1174557034,20,False
DEV-COM-CMP-05-010,development,compound_screen,interruption+transient,"{""component_scale_quantile"":0.8284684680164139,""onset_order_quantile"":0.5328385024000001,""overlap_fraction"":0.5171122550964355}",stratified_by_component,partition_grid,0.9596041563273389,3098666464,20,False
DEV-COM-CMP-05-011,development,compound_screen,interruption+transient,"{""component_scale_quantile"":0.2729129124608584,""onset_order_quantile"":0.7328385024000001,""overlap_fraction"":0.26711225509643555}",stratified_by_component,partition_grid,0.12286946244978796,3100494914,20,False
DEV-COM-CMP-05-012,development,compound_screen,interruption+transient,"{""component_scale_quantile"":0.6062462457941918,""onset_order_quantile"":0.9328385024000001,""overlap_fraction"":0.7671122550964355}",stratified_by_component,partition_grid,0.26572660530693076,3506258654,20,False
DEV-COM-CMP-05-013,development,compound_screen,interruption+transient,"{""component_scale_quantile"":0.9395795791275251,""onset_order_quantile"":0.1728385024,""overlap_fraction"":0.14211225509643555}",stratified_by_component,partition_grid,0.40858374816407367,2597157482,20,False
DEV-COM-CMP-05-014,development,compound_screen,interruption+transient,"{""component_scale_quantile"":0.08772772727567334,""onset_order_quantile"":0.3728385024,""overlap_fraction"":0.6421122550964355}",stratified_by_component,partition_grid,0.5514408910212164,3439789242,20,False
DEV-COM-CMP-05-015,development,compound_screen,interruption+transient,"{""component_scale_quantile"":0.42106106060900655,""onset_order_quantile"":0.5728385024000001,""overlap_fraction"":0.39211225509643555}",stratified_by_component,partition_grid,0.6942980338783593,2895743027,20,False
DEV-COM-CMP-05-016,development,compound_screen,interruption+transient,"{""component_scale_quantile"":0.75439439394234,""onset_order_quantile"":0.7728385024000002,""overlap_fraction"":0.8921122550964355}",stratified_by_component,partition_grid,0.8371551767355021,2185994615,20,False
DEV-COM-CMP-05-017,development,compound_screen,interruption+transient,"{""component_scale_quantile"":0.19883883838678446,""onset_order_quantile"":0.9728385024000001,""overlap_fraction"":0.07961225509643555}",stratified_by_component,partition_grid,0.980012319592645,2348143690,20,False
DEV-COM-CMP-05-018,development,compound_screen,interruption+transient,"{""component_scale_quantile"":0.5321721717201177,""onset_order_quantile"":0.0208385024,""overlap_fraction"":0.5796122550964355}",stratified_by_component,partition_grid,0.003335934752994943,3430226012,20,False
DEV-COM-CMP-05-019,development,compound_screen,interruption+transient,"{""component_scale_quantile"":0.8655055050534509,""onset_order_quantile"":0.22083850240000003,""overlap_fraction"":0.32961225509643555}",stratified_by_component,partition_grid,0.14619307761013778,827377057,20,False
DEV-COM-CMP-05-020,development,compound_screen,interruption+transient,"{""component_scale_quantile"":0.30994994949789545,""onset_order_quantile"":0.42083850240000004,""overlap_fraction"":0.8296122550964355}",stratified_by_component,partition_grid,0.2890502204672806,2134031407,20,False
DEV-COM-CMP-05-021,development,compound_screen,interruption+transient,"{""component_scale_quantile"":0.6432832828312288,""onset_order_quantile"":0.6208385024000002,""overlap_fraction"":0.20461225509643555}",stratified_by_component,partition_grid,0.4319073633244235,4147944879,20,False
DEV-COM-CMP-05-022,development,compound_screen,interruption+transient,"{""component_scale_quantile"":0.9766166161645621,""onset_order_quantile"":0.8208385024000001,""overlap_fraction"":0.7046122550964355}",stratified_by_component,partition_grid,0.5747645061815663,3327391784,20,False
DEV-COM-CMP-05-023,development,compound_screen,interruption+transient,"{""component_scale_quantile"":0.02599933221394493,""onset_order_quantile"":0.0608385024,""overlap_fraction"":0.45461225509643555}",stratified_by_component,partition_grid,0.7176216490387091,1947414263,20,False
DEV-COM-CMP-05-024,development,compound_screen,interruption+transient,"{""component_scale_quantile"":0.35933266554727816,""onset_order_quantile"":0.2608385024,""overlap_fraction"":0.9546122550964355}",stratified_by_component,partition_grid,0.860478791895852,3682006266,20,False
DEV-COM-CMP-05-025,development,compound_screen,interruption+transient,"{""component_scale_quantile"":0.6926659988806115,""onset_order_quantile"":0.4608385024,""overlap_fraction"":0.04836225509643555}",stratified_by_component,partition_grid,0.023744098018301064,1073219611,20,False
DEV-COM-CMP-05-026,development,compound_screen,interruption+transient,"{""component_scale_quantile"":0.13711044332505606,""onset_order_quantile"":0.6608385024000002,""overlap_fraction"":0.5483622550964355}",stratified_by_component,partition_grid,0.1666012408754439,867590461,20,False
DEV-COM-CMP-05-027,development,compound_screen,interruption+transient,"{""component_scale_quantile"":0.47044377665838927,""onset_order_quantile"":0.8608385024000001,""overlap_fraction"":0.29836225509643555}",stratified_by_component,partition_grid,0.3094583837325868,234658780,20,False
DEV-COM-CMP-05-028,development,compound_screen,interruption+transient,"{""component_scale_quantile"":0.8037771099917226,""onset_order_quantile"":0.10083850239999999,""overlap_fraction"":0.7983622550964355}",stratified_by_component,partition_grid,0.4523155265897296,607325151,20,False
DEV-COM-CMP-05-029,development,compound_screen,interruption+transient,"{""component_scale_quantile"":0.24822155443616717,""onset_order_quantile"":0.30083850240000004,""overlap_fraction"":0.17336225509643555}",stratified_by_component,partition_grid,0.5951726694468724,3061774558,20,False
DEV-COM-CMP-05-030,development,compound_screen,interruption+transient,"{""component_scale_quantile"":0.5815548877695005,""onset_order_quantile"":0.5008385024,""overlap_fraction"":0.6733622550964355}",stratified_by_component,partition_grid,0.7380298123040152,1802657761,20,False
DEV-COM-CMP-05-031,development,compound_screen,interruption+transient,"{""component_scale_quantile"":0.9148882211028337,""onset_order_quantile"":0.7008385024000001,""overlap_fraction"":0.42336225509643555}",stratified_by_component,partition_grid,0.8808869551611581,2546949347,20,False
DEV-COM-CMP-05-032,development,compound_screen,interruption+transient,"{""component_scale_quantile"":0.06303636925098198,""onset_order_quantile"":0.9008385024000001,""overlap_fraction"":0.9233622550964355}",stratified_by_component,partition_grid,0.044152261283607185,1903943526,20,False
DEV-COM-CMP-05-033,development,compound_screen,interruption+transient,"{""component_scale_quantile"":0.3963697025843152,""onset_order_quantile"":0.1408385024,""overlap_fraction"":0.11086225509643555}",stratified_by_component,partition_grid,0.18700940414075,337948990,20,False
DEV-COM-CMP-05-034,development,compound_screen,interruption+transient,"{""component_scale_quantile"":0.7297030359176486,""onset_order_quantile"":0.3408385024,""overlap_fraction"":0.6108622550964355}",stratified_by_component,partition_grid,0.32986654699789286,873655942,20,False
DEV-COM-CMP-05-035,development,compound_screen,interruption+transient,"{""component_scale_quantile"":0.1741474803620931,""onset_order_quantile"":0.5408385024000001,""overlap_fraction"":0.36086225509643555}",stratified_by_component,partition_grid,0.4727236898550357,577551658,20,False
DEV-COM-CMP-05-036,development,compound_screen,interruption+transient,"{""component_scale_quantile"":0.5074808136954264,""onset_order_quantile"":0.7408385024000002,""overlap_fraction"":0.8608622550964355}",stratified_by_component,partition_grid,0.6155808327121786,3171282305,20,False
DEV-COM-CMP-05-037,development,compound_screen,interruption+transient,"{""component_scale_quantile"":0.8408141470287596,""onset_order_quantile"":0.9408385024000001,""overlap_fraction"":0.23586225509643555}",stratified_by_component,partition_grid,0.7584379755693214,194377182,20,False
DEV-COM-CMP-05-038,development,compound_screen,interruption+transient,"{""component_scale_quantile"":0.2852585914732041,""onset_order_quantile"":0.1808385024,""overlap_fraction"":0.7358622550964355}",stratified_by_component,partition_grid,0.9012951184264643,1660455239,20,False
DEV-COM-CMP-05-039,development,compound_screen,interruption+transient,"{""component_scale_quantile"":0.6185919248065375,""onset_order_quantile"":0.3808385024,""overlap_fraction"":0.48586225509643555}",stratified_by_component,partition_grid,0.06456042454891332,23297142,20,False
DEV-COM-CMP-05-040,development,compound_screen,interruption+transient,"{""component_scale_quantile"":0.9519252581398707,""onset_order_quantile"":0.5808385024000001,""overlap_fraction"":0.9858622550964355}",stratified_by_component,partition_grid,0.20741756740605616,1145020740,20,False
