condition_id,partition,stage,stratum,parameters_json,phase_deg,snr_db,position_quantile,seed_namespace,noise_realizations,outcomes_generated
CON-SEA-SAG-001,confirmation,sealed_confirmation,sag,"{""duration_cycles"":24.262561287769163,""residual_voltage_pu"":0.20706710815429688}",22.5,25,0.7771176956552667,693136983,100,False
CON-SEA-SAG-002,confirmation,sealed_confirmation,sag,"{""duration_cycles"":7.873672398880277,""residual_voltage_pu"":0.6070671081542969}",67.5,25,0.8359412250670314,1818675959,100,False
CON-SEA-SAG-003,confirmation,sealed_confirmation,sag,"{""duration_cycles"":17.70700573221361,""residual_voltage_pu"":0.4070671081542969}",112.5,25,0.8947647544787961,3321599269,100,False
CON-SEA-SAG-004,confirmation,sealed_confirmation,sag,"{""duration_cycles"":27.54033906554694,""residual_voltage_pu"":0.8070671081542969}",157.5,25,0.9535882838905608,1679932989,100,False
CON-SEA-SAG-005,confirmation,sealed_confirmation,sag,"{""duration_cycles"":2.4107094359173136,""residual_voltage_pu"":0.1570671081542969}",22.5,35,0.015872020914782264,1332209091,100,False
CON-SEA-SAG-006,confirmation,sealed_confirmation,sag,"{""duration_cycles"":12.244042769250647,""residual_voltage_pu"":0.5570671081542969}",67.5,35,0.07469555032654697,3937684000,100,False
CON-SEA-SAG-007,confirmation,sealed_confirmation,sag,"{""duration_cycles"":22.07737610258398,""residual_voltage_pu"":0.3570671081542969}",112.5,35,0.13351907973831167,3461245730,100,False
CON-SEA-SAG-008,confirmation,sealed_confirmation,sag,"{""duration_cycles"":5.688487213695092,""residual_voltage_pu"":0.7570671081542969}",157.5,35,0.19234260915007637,1191395923,100,False
CON-SEA-SAG-009,confirmation,sealed_confirmation,sag,"{""duration_cycles"":15.521820547028426,""residual_voltage_pu"":0.2570671081542969}",22.5,25,0.25116613856184106,2541767160,100,False
CON-SEA-SAG-010,confirmation,sealed_confirmation,sag,"{""duration_cycles"":25.355153880361755,""residual_voltage_pu"":0.6570671081542969}",67.5,25,0.3099896679736058,3665889072,100,False
CON-SEA-SAG-011,confirmation,sealed_confirmation,sag,"{""duration_cycles"":8.966264991472869,""residual_voltage_pu"":0.45706710815429685}",112.5,25,0.36881319738537044,3837429468,100,False
CON-SEA-SAG-012,confirmation,sealed_confirmation,sag,"{""duration_cycles"":18.7995983248062,""residual_voltage_pu"":0.8570671081542969}",157.5,25,0.42763672679713516,1220857533,100,False
CON-SEA-SAG-013,confirmation,sealed_confirmation,sag,"{""duration_cycles"":28.632931658139533,""residual_voltage_pu"":0.1320671081542969}",22.5,35,0.4864602562088999,501004954,100,False
CON-SEA-SAG-014,confirmation,sealed_confirmation,sag,"{""duration_cycles"":3.503302028509906,""residual_voltage_pu"":0.5320671081542969}",67.5,35,0.5452837856206646,3921508622,100,False
CON-SEA-SAG-015,confirmation,sealed_confirmation,sag,"{""duration_cycles"":13.33663536184324,""residual_voltage_pu"":0.33206710815429685}",112.5,35,0.6041073150324293,148289989,100,False
CON-SEA-SAG-016,confirmation,sealed_confirmation,sag,"{""duration_cycles"":23.16996869517657,""residual_voltage_pu"":0.7320671081542969}",157.5,35,0.662930844444194,1050488797,100,False
CON-SEA-SAG-017,confirmation,sealed_confirmation,sag,"{""duration_cycles"":6.781079806287685,""residual_voltage_pu"":0.23206710815429688}",22.5,25,0.7217543738559586,849399607,100,False
CON-SEA-SAG-018,confirmation,sealed_confirmation,sag,"{""duration_cycles"":16.614413139621018,""residual_voltage_pu"":0.6320671081542969}",67.5,25,0.7805779032677234,1470647264,100,False
CON-SEA-SAG-019,confirmation,sealed_confirmation,sag,"{""duration_cycles"":26.447746472954346,""residual_voltage_pu"":0.43206710815429694}",112.5,25,0.8394014326794881,115540267,100,False
CON-SEA-SAG-020,confirmation,sealed_confirmation,sag,"{""duration_cycles"":10.058857584065462,""residual_voltage_pu"":0.8320671081542969}",157.5,25,0.8982249620912528,3160837136,100,False
CON-SEA-SAG-021,confirmation,sealed_confirmation,sag,"{""duration_cycles"":19.892190917398796,""residual_voltage_pu"":0.18206710815429689}",22.5,35,0.9570484915030175,2188575279,100,False
CON-SEA-SAG-022,confirmation,sealed_confirmation,sag,"{""duration_cycles"":29.72552425073213,""residual_voltage_pu"":0.5820671081542969}",67.5,35,0.019332228527239013,2622482335,100,False
CON-SEA-SAG-023,confirmation,sealed_confirmation,sag,"{""duration_cycles"":0.711120958551059,""residual_voltage_pu"":0.3820671081542969}",112.5,35,0.07815575793900371,3412875556,100,False
CON-SEA-SAG-024,confirmation,sealed_confirmation,sag,"{""duration_cycles"":10.54445429188439,""residual_voltage_pu"":0.7820671081542969}",157.5,35,0.13697928735076845,823371621,100,False
CON-SEA-SAG-025,confirmation,sealed_confirmation,sag,"{""duration_cycles"":20.377787625217724,""residual_voltage_pu"":0.2820671081542969}",22.5,25,0.1958028167625331,4282848146,100,False
CON-SEA-SAG-026,confirmation,sealed_confirmation,sag,"{""duration_cycles"":3.9888987363288364,""residual_voltage_pu"":0.6820671081542968}",67.5,25,0.2546263461742978,3758114760,100,False
CON-SEA-SAG-027,confirmation,sealed_confirmation,sag,"{""duration_cycles"":13.822232069662169,""residual_voltage_pu"":0.4820671081542969}",112.5,25,0.3134498755860625,3283152193,100,False
CON-SEA-SAG-028,confirmation,sealed_confirmation,sag,"{""duration_cycles"":23.6555654029955,""residual_voltage_pu"":0.8820671081542969}",157.5,25,0.3722734049978272,577391037,100,False
CON-SEA-SAG-029,confirmation,sealed_confirmation,sag,"{""duration_cycles"":7.266676514106615,""residual_voltage_pu"":0.11956710815429689}",22.5,35,0.4310969344095919,192421557,100,False
CON-SEA-SAG-030,confirmation,sealed_confirmation,sag,"{""duration_cycles"":17.10000984743995,""residual_voltage_pu"":0.5195671081542969}",67.5,35,0.4899204638213566,3051370378,100,False
CON-SEA-SAG-031,confirmation,sealed_confirmation,sag,"{""duration_cycles"":26.933343180773278,""residual_voltage_pu"":0.3195671081542969}",112.5,35,0.5487439932331214,2861399442,100,False
CON-SEA-SAG-032,confirmation,sealed_confirmation,sag,"{""duration_cycles"":1.8037135511436513,""residual_voltage_pu"":0.7195671081542969}",157.5,35,0.6075675226448861,2278680794,100,False
CON-SEA-SAG-033,confirmation,sealed_confirmation,sag,"{""duration_cycles"":11.637046884476984,""residual_voltage_pu"":0.2195671081542969}",22.5,25,0.6663910520566508,3924334824,100,False
CON-SEA-SAG-034,confirmation,sealed_confirmation,sag,"{""duration_cycles"":21.47038021781032,""residual_voltage_pu"":0.6195671081542968}",67.5,25,0.7252145814684154,529259265,100,False
CON-SEA-SAG-035,confirmation,sealed_confirmation,sag,"{""duration_cycles"":5.08149132892143,""residual_voltage_pu"":0.4195671081542969}",112.5,25,0.7840381108801802,3250447756,100,False
CON-SEA-SAG-036,confirmation,sealed_confirmation,sag,"{""duration_cycles"":14.91482466225476,""residual_voltage_pu"":0.8195671081542969}",157.5,25,0.8428616402919449,1069121107,100,False
CON-SEA-SAG-037,confirmation,sealed_confirmation,sag,"{""duration_cycles"":24.74815799558809,""residual_voltage_pu"":0.16956710815429688}",22.5,35,0.9016851697037096,1649571181,100,False
CON-SEA-SAG-038,confirmation,sealed_confirmation,sag,"{""duration_cycles"":8.359269106699205,""residual_voltage_pu"":0.5695671081542969}",67.5,35,0.9605086991154743,2931655040,100,False
CON-SEA-SAG-039,confirmation,sealed_confirmation,sag,"{""duration_cycles"":18.192602440032537,""residual_voltage_pu"":0.36956710815429694}",112.5,35,0.022792436139695758,2337903062,100,False
CON-SEA-SAG-040,confirmation,sealed_confirmation,sag,"{""duration_cycles"":28.02593577336587,""residual_voltage_pu"":0.7695671081542969}",157.5,35,0.08161596555146046,3444389892,100,False
CON-SEA-SAG-041,confirmation,sealed_confirmation,sag,"{""duration_cycles"":2.896306143736244,""residual_voltage_pu"":0.26956710815429685}",22.5,25,0.1404394949632252,3230352123,100,False
CON-SEA-SAG-042,confirmation,sealed_confirmation,sag,"{""duration_cycles"":12.729639477069576,""residual_voltage_pu"":0.6695671081542969}",67.5,25,0.19926302437498986,2050233094,100,False
CON-SEA-SAG-043,confirmation,sealed_confirmation,sag,"{""duration_cycles"":22.562972810402908,""residual_voltage_pu"":0.4695671081542969}",112.5,25,0.25808655378675455,2070746367,100,False
CON-SEA-SAG-044,confirmation,sealed_confirmation,sag,"{""duration_cycles"":6.174083921514023,""residual_voltage_pu"":0.8695671081542969}",157.5,25,0.31691008319851927,3743238608,100,False
CON-SEA-SAG-045,confirmation,sealed_confirmation,sag,"{""duration_cycles"":16.007417254847354,""residual_voltage_pu"":0.14456710815429688}",22.5,35,0.37573361261028393,1180678230,100,False
CON-SEA-SAG-046,confirmation,sealed_confirmation,sag,"{""duration_cycles"":25.840750588180686,""residual_voltage_pu"":0.5445671081542969}",67.5,35,0.43455714202204865,4106563154,100,False
CON-SEA-SAG-047,confirmation,sealed_confirmation,sag,"{""duration_cycles"":9.451861699291799,""residual_voltage_pu"":0.3445671081542969}",112.5,35,0.49338067143381337,3624931266,100,False
CON-SEA-SAG-048,confirmation,sealed_confirmation,sag,"{""duration_cycles"":19.285195032625133,""residual_voltage_pu"":0.7445671081542969}",157.5,35,0.5522042008455781,838559694,100,False
CON-SEA-SAG-049,confirmation,sealed_confirmation,sag,"{""duration_cycles"":29.118528365958465,""residual_voltage_pu"":0.24456710815429689}",22.5,25,0.6110277302573428,3796720888,100,False
CON-SEA-SAG-050,confirmation,sealed_confirmation,sag,"{""duration_cycles"":1.0753184894152565,""residual_voltage_pu"":0.6445671081542969}",67.5,25,0.6698512596691075,381177786,100,False
CON-SEA-SAG-051,confirmation,sealed_confirmation,sag,"{""duration_cycles"":10.908651822748588,""residual_voltage_pu"":0.4445671081542969}",112.5,25,0.7286747890808721,1916742837,100,False
CON-SEA-SAG-052,confirmation,sealed_confirmation,sag,"{""duration_cycles"":20.74198515608192,""residual_voltage_pu"":0.8445671081542969}",157.5,25,0.7874983184926369,2386967557,100,False
CON-SEA-SAG-053,confirmation,sealed_confirmation,sag,"{""duration_cycles"":4.353096267193035,""residual_voltage_pu"":0.1945671081542969}",22.5,35,0.8463218479044016,924650974,100,False
CON-SEA-SAG-054,confirmation,sealed_confirmation,sag,"{""duration_cycles"":14.186429600526367,""residual_voltage_pu"":0.5945671081542969}",67.5,35,0.9051453773161663,715954355,100,False
CON-SEA-SAG-055,confirmation,sealed_confirmation,sag,"{""duration_cycles"":24.0197629338597,""residual_voltage_pu"":0.39456710815429685}",112.5,35,0.963968906727931,3387512251,100,False
CON-SEA-SAG-056,confirmation,sealed_confirmation,sag,"{""duration_cycles"":7.630874044970812,""residual_voltage_pu"":0.7945671081542969}",157.5,35,0.026252643752152506,420495817,100,False
CON-SEA-SAG-057,confirmation,sealed_confirmation,sag,"{""duration_cycles"":17.464207378304145,""residual_voltage_pu"":0.2945671081542969}",22.5,25,0.0850761731639172,1199777784,100,False
CON-SEA-SAG-058,confirmation,sealed_confirmation,sag,"{""duration_cycles"":27.297540711637478,""residual_voltage_pu"":0.6945671081542969}",67.5,25,0.14389970257568194,1760300263,100,False
CON-SEA-SAG-059,confirmation,sealed_confirmation,sag,"{""duration_cycles"":2.1679110820078487,""residual_voltage_pu"":0.49456710815429694}",112.5,25,0.20272323198744663,2946784745,100,False
CON-SEA-SAG-060,confirmation,sealed_confirmation,sag,"{""duration_cycles"":12.001244415341182,""residual_voltage_pu"":0.8945671081542969}",157.5,25,0.2615467613992113,1898925360,100,False
CON-SEA-SAG-061,confirmation,sealed_confirmation,sag,"{""duration_cycles"":21.834577748674516,""residual_voltage_pu"":0.10394210815429689}",22.5,35,0.320370290810976,2680534903,100,False
CON-SEA-SAG-062,confirmation,sealed_confirmation,sag,"{""duration_cycles"":5.445688859785627,""residual_voltage_pu"":0.5039421081542969}",67.5,35,0.3791938202227407,3516658550,100,False
CON-SEA-SAG-063,confirmation,sealed_confirmation,sag,"{""duration_cycles"":15.279022193118958,""residual_voltage_pu"":0.3039421081542969}",112.5,35,0.4380173496345054,3884815137,100,False
CON-SEA-SAG-064,confirmation,sealed_confirmation,sag,"{""duration_cycles"":25.11235552645229,""residual_voltage_pu"":0.7039421081542969}",157.5,35,0.4968408790462701,3766909293,100,False
CON-SEA-SAG-065,confirmation,sealed_confirmation,sag,"{""duration_cycles"":8.723466637563403,""residual_voltage_pu"":0.2039421081542969}",22.5,25,0.5556644084580349,3334165781,100,False
CON-SEA-SAG-066,confirmation,sealed_confirmation,sag,"{""duration_cycles"":18.556799970896737,""residual_voltage_pu"":0.6039421081542968}",67.5,25,0.6144879378697996,1712132982,100,False
CON-SEA-SAG-067,confirmation,sealed_confirmation,sag,"{""duration_cycles"":28.39013330423007,""residual_voltage_pu"":0.4039421081542969}",112.5,25,0.6733114672815643,611276269,100,False
CON-SEA-SAG-068,confirmation,sealed_confirmation,sag,"{""duration_cycles"":3.260503674600441,""residual_voltage_pu"":0.8039421081542969}",157.5,25,0.7321349966933289,3260938173,100,False
CON-SEA-SAG-069,confirmation,sealed_confirmation,sag,"{""duration_cycles"":13.093837007933773,""residual_voltage_pu"":0.15394210815429688}",22.5,35,0.7909585261050937,263463652,100,False
CON-SEA-SAG-070,confirmation,sealed_confirmation,sag,"{""duration_cycles"":22.927170341267107,""residual_voltage_pu"":0.5539421081542969}",67.5,35,0.8497820555168584,3023656342,100,False
CON-SEA-SAG-071,confirmation,sealed_confirmation,sag,"{""duration_cycles"":6.53828145237822,""residual_voltage_pu"":0.35394210815429694}",112.5,35,0.9086055849286231,286846931,100,False
CON-SEA-SAG-072,confirmation,sealed_confirmation,sag,"{""duration_cycles"":16.37161478571155,""residual_voltage_pu"":0.7539421081542969}",157.5,35,0.9674291143403878,9099676,100,False
CON-SEA-SAG-073,confirmation,sealed_confirmation,sag,"{""duration_cycles"":26.204948119044882,""residual_voltage_pu"":0.25394210815429685}",22.5,25,0.029712851364609254,2026908885,100,False
CON-SEA-SAG-074,confirmation,sealed_confirmation,sag,"{""duration_cycles"":9.816059230155997,""residual_voltage_pu"":0.6539421081542969}",67.5,25,0.08853638077637395,3608271591,100,False
CON-SEA-SAG-075,confirmation,sealed_confirmation,sag,"{""duration_cycles"":19.64939256348933,""residual_voltage_pu"":0.4539421081542969}",112.5,25,0.14735991018813868,3835470056,100,False
CON-SEA-SAG-076,confirmation,sealed_confirmation,sag,"{""duration_cycles"":29.48272589682266,""residual_voltage_pu"":0.8539421081542969}",157.5,25,0.20618343959990337,1722649880,100,False
CON-SEA-SAG-077,confirmation,sealed_confirmation,sag,"{""duration_cycles"":1.439516020279454,""residual_voltage_pu"":0.12894210815429688}",22.5,35,0.26500696901166804,2527185693,100,False
CON-SEA-SAG-078,confirmation,sealed_confirmation,sag,"{""duration_cycles"":11.272849353612786,""residual_voltage_pu"":0.5289421081542969}",67.5,35,0.32383049842343276,2091434980,100,False
CON-SEA-SAG-079,confirmation,sealed_confirmation,sag,"{""duration_cycles"":21.10618268694612,""residual_voltage_pu"":0.3289421081542969}",112.5,35,0.3826540278351974,828720462,100,False
CON-SEA-SAG-080,confirmation,sealed_confirmation,sag,"{""duration_cycles"":4.7172937980572325,""residual_voltage_pu"":0.7289421081542969}",157.5,35,0.44147755724696214,412377234,100,False
CON-SEA-SAG-081,confirmation,sealed_confirmation,sag,"{""duration_cycles"":14.550627131390563,""residual_voltage_pu"":0.22894210815429689}",22.5,25,0.5003010866587269,302928947,100,False
CON-SEA-SAG-082,confirmation,sealed_confirmation,sag,"{""duration_cycles"":24.383960464723895,""residual_voltage_pu"":0.6289421081542969}",67.5,25,0.5591246160704916,1276839321,100,False
CON-SEA-SAG-083,confirmation,sealed_confirmation,sag,"{""duration_cycles"":7.995071575835008,""residual_voltage_pu"":0.4289421081542969}",112.5,25,0.6179481454822563,1424954119,100,False
CON-SEA-SAG-084,confirmation,sealed_confirmation,sag,"{""duration_cycles"":17.82840490916834,""residual_voltage_pu"":0.8289421081542969}",157.5,25,0.676771674894021,3151328241,100,False
CON-SEA-SAG-085,confirmation,sealed_confirmation,sag,"{""duration_cycles"":27.661738242501674,""residual_voltage_pu"":0.1789421081542969}",22.5,35,0.7355952043057856,2741224761,100,False
CON-SEA-SAG-086,confirmation,sealed_confirmation,sag,"{""duration_cycles"":2.532108612872046,""residual_voltage_pu"":0.5789421081542969}",67.5,35,0.7944187337175503,2526582208,100,False
CON-SEA-SAG-087,confirmation,sealed_confirmation,sag,"{""duration_cycles"":12.365441946205378,""residual_voltage_pu"":0.37894210815429685}",112.5,35,0.8532422631293151,280568244,100,False
CON-SEA-SAG-088,confirmation,sealed_confirmation,sag,"{""duration_cycles"":22.19877527953871,""residual_voltage_pu"":0.7789421081542969}",157.5,35,0.9120657925410798,2250596675,100,False
CON-SEA-SAG-089,confirmation,sealed_confirmation,sag,"{""duration_cycles"":5.809886390649825,""residual_voltage_pu"":0.2789421081542969}",22.5,25,0.9708893219528445,568134738,100,False
CON-SEA-SAG-090,confirmation,sealed_confirmation,sag,"{""duration_cycles"":15.643219723983158,""residual_voltage_pu"":0.6789421081542969}",67.5,25,0.033173058977066,235392589,100,False
CON-SEA-SAG-091,confirmation,sealed_confirmation,sag,"{""duration_cycles"":25.476553057316487,""residual_voltage_pu"":0.47894210815429694}",112.5,25,0.09199658838883071,2970909462,100,False
CON-SEA-SAG-092,confirmation,sealed_confirmation,sag,"{""duration_cycles"":9.087664168427601,""residual_voltage_pu"":0.8789421081542969}",157.5,25,0.15082011780059543,2431595139,100,False
CON-SEA-SAG-093,confirmation,sealed_confirmation,sag,"{""duration_cycles"":18.920997501760933,""residual_voltage_pu"":0.11644210815429688}",22.5,35,0.20964364721236012,2151454254,100,False
CON-SEA-SAG-094,confirmation,sealed_confirmation,sag,"{""duration_cycles"":28.754330835094265,""residual_voltage_pu"":0.5164421081542969}",67.5,35,0.2684671766241248,2401823432,100,False
CON-SEA-SAG-095,confirmation,sealed_confirmation,sag,"{""duration_cycles"":3.6247012054646386,""residual_voltage_pu"":0.31644210815429685}",112.5,35,0.3272907060358895,3836273913,100,False
CON-SEA-SAG-096,confirmation,sealed_confirmation,sag,"{""duration_cycles"":13.458034538797971,""residual_voltage_pu"":0.7164421081542969}",157.5,35,0.38611423544765416,2149871078,100,False
CON-SEA-SAG-097,confirmation,sealed_confirmation,sag,"{""duration_cycles"":23.291367872131303,""residual_voltage_pu"":0.21644210815429688}",22.5,25,0.4449377648594189,625195450,100,False
CON-SEA-SWELL-001,confirmation,sealed_confirmation,swell,"{""duration_cycles"":8.305313916941547,""event_voltage_pu"":1.5713692665100099}",22.5,25,0.16181136551075215,3281757416,100,False
CON-SEA-SWELL-002,confirmation,sealed_confirmation,swell,"{""duration_cycles"":18.13864725027488,""event_voltage_pu"":1.3963692665100098}",67.5,25,0.22063489492251684,3035556419,100,False
CON-SEA-SWELL-003,confirmation,sealed_confirmation,swell,"{""duration_cycles"":27.97198058360821,""event_voltage_pu"":1.7463692665100097}",112.5,25,0.2794584243342816,512456339,100,False
CON-SEA-SWELL-004,confirmation,sealed_confirmation,swell,"{""duration_cycles"":2.842350953978585,""event_voltage_pu"":1.1776192665100098}",157.5,25,0.3382819537460463,2722166061,100,False
CON-SEA-SWELL-005,confirmation,sealed_confirmation,swell,"{""duration_cycles"":12.675684287311917,""event_voltage_pu"":1.52761926651001}",22.5,35,0.3971054831578109,1983688305,100,False
CON-SEA-SWELL-006,confirmation,sealed_confirmation,swell,"{""duration_cycles"":22.50901762064525,""event_voltage_pu"":1.3526192665100099}",67.5,35,0.45592901256957563,2586576479,100,False
CON-SEA-SWELL-007,confirmation,sealed_confirmation,swell,"{""duration_cycles"":6.120128731756363,""event_voltage_pu"":1.70261926651001}",112.5,35,0.5147525419813404,721532926,100,False
CON-SEA-SWELL-008,confirmation,sealed_confirmation,swell,"{""duration_cycles"":15.953462065089695,""event_voltage_pu"":1.26511926651001}",157.5,35,0.5735760713931051,2877760372,100,False
CON-SEA-SWELL-009,confirmation,sealed_confirmation,swell,"{""duration_cycles"":25.786795398423028,""event_voltage_pu"":1.6151192665100098}",22.5,25,0.6323996008048698,3225803878,100,False
CON-SEA-SWELL-010,confirmation,sealed_confirmation,swell,"{""duration_cycles"":9.397906509534138,""event_voltage_pu"":1.4401192665100098}",67.5,25,0.6912231302166345,3956614577,100,False
CON-SEA-SWELL-011,confirmation,sealed_confirmation,swell,"{""duration_cycles"":19.231239842867474,""event_voltage_pu"":1.7901192665100099}",112.5,25,0.7500466596283991,3780544763,100,False
CON-SEA-SWELL-012,confirmation,sealed_confirmation,swell,"{""duration_cycles"":29.064573176200806,""event_voltage_pu"":1.1065255165100099}",157.5,25,0.8088701890401638,4231747483,100,False
CON-SEA-SWELL-013,confirmation,sealed_confirmation,swell,"{""duration_cycles"":1.0213632996575974,""event_voltage_pu"":1.45652551651001}",22.5,35,0.8676937184519286,2084734542,100,False
CON-SEA-SWELL-014,confirmation,sealed_confirmation,swell,"{""duration_cycles"":10.854696632990928,""event_voltage_pu"":1.28152551651001}",67.5,35,0.9265172478636933,2117653177,100,False
CON-SEA-SWELL-015,confirmation,sealed_confirmation,swell,"{""duration_cycles"":20.68802996632426,""event_voltage_pu"":1.6315255165100098}",112.5,35,0.985340777275458,2408041368,100,False
CON-SEA-SWELL-016,confirmation,sealed_confirmation,swell,"{""duration_cycles"":4.299141077435376,""event_voltage_pu"":1.1940255165100098}",157.5,35,0.047624514299679475,4115920047,100,False
CON-SEA-SWELL-017,confirmation,sealed_confirmation,swell,"{""duration_cycles"":14.132474410768706,""event_voltage_pu"":1.5440255165100099}",22.5,25,0.10644804371144419,2247141356,100,False
CON-SEA-SWELL-018,confirmation,sealed_confirmation,swell,"{""duration_cycles"":23.96580774410204,""event_voltage_pu"":1.3690255165100098}",67.5,25,0.1652715731232089,1017112356,100,False
CON-SEA-SWELL-019,confirmation,sealed_confirmation,swell,"{""duration_cycles"":7.576918855213154,""event_voltage_pu"":1.7190255165100097}",112.5,25,0.22409510253497358,2108380611,100,False
CON-SEA-SWELL-020,confirmation,sealed_confirmation,swell,"{""duration_cycles"":17.41025218854649,""event_voltage_pu"":1.1502755165100098}",157.5,25,0.28291863194673833,2657048059,100,False
CON-SEA-SWELL-021,confirmation,sealed_confirmation,swell,"{""duration_cycles"":27.24358552187982,""event_voltage_pu"":1.50027551651001}",22.5,35,0.34174216135850305,3533185295,100,False
CON-SEA-SWELL-022,confirmation,sealed_confirmation,swell,"{""duration_cycles"":2.11395589225019,""event_voltage_pu"":1.3252755165100099}",67.5,35,0.4005656907702677,2337614931,100,False
CON-SEA-SWELL-023,confirmation,sealed_confirmation,swell,"{""duration_cycles"":11.947289225583521,""event_voltage_pu"":1.67527551651001}",112.5,35,0.45938922018203243,3474095144,100,False
CON-SEA-SWELL-024,confirmation,sealed_confirmation,swell,"{""duration_cycles"":21.78062255891686,""event_voltage_pu"":1.23777551651001}",157.5,35,0.5182127495937972,3187087366,100,False
CON-SEA-SWELL-025,confirmation,sealed_confirmation,swell,"{""duration_cycles"":5.3917336700279686,""event_voltage_pu"":1.5877755165100098}",22.5,25,0.5770362790055619,951476598,100,False
CON-SEA-SWELL-026,confirmation,sealed_confirmation,swell,"{""duration_cycles"":15.225067003361298,""event_voltage_pu"":1.4127755165100098}",67.5,25,0.6358598084173266,1851587150,100,False
CON-SEA-SWELL-027,confirmation,sealed_confirmation,swell,"{""duration_cycles"":25.058400336694632,""event_voltage_pu"":1.7627755165100099}",112.5,25,0.6946833378290913,1624702581,100,False
CON-SEA-SWELL-028,confirmation,sealed_confirmation,swell,"{""duration_cycles"":8.669511447805743,""event_voltage_pu"":1.12840051651001}",157.5,25,0.7535068672408559,257255607,100,False
CON-SEA-SWELL-029,confirmation,sealed_confirmation,swell,"{""duration_cycles"":18.50284478113908,""event_voltage_pu"":1.4784005165100098}",22.5,35,0.8123303966526206,1551432744,100,False
CON-SEA-SWELL-030,confirmation,sealed_confirmation,swell,"{""duration_cycles"":28.33617811447241,""event_voltage_pu"":1.3034005165100098}",67.5,35,0.8711539260643854,1109829799,100,False
CON-SEA-SWELL-031,confirmation,sealed_confirmation,swell,"{""duration_cycles"":3.2065484848427825,""event_voltage_pu"":1.6534005165100099}",112.5,35,0.9299774554761501,498133839,100,False
CON-SEA-SWELL-032,confirmation,sealed_confirmation,swell,"{""duration_cycles"":13.039881818176113,""event_voltage_pu"":1.2159005165100099}",157.5,35,0.9888009848879148,2003050739,100,False
CON-SEA-SWELL-033,confirmation,sealed_confirmation,swell,"{""duration_cycles"":22.87321515150945,""event_voltage_pu"":1.56590051651001}",22.5,25,0.05108472191213622,3932241709,100,False
CON-SEA-SWELL-034,confirmation,sealed_confirmation,swell,"{""duration_cycles"":6.484326262620561,""event_voltage_pu"":1.39090051651001}",67.5,25,0.10990825132390093,3079397324,100,False
CON-SEA-SWELL-035,confirmation,sealed_confirmation,swell,"{""duration_cycles"":16.31765959595389,""event_voltage_pu"":1.7409005165100098}",112.5,25,0.16873178073566564,1314044770,100,False
CON-SEA-SWELL-036,confirmation,sealed_confirmation,swell,"{""duration_cycles"":26.150992929287224,""event_voltage_pu"":1.17215051651001}",157.5,25,0.22755531014743033,1115507076,100,False
CON-SEA-SWELL-037,confirmation,sealed_confirmation,swell,"{""duration_cycles"":9.762104040398336,""event_voltage_pu"":1.5221505165100098}",22.5,35,0.2863788395591951,1856774988,100,False
CON-SEA-SWELL-038,confirmation,sealed_confirmation,swell,"{""duration_cycles"":19.59543737373167,""event_voltage_pu"":1.34715051651001}",67.5,35,0.3452023689709598,2628554924,100,False
CON-SEA-SWELL-039,confirmation,sealed_confirmation,swell,"{""duration_cycles"":29.428770707065002,""event_voltage_pu"":1.6971505165100098}",112.5,35,0.40402589838272446,1874313684,100,False
CON-SEA-SWELL-040,confirmation,sealed_confirmation,swell,"{""duration_cycles"":1.385560830521795,""event_voltage_pu"":1.2596505165100098}",157.5,35,0.4628494277944892,175998743,100,False
CON-SEA-SWELL-041,confirmation,sealed_confirmation,swell,"{""duration_cycles"":11.218894163855126,""event_voltage_pu"":1.6096505165100097}",22.5,25,0.5216729572062538,1216806581,100,False
CON-SEA-SWELL-042,confirmation,sealed_confirmation,swell,"{""duration_cycles"":21.05222749718846,""event_voltage_pu"":1.4346505165100099}",67.5,25,0.5804964866180186,1420513629,100,False
CON-SEA-SWELL-043,confirmation,sealed_confirmation,swell,"{""duration_cycles"":4.663338608299574,""event_voltage_pu"":1.78465051651001}",112.5,25,0.6393200160297833,3434662419,100,False
CON-SEA-SWELL-044,confirmation,sealed_confirmation,swell,"{""duration_cycles"":14.496671941632904,""event_voltage_pu"":1.11746301651001}",157.5,25,0.698143545441548,3972535506,100,False
CON-SEA-SWELL-045,confirmation,sealed_confirmation,swell,"{""duration_cycles"":24.330005274966236,""event_voltage_pu"":1.4674630165100098}",22.5,35,0.7569670748533126,1761159637,100,False
CON-SEA-SWELL-046,confirmation,sealed_confirmation,swell,"{""duration_cycles"":7.941116386077349,""event_voltage_pu"":1.29246301651001}",67.5,35,0.8157906042650773,3908465,100,False
CON-SEA-SWELL-047,confirmation,sealed_confirmation,swell,"{""duration_cycles"":17.774449719410686,""event_voltage_pu"":1.6424630165100098}",112.5,35,0.874614133676842,2826210055,100,False
CON-SEA-SWELL-048,confirmation,sealed_confirmation,swell,"{""duration_cycles"":27.607783052744015,""event_voltage_pu"":1.2049630165100098}",157.5,35,0.9334376630886068,2342582344,100,False
CON-SEA-SWELL-049,confirmation,sealed_confirmation,swell,"{""duration_cycles"":2.478153423114388,""event_voltage_pu"":1.55496301651001}",22.5,25,0.9922611925003715,2743575903,100,False
CON-SEA-SWELL-050,confirmation,sealed_confirmation,swell,"{""duration_cycles"":12.311486756447719,""event_voltage_pu"":1.3799630165100099}",67.5,25,0.05454492952459297,1819740481,100,False
CON-SEA-SWELL-051,confirmation,sealed_confirmation,swell,"{""duration_cycles"":22.144820089781053,""event_voltage_pu"":1.72996301651001}",112.5,25,0.11336845893635768,3239400702,100,False
CON-SEA-SWELL-052,confirmation,sealed_confirmation,swell,"{""duration_cycles"":5.7559312008921655,""event_voltage_pu"":1.1612130165100099}",157.5,25,0.17219198834812238,933959677,100,False
CON-SEA-SWELL-053,confirmation,sealed_confirmation,swell,"{""duration_cycles"":15.5892645342255,""event_voltage_pu"":1.51121301651001}",22.5,35,0.2310155177598871,187804690,100,False
CON-SEA-SWELL-054,confirmation,sealed_confirmation,swell,"{""duration_cycles"":25.422597867558828,""event_voltage_pu"":1.33621301651001}",67.5,35,0.2898390471716518,2528569749,100,False
CON-SEA-SWELL-055,confirmation,sealed_confirmation,swell,"{""duration_cycles"":9.03370897866994,""event_voltage_pu"":1.6862130165100098}",112.5,35,0.34866257658341654,451137568,100,False
CON-SEA-SWELL-056,confirmation,sealed_confirmation,swell,"{""duration_cycles"":18.867042312003274,""event_voltage_pu"":1.2487130165100098}",157.5,35,0.4074861059951812,2778896684,100,False
CON-SEA-SWELL-057,confirmation,sealed_confirmation,swell,"{""duration_cycles"":28.700375645336607,""event_voltage_pu"":1.5987130165100099}",22.5,25,0.4663096354069459,3399347080,100,False
CON-SEA-SWELL-058,confirmation,sealed_confirmation,swell,"{""duration_cycles"":3.57074601570698,""event_voltage_pu"":1.4237130165100098}",67.5,25,0.5251331648187106,3839778935,100,False
CON-SEA-SWELL-059,confirmation,sealed_confirmation,swell,"{""duration_cycles"":13.40407934904031,""event_voltage_pu"":1.7737130165100097}",112.5,25,0.5839566942304754,3186036092,100,False
CON-SEA-SWELL-060,confirmation,sealed_confirmation,swell,"{""duration_cycles"":23.237412682373645,""event_voltage_pu"":1.1393380165100098}",157.5,25,0.6427802236422401,332756612,100,False
CON-SEA-SWELL-061,confirmation,sealed_confirmation,swell,"{""duration_cycles"":6.848523793484758,""event_voltage_pu"":1.4893380165100099}",22.5,35,0.7016037530540048,1059222966,100,False
CON-SEA-SWELL-062,confirmation,sealed_confirmation,swell,"{""duration_cycles"":16.68185712681809,""event_voltage_pu"":1.3143380165100098}",67.5,35,0.7604272824657694,3691489176,100,False
CON-SEA-SWELL-063,confirmation,sealed_confirmation,swell,"{""duration_cycles"":26.515190460151423,""event_voltage_pu"":1.6643380165100097}",112.5,35,0.8192508118775341,936536282,100,False
CON-SEA-SWELL-064,confirmation,sealed_confirmation,swell,"{""duration_cycles"":10.126301571262534,""event_voltage_pu"":1.22683801651001}",157.5,35,0.8780743412892988,3556545629,100,False
CON-SEA-SWELL-065,confirmation,sealed_confirmation,swell,"{""duration_cycles"":19.95963490459587,""event_voltage_pu"":1.5768380165100098}",22.5,25,0.9368978707010636,724398061,100,False
CON-SEA-SWELL-066,confirmation,sealed_confirmation,swell,"{""duration_cycles"":29.792968237929202,""event_voltage_pu"":1.40183801651001}",67.5,25,0.9957214001128283,2587848064,100,False
CON-SEA-SWELL-067,confirmation,sealed_confirmation,swell,"{""duration_cycles"":0.7785649457481326,""event_voltage_pu"":1.7518380165100098}",112.5,25,0.05800513713704972,3764191248,100,False
CON-SEA-SWELL-068,confirmation,sealed_confirmation,swell,"{""duration_cycles"":10.611898279081466,""event_voltage_pu"":1.18308801651001}",157.5,25,0.11682866654881442,1753430334,100,False
CON-SEA-SWELL-069,confirmation,sealed_confirmation,swell,"{""duration_cycles"":20.445231612414798,""event_voltage_pu"":1.5330880165100098}",22.5,35,0.17565219596057913,3600371797,100,False
CON-SEA-SWELL-070,confirmation,sealed_confirmation,swell,"{""duration_cycles"":4.05634272352591,""event_voltage_pu"":1.3580880165100098}",67.5,35,0.23447572537234385,1600457344,100,False
CON-SEA-SWELL-071,confirmation,sealed_confirmation,swell,"{""duration_cycles"":13.889676056859242,""event_voltage_pu"":1.7080880165100099}",112.5,35,0.29329925478410857,3811510503,100,False
CON-SEA-SWELL-072,confirmation,sealed_confirmation,swell,"{""duration_cycles"":23.723009390192573,""event_voltage_pu"":1.2705880165100099}",157.5,35,0.3521227841958733,4110738841,100,False
CON-SEA-SWELL-073,confirmation,sealed_confirmation,swell,"{""duration_cycles"":7.334120501303688,""event_voltage_pu"":1.62058801651001}",22.5,25,0.41094631360763795,1810741234,100,False
CON-SEA-SWELL-074,confirmation,sealed_confirmation,swell,"{""duration_cycles"":17.167453834637023,""event_voltage_pu"":1.44558801651001}",67.5,25,0.46976984301940267,2142965923,100,False
CON-SEA-SWELL-075,confirmation,sealed_confirmation,swell,"{""duration_cycles"":27.00078716797035,""event_voltage_pu"":1.7955880165100098}",112.5,25,0.5285933724311673,2483160002,100,False
CON-SEA-SWELL-076,confirmation,sealed_confirmation,swell,"{""duration_cycles"":1.8711575383407248,""event_voltage_pu"":1.10379114151001}",157.5,25,0.587416901842932,2751546287,100,False
CON-SEA-SWELL-077,confirmation,sealed_confirmation,swell,"{""duration_cycles"":11.704490871674057,""event_voltage_pu"":1.4537911415100098}",22.5,35,0.6462404312546968,1012427371,100,False
CON-SEA-SWELL-078,confirmation,sealed_confirmation,swell,"{""duration_cycles"":21.537824205007393,""event_voltage_pu"":1.27879114151001}",67.5,35,0.7050639606664615,1881403373,100,False
CON-SEA-SWELL-079,confirmation,sealed_confirmation,swell,"{""duration_cycles"":5.148935316118503,""event_voltage_pu"":1.6287911415100098}",112.5,35,0.7638874900782261,3524668152,100,False
CON-SEA-SWELL-080,confirmation,sealed_confirmation,swell,"{""duration_cycles"":14.982268649451834,""event_voltage_pu"":1.1912911415100098}",157.5,35,0.8227110194899908,2830917362,100,False
CON-SEA-SWELL-081,confirmation,sealed_confirmation,swell,"{""duration_cycles"":24.815601982785164,""event_voltage_pu"":1.54129114151001}",22.5,25,0.8815345489017555,1148398174,100,False
CON-SEA-SWELL-082,confirmation,sealed_confirmation,swell,"{""duration_cycles"":8.426713093896279,""event_voltage_pu"":1.3662911415100099}",67.5,25,0.9403580783135203,1064245607,100,False
CON-SEA-SWELL-083,confirmation,sealed_confirmation,swell,"{""duration_cycles"":18.26004642722961,""event_voltage_pu"":1.71629114151001}",112.5,25,0.999181607725285,3140815218,100,False
CON-SEA-SWELL-084,confirmation,sealed_confirmation,swell,"{""duration_cycles"":28.093379760562943,""event_voltage_pu"":1.1475411415100099}",157.5,25,0.0028453569620039204,3662802400,100,False
CON-SEA-SWELL-085,confirmation,sealed_confirmation,swell,"{""duration_cycles"":2.9637501309333176,""event_voltage_pu"":1.49754114151001}",22.5,35,0.061668886373768626,1125909659,100,False
CON-SEA-SWELL-086,confirmation,sealed_confirmation,swell,"{""duration_cycles"":12.797083464266649,""event_voltage_pu"":1.32254114151001}",67.5,35,0.12049241578553332,2265388653,100,False
CON-SEA-SWELL-087,confirmation,sealed_confirmation,swell,"{""duration_cycles"":22.63041679759998,""event_voltage_pu"":1.6725411415100098}",112.5,35,0.17931594519729802,1878376208,100,False
CON-SEA-SWELL-088,confirmation,sealed_confirmation,swell,"{""duration_cycles"":6.241527908711095,""event_voltage_pu"":1.2350411415100098}",157.5,35,0.23813947460906273,1743275250,100,False
CON-SEA-SWELL-089,confirmation,sealed_confirmation,swell,"{""duration_cycles"":16.074861242044427,""event_voltage_pu"":1.5850411415100099}",22.5,25,0.2969630040208275,905514639,100,False
CON-SEA-SWELL-090,confirmation,sealed_confirmation,swell,"{""duration_cycles"":25.90819457537776,""event_voltage_pu"":1.4100411415100098}",67.5,25,0.35578653343259214,2887756416,100,False
CON-SEA-SWELL-091,confirmation,sealed_confirmation,swell,"{""duration_cycles"":9.519305686488872,""event_voltage_pu"":1.7600411415100097}",112.5,25,0.41461006284435686,609453522,100,False
CON-SEA-SWELL-092,confirmation,sealed_confirmation,swell,"{""duration_cycles"":19.352639019822206,""event_voltage_pu"":1.1256661415100098}",157.5,25,0.4734335922561216,5100099,100,False
CON-SEA-SWELL-093,confirmation,sealed_confirmation,swell,"{""duration_cycles"":29.185972353155538,""event_voltage_pu"":1.4756661415100099}",22.5,35,0.5322571216678863,2138801409,100,False
CON-SEA-SWELL-094,confirmation,sealed_confirmation,swell,"{""duration_cycles"":1.1427624766123299,""event_voltage_pu"":1.3006661415100098}",67.5,35,0.591080651079651,4142441830,100,False
CON-SEA-SWELL-095,confirmation,sealed_confirmation,swell,"{""duration_cycles"":10.976095809945662,""event_voltage_pu"":1.6506661415100097}",112.5,35,0.6499041804914157,1481530770,100,False
CON-SEA-SWELL-096,confirmation,sealed_confirmation,swell,"{""duration_cycles"":20.809429143278994,""event_voltage_pu"":1.21316614151001}",157.5,35,0.7087277099031803,2475940373,100,False
CON-SEA-SWELL-097,confirmation,sealed_confirmation,swell,"{""duration_cycles"":4.420540254390108,""event_voltage_pu"":1.5631661415100098}",22.5,25,0.7675512393149451,1239580730,100,False
CON-SEA-INTERRUPTION-001,confirmation,sealed_confirmation,interruption,"{""duration_cycles"":19.61342243698422,""residual_voltage_pu"":0.039189052581787114}",22.5,25,0.4844248399662783,1463764354,100,False
CON-SEA-INTERRUPTION-002,confirmation,sealed_confirmation,interruption,"{""duration_cycles"":29.44675577031755,""residual_voltage_pu"":0.08918905258178711}",67.5,25,0.5432483693780431,648754094,100,False
CON-SEA-INTERRUPTION-003,confirmation,sealed_confirmation,interruption,"{""duration_cycles"":1.403545893774348,""residual_voltage_pu"":0.00793905258178711}",112.5,25,0.6020718987898078,3891544572,100,False
CON-SEA-INTERRUPTION-004,confirmation,sealed_confirmation,interruption,"{""duration_cycles"":11.23687922710768,""residual_voltage_pu"":0.05793905258178711}",157.5,25,0.6608954282015725,4267875395,100,False
CON-SEA-INTERRUPTION-005,confirmation,sealed_confirmation,interruption,"{""duration_cycles"":21.07021256044101,""residual_voltage_pu"":0.03293905258178711}",22.5,35,0.7197189576133372,3314068524,100,False
CON-SEA-INTERRUPTION-006,confirmation,sealed_confirmation,interruption,"{""duration_cycles"":4.681323671552128,""residual_voltage_pu"":0.08293905258178712}",67.5,35,0.7785424870251019,3360165834,100,False
CON-SEA-INTERRUPTION-007,confirmation,sealed_confirmation,interruption,"{""duration_cycles"":14.514657004885457,""residual_voltage_pu"":0.02043905258178711}",112.5,35,0.8373660164368666,175749156,100,False
CON-SEA-INTERRUPTION-008,confirmation,sealed_confirmation,interruption,"{""duration_cycles"":24.347990338218786,""residual_voltage_pu"":0.0704390525817871}",157.5,35,0.8961895458486313,4180963309,100,False
CON-SEA-INTERRUPTION-009,confirmation,sealed_confirmation,interruption,"{""duration_cycles"":7.959101449329902,""residual_voltage_pu"":0.04543905258178711}",22.5,25,0.955013075260396,4121206455,100,False
CON-SEA-INTERRUPTION-010,confirmation,sealed_confirmation,interruption,"{""duration_cycles"":17.792434782663232,""residual_voltage_pu"":0.09543905258178711}",67.5,25,0.017296812284617394,2389903778,100,False
CON-SEA-INTERRUPTION-011,confirmation,sealed_confirmation,interruption,"{""duration_cycles"":27.625768115996564,""residual_voltage_pu"":0.00481405258178711}",112.5,25,0.0761203416963821,2855191445,100,False
CON-SEA-INTERRUPTION-012,confirmation,sealed_confirmation,interruption,"{""duration_cycles"":2.4961384863669407,""residual_voltage_pu"":0.054814052581787114}",157.5,25,0.1349438711081468,756966062,100,False
CON-SEA-INTERRUPTION-013,confirmation,sealed_confirmation,interruption,"{""duration_cycles"":12.329471819700272,""residual_voltage_pu"":0.029814052581787112}",22.5,35,0.19376740051991148,2994357676,100,False
CON-SEA-INTERRUPTION-014,confirmation,sealed_confirmation,interruption,"{""duration_cycles"":22.162805153033602,""residual_voltage_pu"":0.07981405258178711}",67.5,35,0.2525909299316762,2533582687,100,False
CON-SEA-INTERRUPTION-015,confirmation,sealed_confirmation,interruption,"{""duration_cycles"":5.77391626414472,""residual_voltage_pu"":0.01731405258178711}",112.5,35,0.3114144593434409,111181450,100,False
CON-SEA-INTERRUPTION-016,confirmation,sealed_confirmation,interruption,"{""duration_cycles"":15.607249597478049,""residual_voltage_pu"":0.06731405258178712}",157.5,35,0.3702379887552056,3470662134,100,False
CON-SEA-INTERRUPTION-017,confirmation,sealed_confirmation,interruption,"{""duration_cycles"":25.440582930811377,""residual_voltage_pu"":0.04231405258178711}",22.5,25,0.4290615181669703,2255046668,100,False
CON-SEA-INTERRUPTION-018,confirmation,sealed_confirmation,interruption,"{""duration_cycles"":9.051694041922495,""residual_voltage_pu"":0.09231405258178711}",67.5,25,0.487885047578735,1321708608,100,False
CON-SEA-INTERRUPTION-019,confirmation,sealed_confirmation,interruption,"{""duration_cycles"":18.885027375255824,""residual_voltage_pu"":0.01106405258178711}",112.5,25,0.5467085769904998,445721299,100,False
CON-SEA-INTERRUPTION-020,confirmation,sealed_confirmation,interruption,"{""duration_cycles"":28.718360708589156,""residual_voltage_pu"":0.06106405258178711}",157.5,25,0.6055321064022645,3826142225,100,False
CON-SEA-INTERRUPTION-021,confirmation,sealed_confirmation,interruption,"{""duration_cycles"":3.588731078959533,""residual_voltage_pu"":0.03606405258178711}",22.5,35,0.6643556358140292,625409047,100,False
CON-SEA-INTERRUPTION-022,confirmation,sealed_confirmation,interruption,"{""duration_cycles"":13.422064412292864,""residual_voltage_pu"":0.08606405258178712}",67.5,35,0.7231791652257938,2964044633,100,False
CON-SEA-INTERRUPTION-023,confirmation,sealed_confirmation,interruption,"{""duration_cycles"":23.255397745626194,""residual_voltage_pu"":0.02356405258178711}",112.5,35,0.7820026946375586,3979325537,100,False
CON-SEA-INTERRUPTION-024,confirmation,sealed_confirmation,interruption,"{""duration_cycles"":6.866508856737313,""residual_voltage_pu"":0.07356405258178711}",157.5,35,0.8408262240493233,4258798001,100,False
CON-SEA-INTERRUPTION-025,confirmation,sealed_confirmation,interruption,"{""duration_cycles"":16.69984219007064,""residual_voltage_pu"":0.048564052581787115}",22.5,25,0.899649753461088,1626178732,100,False
CON-SEA-INTERRUPTION-026,confirmation,sealed_confirmation,interruption,"{""duration_cycles"":26.53317552340397,""residual_voltage_pu"":0.09856405258178712}",67.5,25,0.9584732828728527,2403942014,100,False
CON-SEA-INTERRUPTION-027,confirmation,sealed_confirmation,interruption,"{""duration_cycles"":10.144286634515087,""residual_voltage_pu"":0.0009078025817871095}",112.5,25,0.020757019897074146,3544016867,100,False
CON-SEA-INTERRUPTION-028,confirmation,sealed_confirmation,interruption,"{""duration_cycles"":19.97761996784842,""residual_voltage_pu"":0.050907802581787114}",157.5,25,0.07958054930883884,3102894083,100,False
CON-SEA-INTERRUPTION-029,confirmation,sealed_confirmation,interruption,"{""duration_cycles"":29.810953301181748,""residual_voltage_pu"":0.025907802581787112}",22.5,35,0.13840407872060356,1935477592,100,False
CON-SEA-INTERRUPTION-030,confirmation,sealed_confirmation,interruption,"{""duration_cycles"":0.7965500090006856,""residual_voltage_pu"":0.07590780258178711}",67.5,35,0.19722760813236823,2795116720,100,False
CON-SEA-INTERRUPTION-031,confirmation,sealed_confirmation,interruption,"{""duration_cycles"":10.629883342334018,""residual_voltage_pu"":0.01340780258178711}",112.5,35,0.25605113754413295,3607802112,100,False
CON-SEA-INTERRUPTION-032,confirmation,sealed_confirmation,interruption,"{""duration_cycles"":20.463216675667347,""residual_voltage_pu"":0.06340780258178712}",157.5,35,0.31487466695589766,1326168099,100,False
CON-SEA-INTERRUPTION-033,confirmation,sealed_confirmation,interruption,"{""duration_cycles"":4.074327786778463,""residual_voltage_pu"":0.03840780258178711}",22.5,25,0.3736981963676623,3080646521,100,False
CON-SEA-INTERRUPTION-034,confirmation,sealed_confirmation,interruption,"{""duration_cycles"":13.907661120111795,""residual_voltage_pu"":0.08840780258178711}",67.5,25,0.43252172577942705,2192341038,100,False
CON-SEA-INTERRUPTION-035,confirmation,sealed_confirmation,interruption,"{""duration_cycles"":23.740994453445122,""residual_voltage_pu"":0.007157802581787109}",112.5,25,0.49134525519119177,945075280,100,False
CON-SEA-INTERRUPTION-036,confirmation,sealed_confirmation,interruption,"{""duration_cycles"":7.352105564556242,""residual_voltage_pu"":0.05715780258178711}",157.5,25,0.5501687846029566,2099278684,100,False
CON-SEA-INTERRUPTION-037,confirmation,sealed_confirmation,interruption,"{""duration_cycles"":17.18543889788957,""residual_voltage_pu"":0.03215780258178711}",22.5,35,0.6089923140147213,2730760715,100,False
CON-SEA-INTERRUPTION-038,confirmation,sealed_confirmation,interruption,"{""duration_cycles"":27.0187722312229,""residual_voltage_pu"":0.08215780258178712}",67.5,35,0.667815843426486,1924172192,100,False
CON-SEA-INTERRUPTION-039,confirmation,sealed_confirmation,interruption,"{""duration_cycles"":1.8891426015932777,""residual_voltage_pu"":0.01965780258178711}",112.5,35,0.7266393728382506,1384024818,100,False
CON-SEA-INTERRUPTION-040,confirmation,sealed_confirmation,interruption,"{""duration_cycles"":11.72247593492661,""residual_voltage_pu"":0.06965780258178711}",157.5,35,0.7854629022500154,3887326743,100,False
CON-SEA-INTERRUPTION-041,confirmation,sealed_confirmation,interruption,"{""duration_cycles"":21.55580926825994,""residual_voltage_pu"":0.044657802581787115}",22.5,25,0.8442864316617801,1146505641,100,False
CON-SEA-INTERRUPTION-042,confirmation,sealed_confirmation,interruption,"{""duration_cycles"":5.1669203793710565,""residual_voltage_pu"":0.09465780258178712}",67.5,25,0.9031099610735448,3188623874,100,False
CON-SEA-INTERRUPTION-043,confirmation,sealed_confirmation,interruption,"{""duration_cycles"":15.000253712704389,""residual_voltage_pu"":0.004032802581787109}",112.5,25,0.9619334904853095,1297542873,100,False
CON-SEA-INTERRUPTION-044,confirmation,sealed_confirmation,interruption,"{""duration_cycles"":24.833587046037714,""residual_voltage_pu"":0.05403280258178711}",157.5,25,0.02421722750953089,3374082119,100,False
CON-SEA-INTERRUPTION-045,confirmation,sealed_confirmation,interruption,"{""duration_cycles"":8.444698157148833,""residual_voltage_pu"":0.02903280258178711}",22.5,35,0.08304075692129559,2335377538,100,False
CON-SEA-INTERRUPTION-046,confirmation,sealed_confirmation,interruption,"{""duration_cycles"":18.27803149048216,""residual_voltage_pu"":0.07903280258178712}",67.5,35,0.1418642863330603,1887400924,100,False
CON-SEA-INTERRUPTION-047,confirmation,sealed_confirmation,interruption,"{""duration_cycles"":28.111364823815492,""residual_voltage_pu"":0.01653280258178711}",112.5,35,0.20068781574482497,723843924,100,False
CON-SEA-INTERRUPTION-048,confirmation,sealed_confirmation,interruption,"{""duration_cycles"":2.9817351941858705,""residual_voltage_pu"":0.0665328025817871}",157.5,35,0.2595113451565897,300196002,100,False
CON-SEA-INTERRUPTION-049,confirmation,sealed_confirmation,interruption,"{""duration_cycles"":12.815068527519204,""residual_voltage_pu"":0.04153280258178711}",22.5,25,0.3183348745683544,1129555403,100,False
CON-SEA-INTERRUPTION-050,confirmation,sealed_confirmation,interruption,"{""duration_cycles"":22.64840186085253,""residual_voltage_pu"":0.09153280258178711}",67.5,25,0.3771584039801191,766869926,100,False
CON-SEA-INTERRUPTION-051,confirmation,sealed_confirmation,interruption,"{""duration_cycles"":6.259512971963649,""residual_voltage_pu"":0.01028280258178711}",112.5,25,0.4359819333918838,659648793,100,False
CON-SEA-INTERRUPTION-052,confirmation,sealed_confirmation,interruption,"{""duration_cycles"":16.092846305296973,""residual_voltage_pu"":0.060282802581787115}",157.5,25,0.4948054628036485,3517734638,100,False
CON-SEA-INTERRUPTION-053,confirmation,sealed_confirmation,interruption,"{""duration_cycles"":25.926179638630305,""residual_voltage_pu"":0.035282802581787114}",22.5,35,0.5536289922154133,2230221293,100,False
CON-SEA-INTERRUPTION-054,confirmation,sealed_confirmation,interruption,"{""duration_cycles"":9.537290749741425,""residual_voltage_pu"":0.08528280258178711}",67.5,35,0.612452521627178,2590833743,100,False
CON-SEA-INTERRUPTION-055,confirmation,sealed_confirmation,interruption,"{""duration_cycles"":19.370624083074755,""residual_voltage_pu"":0.02278280258178711}",112.5,35,0.6712760510389427,2863755439,100,False
CON-SEA-INTERRUPTION-056,confirmation,sealed_confirmation,interruption,"{""duration_cycles"":29.203957416408088,""residual_voltage_pu"":0.07278280258178711}",157.5,35,0.7300995804507073,3088979726,100,False
CON-SEA-INTERRUPTION-057,confirmation,sealed_confirmation,interruption,"{""duration_cycles"":1.1607475398648828,""residual_voltage_pu"":0.04778280258178711}",22.5,25,0.788923109862472,1011433509,100,False
CON-SEA-INTERRUPTION-058,confirmation,sealed_confirmation,interruption,"{""duration_cycles"":10.994080873198216,""residual_voltage_pu"":0.09778280258178712}",67.5,25,0.8477466392742368,691165156,100,False
CON-SEA-INTERRUPTION-059,confirmation,sealed_confirmation,interruption,"{""duration_cycles"":20.827414206531543,""residual_voltage_pu"":0.0024703025817871095}",112.5,25,0.9065701686860015,774294602,100,False
CON-SEA-INTERRUPTION-060,confirmation,sealed_confirmation,interruption,"{""duration_cycles"":4.438525317642662,""residual_voltage_pu"":0.052470302581787115}",157.5,25,0.9653936980977662,564451851,100,False
CON-SEA-INTERRUPTION-061,confirmation,sealed_confirmation,interruption,"{""duration_cycles"":14.271858650975993,""residual_voltage_pu"":0.02747030258178711}",22.5,35,0.027677435121987636,3592996475,100,False
CON-SEA-INTERRUPTION-062,confirmation,sealed_confirmation,interruption,"{""duration_cycles"":24.10519198430932,""residual_voltage_pu"":0.07747030258178711}",67.5,35,0.08650096453375233,3694216403,100,False
CON-SEA-INTERRUPTION-063,confirmation,sealed_confirmation,interruption,"{""duration_cycles"":7.7163030954204395,""residual_voltage_pu"":0.01497030258178711}",112.5,35,0.14532449394551705,2841206875,100,False
CON-SEA-INTERRUPTION-064,confirmation,sealed_confirmation,interruption,"{""duration_cycles"":17.549636428753768,""residual_voltage_pu"":0.06497030258178711}",157.5,35,0.20414802335728174,535099439,100,False
CON-SEA-INTERRUPTION-065,confirmation,sealed_confirmation,interruption,"{""duration_cycles"":27.3829697620871,""residual_voltage_pu"":0.03997030258178711}",22.5,25,0.26297155276904643,631814530,100,False
CON-SEA-INTERRUPTION-066,confirmation,sealed_confirmation,interruption,"{""duration_cycles"":2.2533401324574753,""residual_voltage_pu"":0.08997030258178712}",67.5,25,0.32179508218081115,1625461152,100,False
CON-SEA-INTERRUPTION-067,confirmation,sealed_confirmation,interruption,"{""duration_cycles"":12.086673465790808,""residual_voltage_pu"":0.008720302581787109}",112.5,25,0.3806186115925758,3835195041,100,False
CON-SEA-INTERRUPTION-068,confirmation,sealed_confirmation,interruption,"{""duration_cycles"":21.92000679912414,""residual_voltage_pu"":0.058720302581787114}",157.5,25,0.43944214100434054,1601047884,100,False
CON-SEA-INTERRUPTION-069,confirmation,sealed_confirmation,interruption,"{""duration_cycles"":5.531117910235254,""residual_voltage_pu"":0.03372030258178711}",22.5,35,0.49826567041610526,4165623687,100,False
CON-SEA-INTERRUPTION-070,confirmation,sealed_confirmation,interruption,"{""duration_cycles"":15.364451243568581,""residual_voltage_pu"":0.08372030258178711}",67.5,35,0.5570891998278701,1299437898,100,False
CON-SEA-INTERRUPTION-071,confirmation,sealed_confirmation,interruption,"{""duration_cycles"":25.197784576901913,""residual_voltage_pu"":0.02122030258178711}",112.5,35,0.6159127292396348,2754023297,100,False
CON-SEA-INTERRUPTION-072,confirmation,sealed_confirmation,interruption,"{""duration_cycles"":8.808895688013031,""residual_voltage_pu"":0.07122030258178712}",157.5,35,0.6747362586513995,2466582464,100,False
CON-SEA-INTERRUPTION-073,confirmation,sealed_confirmation,interruption,"{""duration_cycles"":18.64222902134636,""residual_voltage_pu"":0.04622030258178711}",22.5,25,0.7335597880631641,2952558369,100,False
CON-SEA-INTERRUPTION-074,confirmation,sealed_confirmation,interruption,"{""duration_cycles"":28.475562354679692,""residual_voltage_pu"":0.09622030258178711}",67.5,25,0.7923833174749288,3838806090,100,False
CON-SEA-INTERRUPTION-075,confirmation,sealed_confirmation,interruption,"{""duration_cycles"":3.3459327250500683,""residual_voltage_pu"":0.00559530258178711}",112.5,25,0.8512068468866936,2720189125,100,False
CON-SEA-INTERRUPTION-076,confirmation,sealed_confirmation,interruption,"{""duration_cycles"":13.179266058383401,""residual_voltage_pu"":0.05559530258178711}",157.5,25,0.9100303762984583,3577584074,100,False
CON-SEA-INTERRUPTION-077,confirmation,sealed_confirmation,interruption,"{""duration_cycles"":23.01259939171673,""residual_voltage_pu"":0.03059530258178711}",22.5,35,0.968853905710223,222478810,100,False
CON-SEA-INTERRUPTION-078,confirmation,sealed_confirmation,interruption,"{""duration_cycles"":6.623710502827847,""residual_voltage_pu"":0.08059530258178711}",67.5,35,0.031137642734444387,1940405046,100,False
CON-SEA-INTERRUPTION-079,confirmation,sealed_confirmation,interruption,"{""duration_cycles"":16.45704383616117,""residual_voltage_pu"":0.01809530258178711}",112.5,35,0.08996117214620908,1598327625,100,False
CON-SEA-INTERRUPTION-080,confirmation,sealed_confirmation,interruption,"{""duration_cycles"":26.2903771694945,""residual_voltage_pu"":0.06809530258178711}",157.5,35,0.1487847015579738,228364693,100,False
CON-SEA-INTERRUPTION-081,confirmation,sealed_confirmation,interruption,"{""duration_cycles"":9.901488280605623,""residual_voltage_pu"":0.043095302581787114}",22.5,25,0.2076082309697385,2693510046,100,False
CON-SEA-INTERRUPTION-082,confirmation,sealed_confirmation,interruption,"{""duration_cycles"":19.73482161393895,""residual_voltage_pu"":0.09309530258178711}",67.5,25,0.2664317603815032,3059180717,100,False
CON-SEA-INTERRUPTION-083,confirmation,sealed_confirmation,interruption,"{""duration_cycles"":29.568154947272284,""residual_voltage_pu"":0.01184530258178711}",112.5,25,0.3252552897932679,4048536395,100,False
CON-SEA-INTERRUPTION-084,confirmation,sealed_confirmation,interruption,"{""duration_cycles"":1.5249450707290801,""residual_voltage_pu"":0.06184530258178711}",157.5,25,0.38407881920503256,4252856786,100,False
CON-SEA-INTERRUPTION-085,confirmation,sealed_confirmation,interruption,"{""duration_cycles"":11.358278404062412,""residual_voltage_pu"":0.03684530258178711}",22.5,35,0.4429023486167973,2452005094,100,False
CON-SEA-INTERRUPTION-086,confirmation,sealed_confirmation,interruption,"{""duration_cycles"":21.19161173739574,""residual_voltage_pu"":0.08684530258178712}",67.5,35,0.5017258780285621,4045066199,100,False
CON-SEA-INTERRUPTION-087,confirmation,sealed_confirmation,interruption,"{""duration_cycles"":4.80272284850686,""residual_voltage_pu"":0.02434530258178711}",112.5,35,0.5605494074403268,4126800999,100,False
CON-SEA-INTERRUPTION-088,confirmation,sealed_confirmation,interruption,"{""duration_cycles"":14.63605618184019,""residual_voltage_pu"":0.0743453025817871}",157.5,35,0.6193729368520915,1777694620,100,False
CON-SEA-INTERRUPTION-089,confirmation,sealed_confirmation,interruption,"{""duration_cycles"":24.469389515173518,""residual_voltage_pu"":0.04934530258178711}",22.5,25,0.6781964662638562,2013422020,100,False
CON-SEA-INTERRUPTION-090,confirmation,sealed_confirmation,interruption,"{""duration_cycles"":8.080500626284636,""residual_voltage_pu"":0.09934530258178711}",67.5,25,0.7370199956756208,834535120,100,False
CON-SEA-INTERRUPTION-091,confirmation,sealed_confirmation,interruption,"{""duration_cycles"":17.913833959617964,""residual_voltage_pu"":0.0005171775817871094}",112.5,25,0.7958435250873855,803713287,100,False
CON-SEA-INTERRUPTION-092,confirmation,sealed_confirmation,interruption,"{""duration_cycles"":27.747167292951296,""residual_voltage_pu"":0.050517177581787115}",157.5,25,0.8546670544991503,2837269731,100,False
CON-SEA-INTERRUPTION-093,confirmation,sealed_confirmation,interruption,"{""duration_cycles"":2.617537663321673,""residual_voltage_pu"":0.02551717758178711}",22.5,35,0.913490583910915,527265646,100,False
CON-SEA-INTERRUPTION-094,confirmation,sealed_confirmation,interruption,"{""duration_cycles"":12.450870996655006,""residual_voltage_pu"":0.07551717758178711}",67.5,35,0.9723141133226797,1058940831,100,False
CON-SEA-INTERRUPTION-095,confirmation,sealed_confirmation,interruption,"{""duration_cycles"":22.284204329988334,""residual_voltage_pu"":0.01301717758178711}",112.5,35,0.03459785034690113,2665742574,100,False
CON-SEA-INTERRUPTION-096,confirmation,sealed_confirmation,interruption,"{""duration_cycles"":5.895315441099452,""residual_voltage_pu"":0.06301717758178711}",157.5,35,0.09342137975866584,4068074707,100,False
CON-SEA-INTERRUPTION-097,confirmation,sealed_confirmation,interruption,"{""duration_cycles"":15.72864877443278,""residual_voltage_pu"":0.03801717758178711}",22.5,25,0.15224490917043054,1651697971,100,False
CON-SEA-HARMONICS-001,confirmation,sealed_confirmation,harmonics,"{""a3_pu"":0.0917203426361084,""a5_pu"":0.09106933789451697,""a7_pu"":0.033016360960000005,""phi3_deg"":54.37274244158644,""phi5_deg"":245.71841443788836,""phi7_deg"":86.37559928308745}",22.5,25,0.8620072303055871,2233209450,100,False
CON-SEA-HARMONICS-002,confirmation,sealed_confirmation,harmonics,"{""a3_pu"":0.0185953426361084,""a5_pu"":0.014402671227850316,""a7_pu"":0.051016360960000014,""phi3_deg"":105.80131387015786,""phi5_deg"":278.4456871651611,""phi7_deg"":114.0679069753951}",67.5,25,0.9208307597173518,571730250,100,False
CON-SEA-HARMONICS-003,confirmation,sealed_confirmation,harmonics,"{""a3_pu"":0.0635953426361084,""a5_pu"":0.04440267122785032,""a7_pu"":0.06901636096000001,""phi3_deg"":157.2298852987293,""phi5_deg"":311.1729598924338,""phi7_deg"":141.7602146677028}",112.5,25,0.9796542891291166,2712797954,100,False
CON-SEA-HARMONICS-004,confirmation,sealed_confirmation,harmonics,"{""a3_pu"":0.0410953426361084,""a5_pu"":0.07440267122785031,""a7_pu"":0.08701636096000001,""phi3_deg"":208.6584567273007,""phi5_deg"":343.90023261970657,""phi7_deg"":169.45252236001048}",157.5,25,0.04193802615333797,3662229335,100,False
CON-SEA-HARMONICS-005,confirmation,sealed_confirmation,harmonics,"{""a3_pu"":0.08609534263610841,""a5_pu"":0.02440267122785032,""a7_pu"":0.01861636096,""phi3_deg"":260.0870281558721,""phi5_deg"":19.602711958549552,""phi7_deg"":197.14483005231824}",22.5,35,0.10076155556510269,1442263005,100,False
CON-SEA-HARMONICS-006,confirmation,sealed_confirmation,harmonics,"{""a3_pu"":0.0298453426361084,""a5_pu"":0.05440267122785032,""a7_pu"":0.03661636096000001,""phi3_deg"":311.5155995844435,""phi5_deg"":52.32998468582228,""phi7_deg"":224.83713774462592}",67.5,35,0.15958508497686738,4260331092,100,False
CON-SEA-HARMONICS-007,confirmation,sealed_confirmation,harmonics,"{""a3_pu"":0.0748453426361084,""a5_pu"":0.08440267122785029,""a7_pu"":0.05461636096000001,""phi3_deg"":10.291109788525223,""phi5_deg"":85.05725741309502,""phi7_deg"":252.5294454369336}",112.5,35,0.21840861438863207,3751153173,100,False
CON-SEA-HARMONICS-008,confirmation,sealed_confirmation,harmonics,"{""a3_pu"":0.052345342636108405,""a5_pu"":0.03440267122785032,""a7_pu"":0.07261636096,""phi3_deg"":61.71968121709664,""phi5_deg"":117.7845301403677,""phi7_deg"":280.2217531292413}",157.5,35,0.27723214380039685,1726677089,100,False
CON-SEA-HARMONICS-009,confirmation,sealed_confirmation,harmonics,"{""a3_pu"":0.0973453426361084,""a5_pu"":0.06440267122785032,""a7_pu"":0.09061636096,""phi3_deg"":113.14825264566808,""phi5_deg"":150.51180286764045,""phi7_deg"":307.914060821549}",22.5,25,0.33605567321216157,877034308,100,False
CON-SEA-HARMONICS-010,confirmation,sealed_confirmation,harmonics,"{""a3_pu"":0.011564092636108398,""a5_pu"":0.0944026712278503,""a7_pu"":0.02221636096,""phi3_deg"":164.5768240742395,""phi5_deg"":183.2390755949132,""phi7_deg"":335.6063685138567}",67.5,25,0.3948792026239262,228119966,100,False
CON-SEA-HARMONICS-011,confirmation,sealed_confirmation,harmonics,"{""a3_pu"":0.056564092636108405,""a5_pu"":0.01773600456118365,""a7_pu"":0.04021636096000001,""phi3_deg"":216.0053955028109,""phi5_deg"":215.9663483221859,""phi7_deg"":5.428853720957263}",112.5,25,0.4537027320356909,3276171169,100,False
CON-SEA-HARMONICS-012,confirmation,sealed_confirmation,harmonics,"{""a3_pu"":0.0340640926361084,""a5_pu"":0.047736004561183654,""a7_pu"":0.058216360960000005,""phi3_deg"":267.4339669313823,""phi5_deg"":248.6936210494586,""phi7_deg"":33.12116141326496}",157.5,25,0.5125262614474556,4034411853,100,False
CON-SEA-HARMONICS-013,confirmation,sealed_confirmation,harmonics,"{""a3_pu"":0.0790640926361084,""a5_pu"":0.07773600456118364,""a7_pu"":0.07621636096,""phi3_deg"":318.86253835995376,""phi5_deg"":281.42089377673136,""phi7_deg"":60.81346910557265}",22.5,35,0.5713497908592203,3012093317,100,False
CON-SEA-HARMONICS-014,confirmation,sealed_confirmation,harmonics,"{""a3_pu"":0.0228140926361084,""a5_pu"":0.02773600456118365,""a7_pu"":0.09421636096000001,""phi3_deg"":17.63804856403543,""phi5_deg"":314.14816650400405,""phi7_deg"":88.50577679788034}",67.5,35,0.630173320270985,1385428590,100,False
CON-SEA-HARMONICS-015,confirmation,sealed_confirmation,harmonics,"{""a3_pu"":0.06781409263610841,""a5_pu"":0.05773600456118365,""a7_pu"":0.02581636096,""phi3_deg"":69.06661999260685,""phi5_deg"":346.87543923127686,""phi7_deg"":116.19808449018801}",112.5,35,0.6889968496827498,155065933,100,False
CON-SEA-HARMONICS-016,confirmation,sealed_confirmation,harmonics,"{""a3_pu"":0.0453140926361084,""a5_pu"":0.08773600456118363,""a7_pu"":0.04381636096000001,""phi3_deg"":120.49519142117826,""phi5_deg"":22.5779185701198,""phi7_deg"":143.8903921824957}",157.5,35,0.7478203790945144,1387349855,100,False
CON-SEA-HARMONICS-017,confirmation,sealed_confirmation,harmonics,"{""a3_pu"":0.0903140926361084,""a5_pu"":0.03773600456118365,""a7_pu"":0.061816360960000004,""phi3_deg"":171.9237628497497,""phi5_deg"":55.30519129739253,""phi7_deg"":171.5826998748034}",22.5,25,0.8066439085062791,191103240,100,False
CON-SEA-HARMONICS-018,confirmation,sealed_confirmation,harmonics,"{""a3_pu"":0.017189092636108398,""a5_pu"":0.06773600456118364,""a7_pu"":0.07981636096000001,""phi3_deg"":223.3523342783211,""phi5_deg"":88.03246402466526,""phi7_deg"":199.27500756711112}",67.5,25,0.8654674379180438,1686008101,100,False
CON-SEA-HARMONICS-019,confirmation,sealed_confirmation,harmonics,"{""a3_pu"":0.0621890926361084,""a5_pu"":0.09773600456118364,""a7_pu"":0.09781636096,""phi3_deg"":274.7809057068925,""phi5_deg"":120.75973675193796,""phi7_deg"":226.9673152594188}",112.5,25,0.9242909673298085,2966290050,100,False
CON-SEA-HARMONICS-020,confirmation,sealed_confirmation,harmonics,"{""a3_pu"":0.039689092636108404,""a5_pu"":0.012180449005628095,""a7_pu"":0.01213636096,""phi3_deg"":326.20947713546394,""phi5_deg"":153.4870094792107,""phi7_deg"":254.65962295172645}",157.5,25,0.9831144967415733,1637550939,100,False
CON-SEA-HARMONICS-021,confirmation,sealed_confirmation,harmonics,"{""a3_pu"":0.0846890926361084,""a5_pu"":0.0421804490056281,""a7_pu"":0.030136360960000004,""phi3_deg"":24.984987339545636,""phi5_deg"":186.21428220648343,""phi7_deg"":282.35193064403416}",22.5,35,0.04539823376579472,2155388214,100,False
CON-SEA-HARMONICS-022,confirmation,sealed_confirmation,harmonics,"{""a3_pu"":0.0284390926361084,""a5_pu"":0.07218044900562809,""a7_pu"":0.04813636096000001,""phi3_deg"":76.41355876811706,""phi5_deg"":218.94155493375615,""phi7_deg"":310.0442383363419}",67.5,35,0.10422176317755945,2467227305,100,False
CON-SEA-HARMONICS-023,confirmation,sealed_confirmation,harmonics,"{""a3_pu"":0.0734390926361084,""a5_pu"":0.022180449005628097,""a7_pu"":0.06613636096,""phi3_deg"":127.84213019668847,""phi5_deg"":251.66882766102887,""phi7_deg"":337.73654602864957}",112.5,35,0.16304529258932413,2980934645,100,False
CON-SEA-HARMONICS-024,confirmation,sealed_confirmation,harmonics,"{""a3_pu"":0.05093909263610841,""a5_pu"":0.0521804490056281,""a7_pu"":0.08413636096,""phi3_deg"":179.2707016252599,""phi5_deg"":284.3961003883016,""phi7_deg"":7.55903123575016}",157.5,35,0.22186882200108882,2064078528,100,False
CON-SEA-HARMONICS-025,confirmation,sealed_confirmation,harmonics,"{""a3_pu"":0.0959390926361084,""a5_pu"":0.08218044900562808,""a7_pu"":0.01573636096,""phi3_deg"":230.69927305383126,""phi5_deg"":317.12337311557434,""phi7_deg"":35.25133892805786}",22.5,25,0.2806923514128536,3533779605,100,False
CON-SEA-HARMONICS-026,confirmation,sealed_confirmation,harmonics,"{""a3_pu"":0.014376592636108399,""a5_pu"":0.032180449005628095,""a7_pu"":0.03373636096000001,""phi3_deg"":282.1278444824027,""phi5_deg"":349.8506458428471,""phi7_deg"":62.94364662036556}",67.5,25,0.3395158808246183,1280907273,100,False
CON-SEA-HARMONICS-027,confirmation,sealed_confirmation,harmonics,"{""a3_pu"":0.05937659263610841,""a5_pu"":0.0621804490056281,""a7_pu"":0.05173636096000001,""phi3_deg"":333.5564159109741,""phi5_deg"":25.553125181690046,""phi7_deg"":90.63595431267323}",112.5,25,0.398339410236383,3203986832,100,False
CON-SEA-HARMONICS-028,confirmation,sealed_confirmation,harmonics,"{""a3_pu"":0.0368765926361084,""a5_pu"":0.09218044900562809,""a7_pu"":0.06973636096000001,""phi3_deg"":32.33192611505584,""phi5_deg"":58.280397908962776,""phi7_deg"":118.3282620049809}",157.5,25,0.4571629396481477,3143877037,100,False
CON-SEA-HARMONICS-029,confirmation,sealed_confirmation,harmonics,"{""a3_pu"":0.0818765926361084,""a5_pu"":0.015513782338961427,""a7_pu"":0.08773636096000001,""phi3_deg"":83.76049754362725,""phi5_deg"":91.00767063623549,""phi7_deg"":146.0205696972886}",22.5,35,0.5159864690599124,432734736,100,False
CON-SEA-HARMONICS-030,confirmation,sealed_confirmation,harmonics,"{""a3_pu"":0.0256265926361084,""a5_pu"":0.04551378233896143,""a7_pu"":0.01933636096,""phi3_deg"":135.18906897219867,""phi5_deg"":123.73494336350821,""phi7_deg"":173.7128773895963}",67.5,35,0.5748099984716771,3741803944,100,False
CON-SEA-HARMONICS-031,confirmation,sealed_confirmation,harmonics,"{""a3_pu"":0.0706265926361084,""a5_pu"":0.07551378233896143,""a7_pu"":0.03733636096000001,""phi3_deg"":186.61764040077009,""phi5_deg"":156.46221609078094,""phi7_deg"":201.40518508190402}",112.5,35,0.6336335278834418,341335631,100,False
CON-SEA-HARMONICS-032,confirmation,sealed_confirmation,harmonics,"{""a3_pu"":0.048126592636108405,""a5_pu"":0.02551378233896143,""a7_pu"":0.05533636096000001,""phi3_deg"":238.04621182934147,""phi5_deg"":189.1894888180537,""phi7_deg"":229.0974927742117}",157.5,35,0.6924570572952066,4152787290,100,False
CON-SEA-HARMONICS-033,confirmation,sealed_confirmation,harmonics,"{""a3_pu"":0.09312659263610841,""a5_pu"":0.055513782338961426,""a7_pu"":0.07333636096,""phi3_deg"":289.47478325791286,""phi5_deg"":221.91676154532638,""phi7_deg"":256.78980046651935}",22.5,25,0.7512805867069712,2362899073,100,False
CON-SEA-HARMONICS-034,confirmation,sealed_confirmation,harmonics,"{""a3_pu"":0.0200015926361084,""a5_pu"":0.08551378233896141,""a7_pu"":0.09133636096,""phi3_deg"":340.90335468648436,""phi5_deg"":254.64403427259913,""phi7_deg"":284.4821081588271}",67.5,25,0.8101041161187359,328921022,100,False
CON-SEA-HARMONICS-035,confirmation,sealed_confirmation,harmonics,"{""a3_pu"":0.0650015926361084,""a5_pu"":0.03551378233896143,""a7_pu"":0.02293636096,""phi3_deg"":39.67886489056604,""phi5_deg"":287.3713069998719,""phi7_deg"":312.1744158511348}",112.5,25,0.8689276455305006,3546083758,100,False
CON-SEA-HARMONICS-036,confirmation,sealed_confirmation,harmonics,"{""a3_pu"":0.04250159263610841,""a5_pu"":0.06551378233896142,""a7_pu"":0.04093636096000001,""phi3_deg"":91.10743631913746,""phi5_deg"":320.09857972714457,""phi7_deg"":339.86672354344245}",157.5,25,0.9277511749422653,4038433534,100,False
CON-SEA-HARMONICS-037,confirmation,sealed_confirmation,harmonics,"{""a3_pu"":0.0875015926361084,""a5_pu"":0.09551378233896142,""a7_pu"":0.05893636096,""phi3_deg"":142.53600774770888,""phi5_deg"":352.8258524544173,""phi7_deg"":9.689208750543061}",22.5,35,0.98657470435403,2362221445,100,False
CON-SEA-HARMONICS-038,confirmation,sealed_confirmation,harmonics,"{""a3_pu"":0.031251592636108404,""a5_pu"":0.01884711567229476,""a7_pu"":0.07693636096,""phi3_deg"":193.96457917628024,""phi5_deg"":28.528331793260293,""phi7_deg"":37.38151644285076}",67.5,35,0.04885844137825147,1191650185,100,False
CON-SEA-HARMONICS-039,confirmation,sealed_confirmation,harmonics,"{""a3_pu"":0.0762515926361084,""a5_pu"":0.048847115672294765,""a7_pu"":0.09493636096000001,""phi3_deg"":245.39315060485168,""phi5_deg"":61.255604520533026,""phi7_deg"":65.07382413515846}",112.5,35,0.1076819707900162,2394454317,100,False
CON-SEA-HARMONICS-040,confirmation,sealed_confirmation,harmonics,"{""a3_pu"":0.0537515926361084,""a5_pu"":0.07884711567229476,""a7_pu"":0.026536360959999998,""phi3_deg"":296.8217220334231,""phi5_deg"":93.98287724780575,""phi7_deg"":92.76613182746613}",157.5,35,0.16650550020178087,1549758440,100,False
CON-SEA-HARMONICS-041,confirmation,sealed_confirmation,harmonics,"{""a3_pu"":0.0987515926361084,""a5_pu"":0.02884711567229476,""a7_pu"":0.04453636096000001,""phi3_deg"":348.25029346199454,""phi5_deg"":126.71014997507844,""phi7_deg"":120.45843951977382}",22.5,25,0.22532902961354556,1172321137,100,False
CON-SEA-HARMONICS-042,confirmation,sealed_confirmation,harmonics,"{""a3_pu"":0.0108609676361084,""a5_pu"":0.05884711567229475,""a7_pu"":0.06253636096000001,""phi3_deg"":47.025803666076236,""phi5_deg"":159.43742270235117,""phi7_deg"":148.1507472120815}",67.5,25,0.28415255902531034,415747591,100,False
CON-SEA-HARMONICS-043,confirmation,sealed_confirmation,harmonics,"{""a3_pu"":0.055860967636108406,""a5_pu"":0.08884711567229474,""a7_pu"":0.08053636096000001,""phi3_deg"":98.45437509464765,""phi5_deg"":192.16469542962392,""phi7_deg"":175.8430549043892}",112.5,25,0.34297608843707506,685605147,100,False
CON-SEA-HARMONICS-044,confirmation,sealed_confirmation,harmonics,"{""a3_pu"":0.0333609676361084,""a5_pu"":0.03884711567229476,""a7_pu"":0.09853636096000001,""phi3_deg"":149.8829465232191,""phi5_deg"":224.8919681568966,""phi7_deg"":203.53536259669693}",157.5,25,0.4017996178488397,3898367853,100,False
CON-SEA-HARMONICS-045,confirmation,sealed_confirmation,harmonics,"{""a3_pu"":0.0783609676361084,""a5_pu"":0.06884711567229476,""a7_pu"":0.01285636096,""phi3_deg"":201.31151795179045,""phi5_deg"":257.61924088416936,""phi7_deg"":231.2276702890046}",22.5,35,0.46062314726060444,3953437184,100,False
CON-SEA-HARMONICS-046,confirmation,sealed_confirmation,harmonics,"{""a3_pu"":0.0221109676361084,""a5_pu"":0.09884711567229475,""a7_pu"":0.030856360960000002,""phi3_deg"":252.7400893803619,""phi5_deg"":290.3465136114421,""phi7_deg"":258.9199779813123}",67.5,35,0.5194466766723691,1137344829,100,False
CON-SEA-HARMONICS-047,confirmation,sealed_confirmation,harmonics,"{""a3_pu"":0.06711096763610841,""a5_pu"":0.013291560116739204,""a7_pu"":0.04885636096000001,""phi3_deg"":304.16866080893334,""phi5_deg"":323.07378633871485,""phi7_deg"":286.61228567362}",112.5,35,0.5782702060841338,3167673695,100,False
CON-SEA-HARMONICS-048,confirmation,sealed_confirmation,harmonics,"{""a3_pu"":0.0446109676361084,""a5_pu"":0.04329156011673921,""a7_pu"":0.06685636096000001,""phi3_deg"":355.5972322375048,""phi5_deg"":355.80105906598754,""phi7_deg"":314.3045933659277}",157.5,35,0.6370937354958985,2113235456,100,False
CON-SEA-HARMONICS-049,confirmation,sealed_confirmation,harmonics,"{""a3_pu"":0.0896109676361084,""a5_pu"":0.0732915601167392,""a7_pu"":0.08485636096,""phi3_deg"":3.993733695230764,""phi5_deg"":31.503538404830543,""phi7_deg"":341.9969010582354}",22.5,25,0.6959172649076633,724859421,100,False
CON-SEA-HARMONICS-050,confirmation,sealed_confirmation,harmonics,"{""a3_pu"":0.0164859676361084,""a5_pu"":0.023291560116739208,""a7_pu"":0.016456360960000003,""phi3_deg"":55.422305123802175,""phi5_deg"":64.23081113210327,""phi7_deg"":11.819386265335963}",67.5,25,0.7547407943194279,331616,100,False
CON-SEA-HARMONICS-051,confirmation,sealed_confirmation,harmonics,"{""a3_pu"":0.061485967636108405,""a5_pu"":0.05329156011673921,""a7_pu"":0.03445636096000001,""phi3_deg"":106.85087655237362,""phi5_deg"":96.95808385937599,""phi7_deg"":39.51169395764366}",112.5,25,0.8135643237311926,41238258,100,False
CON-SEA-HARMONICS-052,confirmation,sealed_confirmation,harmonics,"{""a3_pu"":0.038985967636108405,""a5_pu"":0.08329156011673919,""a7_pu"":0.05245636096000001,""phi3_deg"":158.27944798094504,""phi5_deg"":129.6853565866487,""phi7_deg"":67.20400164995137}",157.5,25,0.8723878531429573,4135176073,100,False
CON-SEA-HARMONICS-053,confirmation,sealed_confirmation,harmonics,"{""a3_pu"":0.0839859676361084,""a5_pu"":0.033291560116739206,""a7_pu"":0.07045636096,""phi3_deg"":209.70801940951642,""phi5_deg"":162.41262931392143,""phi7_deg"":94.896309342259}",22.5,35,0.931211382554722,2460975554,100,False
CON-SEA-HARMONICS-054,confirmation,sealed_confirmation,harmonics,"{""a3_pu"":0.027735967636108402,""a5_pu"":0.0632915601167392,""a7_pu"":0.08845636096000001,""phi3_deg"":261.13659083808784,""phi5_deg"":195.13990204119415,""phi7_deg"":122.58861703456671}",67.5,35,0.9900349119664867,3383912208,100,False
CON-SEA-HARMONICS-055,confirmation,sealed_confirmation,harmonics,"{""a3_pu"":0.0727359676361084,""a5_pu"":0.0932915601167392,""a7_pu"":0.020056360960000005,""phi3_deg"":312.5651622666593,""phi5_deg"":227.86717476846687,""phi7_deg"":150.2809247268744}",112.5,35,0.05231864899070822,1624686838,100,False
CON-SEA-HARMONICS-056,confirmation,sealed_confirmation,harmonics,"{""a3_pu"":0.05023596763610841,""a5_pu"":0.01662489345007254,""a7_pu"":0.038056360960000014,""phi3_deg"":11.340672470740968,""phi5_deg"":260.59444749573964,""phi7_deg"":177.9732324191821}",157.5,35,0.11114217840247294,2296346631,100,False
CON-SEA-HARMONICS-057,confirmation,sealed_confirmation,harmonics,"{""a3_pu"":0.0952359676361084,""a5_pu"":0.04662489345007254,""a7_pu"":0.05605636096,""phi3_deg"":62.76924389931238,""phi5_deg"":293.32172022301233,""phi7_deg"":205.66554011148983}",22.5,25,0.16996570781423762,3952586656,100,False
CON-SEA-HARMONICS-058,confirmation,sealed_confirmation,harmonics,"{""a3_pu"":0.013673467636108399,""a5_pu"":0.07662489345007253,""a7_pu"":0.07405636096,""phi3_deg"":114.19781532788383,""phi5_deg"":326.0489929502851,""phi7_deg"":233.3578478037975}",67.5,25,0.22878923722600233,1658980499,100,False
CON-SEA-HARMONICS-059,confirmation,sealed_confirmation,harmonics,"{""a3_pu"":0.05867346763610841,""a5_pu"":0.026624893450072545,""a7_pu"":0.09205636096,""phi3_deg"":165.62638675645525,""phi5_deg"":358.77626567755783,""phi7_deg"":261.0501554961052}",112.5,25,0.2876127666377671,3669047694,100,False
CON-SEA-HARMONICS-060,confirmation,sealed_confirmation,harmonics,"{""a3_pu"":0.0361734676361084,""a5_pu"":0.05662489345007254,""a7_pu"":0.023656360959999997,""phi3_deg"":217.05495818502663,""phi5_deg"":2.021945617452631,""phi7_deg"":288.7424631884129}",157.5,25,0.3464362960495318,3465491882,100,False
CON-SEA-HARMONICS-061,confirmation,sealed_confirmation,harmonics,"{""a3_pu"":0.0811734676361084,""a5_pu"":0.08662489345007252,""a7_pu"":0.04165636096000001,""phi3_deg"":268.483529613598,""phi5_deg"":34.74921834472536,""phi7_deg"":316.43477088072063}",22.5,35,0.40525982546129646,317480827,100,False
CON-SEA-HARMONICS-062,confirmation,sealed_confirmation,harmonics,"{""a3_pu"":0.0249234676361084,""a5_pu"":0.03662489345007254,""a7_pu"":0.05965636096,""phi3_deg"":319.91210104216947,""phi5_deg"":67.47649107199808,""phi7_deg"":344.1270785730283}",67.5,35,0.4640833548730612,4071562276,100,False
CON-SEA-HARMONICS-063,confirmation,sealed_confirmation,harmonics,"{""a3_pu"":0.0699234676361084,""a5_pu"":0.06662489345007254,""a7_pu"":0.07765636096,""phi3_deg"":18.68761124625117,""phi5_deg"":100.20376379927079,""phi7_deg"":13.94956378012886}",112.5,35,0.5229068842848259,320736668,100,False
CON-SEA-HARMONICS-064,confirmation,sealed_confirmation,harmonics,"{""a3_pu"":0.047423467636108406,""a5_pu"":0.09662489345007252,""a7_pu"":0.09565636096,""phi3_deg"":70.11618267482258,""phi5_deg"":132.93103652654352,""phi7_deg"":41.641871472436556}",157.5,35,0.5817304136965906,2199664769,100,False
CON-SEA-HARMONICS-065,confirmation,sealed_confirmation,harmonics,"{""a3_pu"":0.0924234676361084,""a5_pu"":0.01995822678340587,""a7_pu"":0.027256360960000003,""phi3_deg"":121.54475410339403,""phi5_deg"":165.65830925381627,""phi7_deg"":69.33417916474426}",22.5,25,0.6405539431083553,1053629908,100,False
CON-SEA-HARMONICS-066,confirmation,sealed_confirmation,harmonics,"{""a3_pu"":0.019298467636108402,""a5_pu"":0.049958226783405876,""a7_pu"":0.04525636096000001,""phi3_deg"":172.97332553196546,""phi5_deg"":198.385581981089,""phi7_deg"":97.02648685705192}",67.5,25,0.6993774725201201,2118515984,100,False
CON-SEA-HARMONICS-067,confirmation,sealed_confirmation,harmonics,"{""a3_pu"":0.0642984676361084,""a5_pu"":0.07995822678340586,""a7_pu"":0.06325636096000001,""phi3_deg"":224.40189696053685,""phi5_deg"":231.1128547083617,""phi7_deg"":124.71879454935961}",112.5,25,0.7582010019318847,1065155626,100,False
CON-SEA-HARMONICS-068,confirmation,sealed_confirmation,harmonics,"{""a3_pu"":0.0417984676361084,""a5_pu"":0.029958226783405872,""a7_pu"":0.08125636096000001,""phi3_deg"":275.83046838910826,""phi5_deg"":263.8401274356345,""phi7_deg"":152.4111022416673}",157.5,25,0.8170245313436494,2966744062,100,False
CON-SEA-HARMONICS-069,confirmation,sealed_confirmation,harmonics,"{""a3_pu"":0.0867984676361084,""a5_pu"":0.05995822678340587,""a7_pu"":0.09925636096000001,""phi3_deg"":327.2590398176797,""phi5_deg"":296.5674001629072,""phi7_deg"":180.103409933975}",22.5,35,0.8758480607554141,3433624526,100,False
CON-SEA-HARMONICS-070,confirmation,sealed_confirmation,harmonics,"{""a3_pu"":0.030548467636108398,""a5_pu"":0.08995822678340586,""a7_pu"":0.013576360960000002,""phi3_deg"":26.034550021761383,""phi5_deg"":329.2946728901799,""phi7_deg"":207.7957176262827}",67.5,35,0.9346715901671788,597385281,100,False
CON-SEA-HARMONICS-071,confirmation,sealed_confirmation,harmonics,"{""a3_pu"":0.0755484676361084,""a5_pu"":0.039958226783405874,""a7_pu"":0.03157636096,""phi3_deg"":77.46312145033279,""phi5_deg"":4.997152229022879,""phi7_deg"":235.4880253185904}",112.5,35,0.9934951195789435,1329131609,100,False
CON-SEA-HARMONICS-072,confirmation,sealed_confirmation,harmonics,"{""a3_pu"":0.053048467636108404,""a5_pu"":0.06995822678340587,""a7_pu"":0.04957636096000002,""phi3_deg"":128.89169287890425,""phi5_deg"":37.72442495629561,""phi7_deg"":263.18033301089804}",157.5,35,0.055778856603164964,1603734708,100,False
CON-SEA-HARMONICS-073,confirmation,sealed_confirmation,harmonics,"{""a3_pu"":0.0980484676361084,""a5_pu"":0.09995822678340587,""a7_pu"":0.06757636096000001,""phi3_deg"":180.32026430747564,""phi5_deg"":70.45169768356834,""phi7_deg"":290.8726407032058}",22.5,25,0.11460238601492968,3076762641,100,False
CON-SEA-HARMONICS-074,confirmation,sealed_confirmation,harmonics,"{""a3_pu"":0.012267217636108399,""a5_pu"":0.010122835836903814,""a7_pu"":0.08557636096,""phi3_deg"":231.748835736047,""phi5_deg"":103.17897041084102,""phi7_deg"":318.5649483955135}",67.5,25,0.17342591542669436,971253517,100,False
CON-SEA-HARMONICS-075,confirmation,sealed_confirmation,harmonics,"{""a3_pu"":0.057267217636108404,""a5_pu"":0.04012283583690381,""a7_pu"":0.01717636096,""phi3_deg"":283.17740716461844,""phi5_deg"":135.90624313811375,""phi7_deg"":346.2572560878212}",112.5,25,0.23224944483845908,1228864732,100,False
CON-SEA-HARMONICS-076,confirmation,sealed_confirmation,harmonics,"{""a3_pu"":0.0347672176361084,""a5_pu"":0.07012283583690382,""a7_pu"":0.03517636096000001,""phi3_deg"":334.6059785931899,""phi5_deg"":168.6335158653865,""phi7_deg"":16.07974129492176}",157.5,25,0.2910729742502238,1754103287,100,False
CON-SEA-HARMONICS-077,confirmation,sealed_confirmation,harmonics,"{""a3_pu"":0.0797672176361084,""a5_pu"":0.020122835836903816,""a7_pu"":0.05317636096000001,""phi3_deg"":33.38148879727159,""phi5_deg"":201.36078859265922,""phi7_deg"":43.772048987229454}",22.5,35,0.34989650366198854,4158937509,100,False
CON-SEA-HARMONICS-078,confirmation,sealed_confirmation,harmonics,"{""a3_pu"":0.023517217636108402,""a5_pu"":0.050122835836903815,""a7_pu"":0.07117636096000002,""phi3_deg"":84.81006022584299,""phi5_deg"":234.08806131993197,""phi7_deg"":71.46435667953715}",67.5,35,0.4087200330737532,3862030983,100,False
CON-SEA-HARMONICS-079,confirmation,sealed_confirmation,harmonics,"{""a3_pu"":0.06851721763610841,""a5_pu"":0.0801228358369038,""a7_pu"":0.08917636096,""phi3_deg"":136.23863165441443,""phi5_deg"":266.8153340472047,""phi7_deg"":99.15666437184481}",112.5,35,0.4675435624855179,2030191453,100,False
CON-SEA-HARMONICS-080,confirmation,sealed_confirmation,harmonics,"{""a3_pu"":0.0460172176361084,""a5_pu"":0.030122835836903818,""a7_pu"":0.020776360960000004,""phi3_deg"":187.66720308298582,""phi5_deg"":299.5426067744774,""phi7_deg"":126.8489720641525}",157.5,35,0.5263670918972826,4198971675,100,False
CON-SEA-HARMONICS-081,confirmation,sealed_confirmation,harmonics,"{""a3_pu"":0.0910172176361084,""a5_pu"":0.06012283583690382,""a7_pu"":0.03877636096000001,""phi3_deg"":239.0957745115572,""phi5_deg"":332.26987950175015,""phi7_deg"":154.5412797564602}",22.5,25,0.5851906213090473,2147065059,100,False
CON-SEA-HARMONICS-082,confirmation,sealed_confirmation,harmonics,"{""a3_pu"":0.017892217636108397,""a5_pu"":0.09012283583690381,""a7_pu"":0.05677636096,""phi3_deg"":290.5243459401286,""phi5_deg"":7.972358840593126,""phi7_deg"":182.2335874487679}",67.5,25,0.644014150720812,431979129,100,False
CON-SEA-HARMONICS-083,confirmation,sealed_confirmation,harmonics,"{""a3_pu"":0.0628922176361084,""a5_pu"":0.013456169170237148,""a7_pu"":0.07477636096,""phi3_deg"":341.95291736870007,""phi5_deg"":40.69963156786586,""phi7_deg"":209.9258951410756}",112.5,25,0.7028376801325767,82950485,100,False
CON-SEA-HARMONICS-084,confirmation,sealed_confirmation,harmonics,"{""a3_pu"":0.0403922176361084,""a5_pu"":0.04345616917023715,""a7_pu"":0.09277636096,""phi3_deg"":40.72842757278178,""phi5_deg"":73.42690429513858,""phi7_deg"":237.6182028333833}",157.5,25,0.7616612095443414,1982427153,100,False
CON-SEA-HARMONICS-085,confirmation,sealed_confirmation,harmonics,"{""a3_pu"":0.08539221763610841,""a5_pu"":0.07345616917023715,""a7_pu"":0.02437636096,""phi3_deg"":92.15699900135321,""phi5_deg"":106.15417702241129,""phi7_deg"":265.310510525691}",22.5,35,0.8204847389561061,2804490101,100,False
CON-SEA-HARMONICS-086,confirmation,sealed_confirmation,harmonics,"{""a3_pu"":0.0291422176361084,""a5_pu"":0.02345616917023715,""a7_pu"":0.042376360960000005,""phi3_deg"":143.58557042992464,""phi5_deg"":138.881449749684,""phi7_deg"":293.0028182179987}",67.5,35,0.8793082683678708,894006075,100,False
CON-SEA-HARMONICS-087,confirmation,sealed_confirmation,harmonics,"{""a3_pu"":0.0741422176361084,""a5_pu"":0.05345616917023715,""a7_pu"":0.06037636096000001,""phi3_deg"":195.01414185849598,""phi5_deg"":171.60872247695676,""phi7_deg"":320.6951259103064}",112.5,35,0.9381317977796355,4001834846,100,False
CON-SEA-HARMONICS-088,confirmation,sealed_confirmation,harmonics,"{""a3_pu"":0.051642217636108406,""a5_pu"":0.08345616917023713,""a7_pu"":0.07837636096,""phi3_deg"":246.44271328706742,""phi5_deg"":204.33599520422945,""phi7_deg"":348.38743360261407}",157.5,35,0.9969553271914002,2504189558,100,False
CON-SEA-HARMONICS-089,confirmation,sealed_confirmation,harmonics,"{""a3_pu"":0.0966422176361084,""a5_pu"":0.033456169170237145,""a7_pu"":0.09637636096,""phi3_deg"":297.87128471563886,""phi5_deg"":237.06326793150222,""phi7_deg"":18.20991880971466}",22.5,25,0.0006190764281191698,3624011528,100,False
CON-SEA-HARMONICS-090,confirmation,sealed_confirmation,harmonics,"{""a3_pu"":0.015079717636108398,""a5_pu"":0.06345616917023715,""a7_pu"":0.027976360960000002,""phi3_deg"":349.2998561442103,""phi5_deg"":269.79054065877494,""phi7_deg"":45.90222650202236}",67.5,25,0.05944260583988387,235514223,100,False
CON-SEA-HARMONICS-091,confirmation,sealed_confirmation,harmonics,"{""a3_pu"":0.06007971763610841,""a5_pu"":0.09345616917023714,""a7_pu"":0.04597636096000001,""phi3_deg"":48.07536634829197,""phi5_deg"":302.5178133860477,""phi7_deg"":73.59453419433005}",112.5,25,0.11826613525164859,1162374929,100,False
CON-SEA-HARMONICS-092,confirmation,sealed_confirmation,harmonics,"{""a3_pu"":0.0375797176361084,""a5_pu"":0.016789502503570482,""a7_pu"":0.06397636096,""phi3_deg"":99.50393777686341,""phi5_deg"":335.2450861133204,""phi7_deg"":101.28684188663772}",157.5,25,0.17708966466341328,774471689,100,False
CON-SEA-HARMONICS-093,confirmation,sealed_confirmation,harmonics,"{""a3_pu"":0.0825797176361084,""a5_pu"":0.04678950250357048,""a7_pu"":0.08197636096000001,""phi3_deg"":150.93250920543485,""phi5_deg"":10.947565452163373,""phi7_deg"":128.97914957894542}",22.5,35,0.235913194075178,1365569991,100,False
CON-SEA-HARMONICS-094,confirmation,sealed_confirmation,harmonics,"{""a3_pu"":0.026329717636108398,""a5_pu"":0.07678950250357047,""a7_pu"":0.09997636096000001,""phi3_deg"":202.3610806340062,""phi5_deg"":43.6748381794361,""phi7_deg"":156.6714572712531}",67.5,35,0.2947367234869427,2509496047,100,False
CON-SEA-HARMONICS-095,confirmation,sealed_confirmation,harmonics,"{""a3_pu"":0.0713297176361084,""a5_pu"":0.026789502503570484,""a7_pu"":0.010010920960000001,""phi3_deg"":253.78965206257766,""phi5_deg"":76.40211090670883,""phi7_deg"":184.3637649635608}",112.5,35,0.35356025289870735,653114012,100,False
CON-SEA-HARMONICS-096,confirmation,sealed_confirmation,harmonics,"{""a3_pu"":0.048829717636108404,""a5_pu"":0.05678950250357048,""a7_pu"":0.028010920960000005,""phi3_deg"":305.21822349114905,""phi5_deg"":109.12938363398155,""phi7_deg"":212.05607265586855}",157.5,35,0.41238378231047207,437896316,100,False
CON-SEA-HARMONICS-097,confirmation,sealed_confirmation,harmonics,"{""a3_pu"":0.09382971763610841,""a5_pu"":0.08678950250357047,""a7_pu"":0.04601092096000001,""phi3_deg"":356.6467949197205,""phi5_deg"":141.85665636125427,""phi7_deg"":239.7483803481762}",22.5,25,0.4712073117222368,1221685269,100,False
CON-SEA-FLICKER-001,confirmation,sealed_confirmation,flicker,"{""modulation_depth"":0.0157279109954834,""modulation_frequency_hz"":2.8193142167553247}",22.5,25,0.18808091237357,646998117,100,False
CON-SEA-FLICKER-002,confirmation,sealed_confirmation,flicker,"{""modulation_depth"":0.06072791099548341,""modulation_frequency_hz"":10.985980883421991}",67.5,25,0.24690444178533472,3453792783,100,False
CON-SEA-FLICKER-003,confirmation,sealed_confirmation,flicker,"{""modulation_depth"":0.0382279109954834,""modulation_frequency_hz"":19.15264755008866}",112.5,25,0.30572797119709944,3570596223,100,False
CON-SEA-FLICKER-004,confirmation,sealed_confirmation,flicker,"{""modulation_depth"":0.0832279109954834,""modulation_frequency_hz"":5.5415364389775466}",157.5,25,0.3645515006088641,3266833316,100,False
CON-SEA-FLICKER-005,confirmation,sealed_confirmation,flicker,"{""modulation_depth"":0.026977910995483398,""modulation_frequency_hz"":13.70820310564421}",22.5,35,0.4233750300206288,4226106981,100,False
CON-SEA-FLICKER-006,confirmation,sealed_confirmation,flicker,"{""modulation_depth"":0.07197791099548341,""modulation_frequency_hz"":21.874869772310877}",67.5,35,0.48219855943239354,3382178613,100,False
CON-SEA-FLICKER-007,confirmation,sealed_confirmation,flicker,"{""modulation_depth"":0.049477910995483404,""modulation_frequency_hz"":8.26375866119977}",112.5,35,0.5410220888441583,2363236630,100,False
CON-SEA-FLICKER-008,confirmation,sealed_confirmation,flicker,"{""modulation_depth"":0.0944779109954834,""modulation_frequency_hz"":16.430425327866434}",157.5,35,0.599845618255923,306164111,100,False
CON-SEA-FLICKER-009,confirmation,sealed_confirmation,flicker,"{""modulation_depth"":0.0129154109954834,""modulation_frequency_hz"":24.5970919945331}",22.5,25,0.6586691476676877,1186805907,100,False
CON-SEA-FLICKER-010,confirmation,sealed_confirmation,flicker,"{""modulation_depth"":0.057915410995483405,""modulation_frequency_hz"":1.3069685377429794}",67.5,25,0.7174926770794523,1844987937,100,False
CON-SEA-FLICKER-011,confirmation,sealed_confirmation,flicker,"{""modulation_depth"":0.0354154109954834,""modulation_frequency_hz"":9.473635204409646}",112.5,25,0.776316206491217,3183678511,100,False
CON-SEA-FLICKER-012,confirmation,sealed_confirmation,flicker,"{""modulation_depth"":0.0804154109954834,""modulation_frequency_hz"":17.64030187107631}",157.5,25,0.8351397359029817,3775289029,100,False
CON-SEA-FLICKER-013,confirmation,sealed_confirmation,flicker,"{""modulation_depth"":0.024165410995483402,""modulation_frequency_hz"":4.029190759965202}",22.5,35,0.8939632653147465,1488251173,100,False
CON-SEA-FLICKER-014,confirmation,sealed_confirmation,flicker,"{""modulation_depth"":0.0691654109954834,""modulation_frequency_hz"":12.195857426631868}",67.5,35,0.9527867947265112,1520758365,100,False
CON-SEA-FLICKER-015,confirmation,sealed_confirmation,flicker,"{""modulation_depth"":0.0466654109954834,""modulation_frequency_hz"":20.362524093298532}",112.5,35,0.015070531750732646,3196830731,100,False
CON-SEA-FLICKER-016,confirmation,sealed_confirmation,flicker,"{""modulation_depth"":0.0916654109954834,""modulation_frequency_hz"":6.751412982187423}",157.5,35,0.07389406116249736,3647352944,100,False
CON-SEA-FLICKER-017,confirmation,sealed_confirmation,flicker,"{""modulation_depth"":0.018540410995483397,""modulation_frequency_hz"":14.91807964885409}",22.5,25,0.13271759057426205,3257693009,100,False
CON-SEA-FLICKER-018,confirmation,sealed_confirmation,flicker,"{""modulation_depth"":0.06354041099548341,""modulation_frequency_hz"":23.084746315520754}",67.5,25,0.19154111998602674,2664992551,100,False
CON-SEA-FLICKER-019,confirmation,sealed_confirmation,flicker,"{""modulation_depth"":0.0410404109954834,""modulation_frequency_hz"":2.214375945150387}",112.5,25,0.25036464939779146,3647360716,100,False
CON-SEA-FLICKER-020,confirmation,sealed_confirmation,flicker,"{""modulation_depth"":0.0860404109954834,""modulation_frequency_hz"":10.381042611817053}",157.5,25,0.3091881788095562,3904829891,100,False
CON-SEA-FLICKER-021,confirmation,sealed_confirmation,flicker,"{""modulation_depth"":0.0297904109954834,""modulation_frequency_hz"":18.54770927848372}",22.5,35,0.36801170822132084,2049512317,100,False
CON-SEA-FLICKER-022,confirmation,sealed_confirmation,flicker,"{""modulation_depth"":0.0747904109954834,""modulation_frequency_hz"":4.936598167372608}",67.5,35,0.42683523763308556,106892128,100,False
CON-SEA-FLICKER-023,confirmation,sealed_confirmation,flicker,"{""modulation_depth"":0.052290410995483406,""modulation_frequency_hz"":13.103264834039274}",112.5,35,0.4856587670448503,2069720545,100,False
CON-SEA-FLICKER-024,confirmation,sealed_confirmation,flicker,"{""modulation_depth"":0.0972904109954834,""modulation_frequency_hz"":21.269931500705937}",157.5,35,0.544482296456615,2354811362,100,False
CON-SEA-FLICKER-025,confirmation,sealed_confirmation,flicker,"{""modulation_depth"":0.011509160995483398,""modulation_frequency_hz"":7.658820389594831}",22.5,25,0.6033058258683797,2998582660,100,False
CON-SEA-FLICKER-026,confirmation,sealed_confirmation,flicker,"{""modulation_depth"":0.05650916099548341,""modulation_frequency_hz"":15.825487056261496}",67.5,25,0.6621293552801444,3429335311,100,False
CON-SEA-FLICKER-027,confirmation,sealed_confirmation,flicker,"{""modulation_depth"":0.0340091609954834,""modulation_frequency_hz"":23.992153722928162}",112.5,25,0.720952884691909,142497166,100,False
CON-SEA-FLICKER-028,confirmation,sealed_confirmation,flicker,"{""modulation_depth"":0.0790091609954834,""modulation_frequency_hz"":3.121783352557794}",157.5,25,0.7797764141036737,1527410146,100,False
CON-SEA-FLICKER-029,confirmation,sealed_confirmation,flicker,"{""modulation_depth"":0.022759160995483398,""modulation_frequency_hz"":11.28845001922446}",22.5,35,0.8385999435154384,2997169994,100,False
CON-SEA-FLICKER-030,confirmation,sealed_confirmation,flicker,"{""modulation_depth"":0.0677591609954834,""modulation_frequency_hz"":19.455116685891124}",67.5,35,0.8974234729272031,66152368,100,False
CON-SEA-FLICKER-031,confirmation,sealed_confirmation,flicker,"{""modulation_depth"":0.045259160995483404,""modulation_frequency_hz"":5.844005574780016}",112.5,35,0.9562470023389679,3800101674,100,False
CON-SEA-FLICKER-032,confirmation,sealed_confirmation,flicker,"{""modulation_depth"":0.09025916099548341,""modulation_frequency_hz"":14.01067224144668}",157.5,35,0.018530739363189393,3291285637,100,False
CON-SEA-FLICKER-033,confirmation,sealed_confirmation,flicker,"{""modulation_depth"":0.0171341609954834,""modulation_frequency_hz"":22.177338908113345}",22.5,25,0.0773542687749541,2779691180,100,False
CON-SEA-FLICKER-034,confirmation,sealed_confirmation,flicker,"{""modulation_depth"":0.062134160995483405,""modulation_frequency_hz"":8.566227797002238}",67.5,25,0.13617779818671882,2791312498,100,False
CON-SEA-FLICKER-035,confirmation,sealed_confirmation,flicker,"{""modulation_depth"":0.0396341609954834,""modulation_frequency_hz"":16.732894463668906}",112.5,25,0.1950013275984835,2863213429,100,False
CON-SEA-FLICKER-036,confirmation,sealed_confirmation,flicker,"{""modulation_depth"":0.0846341609954834,""modulation_frequency_hz"":24.89956113033557}",157.5,25,0.2538248570102482,1883148496,100,False
CON-SEA-FLICKER-037,confirmation,sealed_confirmation,flicker,"{""modulation_depth"":0.028384160995483403,""modulation_frequency_hz"":0.5339918573588915}",22.5,35,0.3126483864220129,2461697780,100,False
CON-SEA-FLICKER-038,confirmation,sealed_confirmation,flicker,"{""modulation_depth"":0.0733841609954834,""modulation_frequency_hz"":8.700658524025558}",67.5,35,0.3714719158337776,774089762,100,False
CON-SEA-FLICKER-039,confirmation,sealed_confirmation,flicker,"{""modulation_depth"":0.0508841609954834,""modulation_frequency_hz"":16.867325190692224}",112.5,35,0.4302954452455423,3803994478,100,False
CON-SEA-FLICKER-040,confirmation,sealed_confirmation,flicker,"{""modulation_depth"":0.0958841609954834,""modulation_frequency_hz"":3.256214079581113}",157.5,35,0.489118974657307,1456254023,100,False
CON-SEA-FLICKER-041,confirmation,sealed_confirmation,flicker,"{""modulation_depth"":0.014321660995483399,""modulation_frequency_hz"":11.42288074624778}",22.5,25,0.5479425040690717,4116227394,100,False
CON-SEA-FLICKER-042,confirmation,sealed_confirmation,flicker,"{""modulation_depth"":0.05932166099548341,""modulation_frequency_hz"":19.589547412914442}",67.5,25,0.6067660334808365,859960673,100,False
CON-SEA-FLICKER-043,confirmation,sealed_confirmation,flicker,"{""modulation_depth"":0.0368216609954834,""modulation_frequency_hz"":5.978436301803336}",112.5,25,0.6655895628926012,3550653277,100,False
CON-SEA-FLICKER-044,confirmation,sealed_confirmation,flicker,"{""modulation_depth"":0.08182166099548341,""modulation_frequency_hz"":14.145102968470002}",157.5,25,0.7244130923043658,1982681394,100,False
CON-SEA-FLICKER-045,confirmation,sealed_confirmation,flicker,"{""modulation_depth"":0.0255716609954834,""modulation_frequency_hz"":22.311769635136667}",22.5,35,0.7832366217161305,2800368098,100,False
CON-SEA-FLICKER-046,confirmation,sealed_confirmation,flicker,"{""modulation_depth"":0.0705716609954834,""modulation_frequency_hz"":1.4413992647662988}",67.5,35,0.8420601511278952,3576858366,100,False
CON-SEA-FLICKER-047,confirmation,sealed_confirmation,flicker,"{""modulation_depth"":0.048071660995483406,""modulation_frequency_hz"":9.608065931432964}",112.5,35,0.90088368053966,3062868533,100,False
CON-SEA-FLICKER-048,confirmation,sealed_confirmation,flicker,"{""modulation_depth"":0.0930716609954834,""modulation_frequency_hz"":17.774732598099632}",157.5,35,0.9597072099514247,576811883,100,False
CON-SEA-FLICKER-049,confirmation,sealed_confirmation,flicker,"{""modulation_depth"":0.019946660995483402,""modulation_frequency_hz"":4.1636214869885215}",22.5,25,0.021990946975646138,301698752,100,False
CON-SEA-FLICKER-050,confirmation,sealed_confirmation,flicker,"{""modulation_depth"":0.06494666099548341,""modulation_frequency_hz"":12.330288153655188}",67.5,25,0.08081447638741085,1491682602,100,False
CON-SEA-FLICKER-051,confirmation,sealed_confirmation,flicker,"{""modulation_depth"":0.0424466609954834,""modulation_frequency_hz"":20.49695482032185}",112.5,25,0.13963800579917557,82249440,100,False
CON-SEA-FLICKER-052,confirmation,sealed_confirmation,flicker,"{""modulation_depth"":0.0874466609954834,""modulation_frequency_hz"":6.885843709210743}",157.5,25,0.19846153521094023,3408110572,100,False
CON-SEA-FLICKER-053,confirmation,sealed_confirmation,flicker,"{""modulation_depth"":0.031196660995483398,""modulation_frequency_hz"":15.052510375877407}",22.5,35,0.25728506462270495,3761507878,100,False
CON-SEA-FLICKER-054,confirmation,sealed_confirmation,flicker,"{""modulation_depth"":0.0761966609954834,""modulation_frequency_hz"":23.21917704254407}",67.5,35,0.31610859403446967,775946050,100,False
CON-SEA-FLICKER-055,confirmation,sealed_confirmation,flicker,"{""modulation_depth"":0.053696660995483404,""modulation_frequency_hz"":2.3488066721737058}",112.5,35,0.37493212344623433,3516696412,100,False
CON-SEA-FLICKER-056,confirmation,sealed_confirmation,flicker,"{""modulation_depth"":0.09869666099548341,""modulation_frequency_hz"":10.515473338840373}",157.5,35,0.43375565285799905,1727030508,100,False
CON-SEA-FLICKER-057,confirmation,sealed_confirmation,flicker,"{""modulation_depth"":0.010806035995483399,""modulation_frequency_hz"":18.682140005507037}",22.5,25,0.49257918226976377,3023692448,100,False
CON-SEA-FLICKER-058,confirmation,sealed_confirmation,flicker,"{""modulation_depth"":0.05580603599548341,""modulation_frequency_hz"":5.071028894395929}",67.5,25,0.5514027116815284,1557919975,100,False
CON-SEA-FLICKER-059,confirmation,sealed_confirmation,flicker,"{""modulation_depth"":0.0333060359954834,""modulation_frequency_hz"":13.237695561062592}",112.5,25,0.6102262410932932,1665360220,100,False
CON-SEA-FLICKER-060,confirmation,sealed_confirmation,flicker,"{""modulation_depth"":0.0783060359954834,""modulation_frequency_hz"":21.40436222772926}",157.5,25,0.6690497705050579,1416321417,100,False
CON-SEA-FLICKER-061,confirmation,sealed_confirmation,flicker,"{""modulation_depth"":0.0220560359954834,""modulation_frequency_hz"":7.79325111661815}",22.5,35,0.7278732999168225,2873913435,100,False
CON-SEA-FLICKER-062,confirmation,sealed_confirmation,flicker,"{""modulation_depth"":0.0670560359954834,""modulation_frequency_hz"":15.959917783284816}",67.5,35,0.7866968293285872,3415734627,100,False
CON-SEA-FLICKER-063,confirmation,sealed_confirmation,flicker,"{""modulation_depth"":0.044556035995483405,""modulation_frequency_hz"":24.12658444995148}",112.5,35,0.8455203587403519,2379420732,100,False
CON-SEA-FLICKER-064,confirmation,sealed_confirmation,flicker,"{""modulation_depth"":0.0895560359954834,""modulation_frequency_hz"":0.8364609931613607}",157.5,35,0.9043438881521166,4205983128,100,False
CON-SEA-FLICKER-065,confirmation,sealed_confirmation,flicker,"{""modulation_depth"":0.0164310359954834,""modulation_frequency_hz"":9.003127659828026}",22.5,25,0.9631674175638814,2126839540,100,False
CON-SEA-FLICKER-066,confirmation,sealed_confirmation,flicker,"{""modulation_depth"":0.061431035995483406,""modulation_frequency_hz"":17.16979432649469}",67.5,25,0.025451154588102886,2851125886,100,False
CON-SEA-FLICKER-067,confirmation,sealed_confirmation,flicker,"{""modulation_depth"":0.0389310359954834,""modulation_frequency_hz"":3.5586832153835823}",112.5,25,0.0842746839998676,3059267667,100,False
CON-SEA-FLICKER-068,confirmation,sealed_confirmation,flicker,"{""modulation_depth"":0.0839310359954834,""modulation_frequency_hz"":11.72534988205025}",157.5,25,0.1430982134116323,1088394060,100,False
CON-SEA-FLICKER-069,confirmation,sealed_confirmation,flicker,"{""modulation_depth"":0.027681035995483404,""modulation_frequency_hz"":19.892016548716914}",22.5,35,0.201921742823397,2527774952,100,False
CON-SEA-FLICKER-070,confirmation,sealed_confirmation,flicker,"{""modulation_depth"":0.0726810359954834,""modulation_frequency_hz"":6.2809054376058056}",67.5,35,0.2607452722351617,4228430170,100,False
CON-SEA-FLICKER-071,confirmation,sealed_confirmation,flicker,"{""modulation_depth"":0.0501810359954834,""modulation_frequency_hz"":14.447572104272473}",112.5,35,0.3195688016469264,2547249556,100,False
CON-SEA-FLICKER-072,confirmation,sealed_confirmation,flicker,"{""modulation_depth"":0.0951810359954834,""modulation_frequency_hz"":22.61423877093914}",157.5,35,0.3783923310586911,845176096,100,False
CON-SEA-FLICKER-073,confirmation,sealed_confirmation,flicker,"{""modulation_depth"":0.013618535995483398,""modulation_frequency_hz"":1.743868400568768}",22.5,25,0.4372158604704558,1106258920,100,False
CON-SEA-FLICKER-074,confirmation,sealed_confirmation,flicker,"{""modulation_depth"":0.0586185359954834,""modulation_frequency_hz"":9.910535067235434}",67.5,25,0.4960393898822205,2898171496,100,False
CON-SEA-FLICKER-075,confirmation,sealed_confirmation,flicker,"{""modulation_depth"":0.036118535995483404,""modulation_frequency_hz"":18.0772017339021}",112.5,25,0.5548629192939852,3888751795,100,False
CON-SEA-FLICKER-076,confirmation,sealed_confirmation,flicker,"{""modulation_depth"":0.0811185359954834,""modulation_frequency_hz"":4.466090622790991}",157.5,25,0.61368644870575,3940125978,100,False
CON-SEA-FLICKER-077,confirmation,sealed_confirmation,flicker,"{""modulation_depth"":0.0248685359954834,""modulation_frequency_hz"":12.632757289457656}",22.5,35,0.6725099781175147,3968116889,100,False
CON-SEA-FLICKER-078,confirmation,sealed_confirmation,flicker,"{""modulation_depth"":0.0698685359954834,""modulation_frequency_hz"":20.79942395612432}",67.5,35,0.7313335075292793,609062538,100,False
CON-SEA-FLICKER-079,confirmation,sealed_confirmation,flicker,"{""modulation_depth"":0.04736853599548341,""modulation_frequency_hz"":7.188312845013212}",112.5,35,0.790157036941044,2093418369,100,False
CON-SEA-FLICKER-080,confirmation,sealed_confirmation,flicker,"{""modulation_depth"":0.0923685359954834,""modulation_frequency_hz"":15.354979511679879}",157.5,35,0.8489805663528087,3451694620,100,False
CON-SEA-FLICKER-081,confirmation,sealed_confirmation,flicker,"{""modulation_depth"":0.0192435359954834,""modulation_frequency_hz"":23.521646178346543}",22.5,25,0.9078040957645734,4005396534,100,False
CON-SEA-FLICKER-082,confirmation,sealed_confirmation,flicker,"{""modulation_depth"":0.06424353599548341,""modulation_frequency_hz"":2.6512758079761753}",67.5,25,0.9666276251763382,2263985179,100,False
CON-SEA-FLICKER-083,confirmation,sealed_confirmation,flicker,"{""modulation_depth"":0.0417435359954834,""modulation_frequency_hz"":10.817942474642841}",112.5,25,0.028911362200559634,2213343188,100,False
CON-SEA-FLICKER-084,confirmation,sealed_confirmation,flicker,"{""modulation_depth"":0.0867435359954834,""modulation_frequency_hz"":18.98460914130951}",157.5,25,0.08773489161232434,3071539053,100,False
CON-SEA-FLICKER-085,confirmation,sealed_confirmation,flicker,"{""modulation_depth"":0.0304935359954834,""modulation_frequency_hz"":5.373498030198398}",22.5,35,0.14655842102408906,381666304,100,False
CON-SEA-FLICKER-086,confirmation,sealed_confirmation,flicker,"{""modulation_depth"":0.0754935359954834,""modulation_frequency_hz"":13.54016469686506}",67.5,35,0.20538195043585375,3373964396,100,False
CON-SEA-FLICKER-087,confirmation,sealed_confirmation,flicker,"{""modulation_depth"":0.052993535995483405,""modulation_frequency_hz"":21.706831363531727}",112.5,35,0.26420547984761844,3841023212,100,False
CON-SEA-FLICKER-088,confirmation,sealed_confirmation,flicker,"{""modulation_depth"":0.09799353599548341,""modulation_frequency_hz"":8.09572025242062}",157.5,35,0.32302900925938316,16776318,100,False
CON-SEA-FLICKER-089,confirmation,sealed_confirmation,flicker,"{""modulation_depth"":0.012212285995483399,""modulation_frequency_hz"":16.262386919087284}",22.5,25,0.3818525386711478,3602473948,100,False
CON-SEA-FLICKER-090,confirmation,sealed_confirmation,flicker,"{""modulation_depth"":0.057212285995483406,""modulation_frequency_hz"":24.429053585753948}",67.5,25,0.44067606808291254,629462547,100,False
CON-SEA-FLICKER-091,confirmation,sealed_confirmation,flicker,"{""modulation_depth"":0.0347122859954834,""modulation_frequency_hz"":1.1389301289638296}",112.5,25,0.49949959749467726,4280884193,100,False
CON-SEA-FLICKER-092,confirmation,sealed_confirmation,flicker,"{""modulation_depth"":0.0797122859954834,""modulation_frequency_hz"":9.305596795630496}",157.5,25,0.5583231269064419,2530704060,100,False
CON-SEA-FLICKER-093,confirmation,sealed_confirmation,flicker,"{""modulation_depth"":0.0234622859954834,""modulation_frequency_hz"":17.47226346229716}",22.5,35,0.6171466563182066,1877165794,100,False
CON-SEA-FLICKER-094,confirmation,sealed_confirmation,flicker,"{""modulation_depth"":0.0684622859954834,""modulation_frequency_hz"":3.8611523511860524}",67.5,35,0.6759701857299714,1071913613,100,False
CON-SEA-FLICKER-095,confirmation,sealed_confirmation,flicker,"{""modulation_depth"":0.0459622859954834,""modulation_frequency_hz"":12.027819017852718}",112.5,35,0.734793715141736,1294309374,100,False
CON-SEA-FLICKER-096,confirmation,sealed_confirmation,flicker,"{""modulation_depth"":0.09096228599548341,""modulation_frequency_hz"":20.194485684519382}",157.5,35,0.7936172445535007,3015116135,100,False
CON-SEA-FLICKER-097,confirmation,sealed_confirmation,flicker,"{""modulation_depth"":0.0178372859954834,""modulation_frequency_hz"":6.583374573408275}",22.5,25,0.8524407739652654,1523630725,100,False
CON-SEA-NOTCHING-001,confirmation,sealed_confirmation,notching,"{""depth_pu"":0.34948081970214845,""width_ms"":0.40289477100938775}",22.5,25,0.5693143746165987,1991233355,100,False
CON-SEA-NOTCHING-002,confirmation,sealed_confirmation,notching,"{""depth_pu"":0.24948081970214844,""width_ms"":0.7028947710093877}",67.5,25,0.6281379040283634,3876443177,100,False
CON-SEA-NOTCHING-003,confirmation,sealed_confirmation,notching,"{""depth_pu"":0.4494808197021485,""width_ms"":0.2028947710093877}",112.5,25,0.6869614334401282,2614421505,100,False
CON-SEA-NOTCHING-004,confirmation,sealed_confirmation,notching,"{""depth_pu"":0.19948081970214845,""width_ms"":0.5028947710093877}",157.5,25,0.7457849628518928,683527902,100,False
CON-SEA-NOTCHING-005,confirmation,sealed_confirmation,notching,"{""depth_pu"":0.39948081970214844,""width_ms"":0.8028947710093877}",22.5,35,0.8046084922636575,3266058148,100,False
CON-SEA-NOTCHING-006,confirmation,sealed_confirmation,notching,"{""depth_pu"":0.29948081970214846,""width_ms"":0.30289477100938766}",67.5,35,0.8634320216754222,3962320868,100,False
CON-SEA-NOTCHING-007,confirmation,sealed_confirmation,notching,"{""depth_pu"":0.4994808197021484,""width_ms"":0.6028947710093877}",112.5,35,0.9222555510871869,3360313263,100,False
CON-SEA-NOTCHING-008,confirmation,sealed_confirmation,notching,"{""depth_pu"":0.10065269470214844,""width_ms"":0.9028947710093876}",157.5,35,0.9810790804989517,3808288294,100,False
CON-SEA-NOTCHING-009,confirmation,sealed_confirmation,notching,"{""depth_pu"":0.30065269470214845,""width_ms"":0.13622810434272103}",22.5,25,0.04336281752317311,1684352859,100,False
CON-SEA-NOTCHING-010,confirmation,sealed_confirmation,notching,"{""depth_pu"":0.20065269470214844,""width_ms"":0.4362281043427211}",67.5,25,0.10218634693493782,1521600967,100,False
CON-SEA-NOTCHING-011,confirmation,sealed_confirmation,notching,"{""depth_pu"":0.4006526947021485,""width_ms"":0.736228104342721}",112.5,25,0.16100987634670252,1897924102,100,False
CON-SEA-NOTCHING-012,confirmation,sealed_confirmation,notching,"{""depth_pu"":0.15065269470214845,""width_ms"":0.236228104342721}",157.5,25,0.21983340575846722,4181702669,100,False
CON-SEA-NOTCHING-013,confirmation,sealed_confirmation,notching,"{""depth_pu"":0.35065269470214844,""width_ms"":0.5362281043427211}",22.5,35,0.27865693517023193,397523966,100,False
CON-SEA-NOTCHING-014,confirmation,sealed_confirmation,notching,"{""depth_pu"":0.25065269470214846,""width_ms"":0.8362281043427209}",67.5,35,0.33748046458199665,2720335555,100,False
CON-SEA-NOTCHING-015,confirmation,sealed_confirmation,notching,"{""depth_pu"":0.4506526947021484,""width_ms"":0.33622810434272105}",112.5,35,0.39630399399376126,415678764,100,False
CON-SEA-NOTCHING-016,confirmation,sealed_confirmation,notching,"{""depth_pu"":0.12565269470214846,""width_ms"":0.636228104342721}",157.5,35,0.455127523405526,1183812183,100,False
CON-SEA-NOTCHING-017,confirmation,sealed_confirmation,notching,"{""depth_pu"":0.3256526947021484,""width_ms"":0.936228104342721}",22.5,25,0.5139510528172907,2511525932,100,False
CON-SEA-NOTCHING-018,confirmation,sealed_confirmation,notching,"{""depth_pu"":0.22565269470214844,""width_ms"":0.16956143767605436}",67.5,25,0.5727745822290554,1123332766,100,False
CON-SEA-NOTCHING-019,confirmation,sealed_confirmation,notching,"{""depth_pu"":0.4256526947021485,""width_ms"":0.4695614376760544}",112.5,25,0.6315981116408201,2305965434,100,False
CON-SEA-NOTCHING-020,confirmation,sealed_confirmation,notching,"{""depth_pu"":0.17565269470214845,""width_ms"":0.7695614376760543}",157.5,25,0.6904216410525849,3820036057,100,False
CON-SEA-NOTCHING-021,confirmation,sealed_confirmation,notching,"{""depth_pu"":0.37565269470214846,""width_ms"":0.26956143767605434}",22.5,35,0.7492451704643495,1157763735,100,False
CON-SEA-NOTCHING-022,confirmation,sealed_confirmation,notching,"{""depth_pu"":0.2756526947021485,""width_ms"":0.5695614376760544}",67.5,35,0.8080686998761142,248667896,100,False
CON-SEA-NOTCHING-023,confirmation,sealed_confirmation,notching,"{""depth_pu"":0.47565269470214844,""width_ms"":0.8695614376760543}",112.5,35,0.8668922292878789,3022975269,100,False
CON-SEA-NOTCHING-024,confirmation,sealed_confirmation,notching,"{""depth_pu"":0.11315269470214845,""width_ms"":0.3695614376760544}",157.5,35,0.9257157586996436,2381831361,100,False
CON-SEA-NOTCHING-025,confirmation,sealed_confirmation,notching,"{""depth_pu"":0.31315269470214846,""width_ms"":0.6695614376760544}",22.5,25,0.9845392881114083,3135176990,100,False
CON-SEA-NOTCHING-026,confirmation,sealed_confirmation,notching,"{""depth_pu"":0.21315269470214845,""width_ms"":0.9695614376760543}",67.5,25,0.04682302513562985,284150123,100,False
CON-SEA-NOTCHING-027,confirmation,sealed_confirmation,notching,"{""depth_pu"":0.41315269470214844,""width_ms"":0.11400588212049881}",112.5,25,0.10564655454739458,2688253565,100,False
CON-SEA-NOTCHING-028,confirmation,sealed_confirmation,notching,"{""depth_pu"":0.16315269470214844,""width_ms"":0.4140058821204988}",157.5,25,0.16447008395915927,4184829552,100,False
CON-SEA-NOTCHING-029,confirmation,sealed_confirmation,notching,"{""depth_pu"":0.3631526947021485,""width_ms"":0.7140058821204988}",22.5,35,0.22329361337092396,4194269084,100,False
CON-SEA-NOTCHING-030,confirmation,sealed_confirmation,notching,"{""depth_pu"":0.2631526947021484,""width_ms"":0.2140058821204988}",67.5,35,0.2821171427826887,1834242419,100,False
CON-SEA-NOTCHING-031,confirmation,sealed_confirmation,notching,"{""depth_pu"":0.4631526947021485,""width_ms"":0.5140058821204988}",112.5,35,0.3409406721944534,858100449,100,False
CON-SEA-NOTCHING-032,confirmation,sealed_confirmation,notching,"{""depth_pu"":0.13815269470214844,""width_ms"":0.8140058821204987}",157.5,35,0.39976420160621806,1730606423,100,False
CON-SEA-NOTCHING-033,confirmation,sealed_confirmation,notching,"{""depth_pu"":0.3381526947021485,""width_ms"":0.3140058821204988}",22.5,25,0.4585877310179828,891135993,100,False
CON-SEA-NOTCHING-034,confirmation,sealed_confirmation,notching,"{""depth_pu"":0.23815269470214845,""width_ms"":0.6140058821204989}",67.5,25,0.5174112604297475,472297673,100,False
CON-SEA-NOTCHING-035,confirmation,sealed_confirmation,notching,"{""depth_pu"":0.43815269470214846,""width_ms"":0.9140058821204988}",112.5,25,0.5762347898415122,1352162759,100,False
CON-SEA-NOTCHING-036,confirmation,sealed_confirmation,notching,"{""depth_pu"":0.18815269470214846,""width_ms"":0.14733921545383213}",157.5,25,0.6350583192532769,2006194368,100,False
CON-SEA-NOTCHING-037,confirmation,sealed_confirmation,notching,"{""depth_pu"":0.3881526947021484,""width_ms"":0.44733921545383215}",22.5,35,0.6938818486650417,152944313,100,False
CON-SEA-NOTCHING-038,confirmation,sealed_confirmation,notching,"{""depth_pu"":0.28815269470214844,""width_ms"":0.7473392154538322}",67.5,35,0.7527053780768063,4078784237,100,False
CON-SEA-NOTCHING-039,confirmation,sealed_confirmation,notching,"{""depth_pu"":0.4881526947021485,""width_ms"":0.24733921545383214}",112.5,35,0.811528907488571,1687227560,100,False
CON-SEA-NOTCHING-040,confirmation,sealed_confirmation,notching,"{""depth_pu"":0.10690269470214844,""width_ms"":0.5473392154538321}",157.5,35,0.8703524369003357,1931368443,100,False
CON-SEA-NOTCHING-041,confirmation,sealed_confirmation,notching,"{""depth_pu"":0.3069026947021485,""width_ms"":0.8473392154538321}",22.5,25,0.9291759663121004,127038917,100,False
CON-SEA-NOTCHING-042,confirmation,sealed_confirmation,notching,"{""depth_pu"":0.20690269470214845,""width_ms"":0.3473392154538322}",67.5,25,0.9879994957238651,3795488281,100,False
CON-SEA-NOTCHING-043,confirmation,sealed_confirmation,notching,"{""depth_pu"":0.40690269470214846,""width_ms"":0.6473392154538322}",112.5,25,0.0502832327480866,3439940964,100,False
CON-SEA-NOTCHING-044,confirmation,sealed_confirmation,notching,"{""depth_pu"":0.15690269470214846,""width_ms"":0.9473392154538322}",157.5,25,0.10910676215985132,1821309618,100,False
CON-SEA-NOTCHING-045,confirmation,sealed_confirmation,notching,"{""depth_pu"":0.3569026947021484,""width_ms"":0.18067254878716543}",22.5,35,0.167930291571616,2514737224,100,False
CON-SEA-NOTCHING-046,confirmation,sealed_confirmation,notching,"{""depth_pu"":0.25690269470214844,""width_ms"":0.4806725487871655}",67.5,35,0.2267538209833807,116592153,100,False
CON-SEA-NOTCHING-047,confirmation,sealed_confirmation,notching,"{""depth_pu"":0.4569026947021485,""width_ms"":0.7806725487871655}",112.5,35,0.2855773503951454,978045112,100,False
CON-SEA-NOTCHING-048,confirmation,sealed_confirmation,notching,"{""depth_pu"":0.13190269470214844,""width_ms"":0.28067254878716547}",157.5,35,0.34440087980691014,727767968,100,False
CON-SEA-NOTCHING-049,confirmation,sealed_confirmation,notching,"{""depth_pu"":0.33190269470214845,""width_ms"":0.5806725487871655}",22.5,25,0.4032244092186748,1659226725,100,False
CON-SEA-NOTCHING-050,confirmation,sealed_confirmation,notching,"{""depth_pu"":0.23190269470214844,""width_ms"":0.8806725487871654}",67.5,25,0.4620479386304395,2960673199,100,False
CON-SEA-NOTCHING-051,confirmation,sealed_confirmation,notching,"{""depth_pu"":0.4319026947021485,""width_ms"":0.3806725487871655}",112.5,25,0.5208714680422042,3904910346,100,False
CON-SEA-NOTCHING-052,confirmation,sealed_confirmation,notching,"{""depth_pu"":0.18190269470214845,""width_ms"":0.6806725487871654}",157.5,25,0.5796949974539689,804033314,100,False
CON-SEA-NOTCHING-053,confirmation,sealed_confirmation,notching,"{""depth_pu"":0.38190269470214844,""width_ms"":0.9806725487871654}",22.5,35,0.6385185268657336,2371865979,100,False
CON-SEA-NOTCHING-054,confirmation,sealed_confirmation,notching,"{""depth_pu"":0.28190269470214846,""width_ms"":0.1251169932316099}",67.5,35,0.6973420562774983,710832441,100,False
CON-SEA-NOTCHING-055,confirmation,sealed_confirmation,notching,"{""depth_pu"":0.4819026947021484,""width_ms"":0.4251169932316099}",112.5,35,0.756165585689263,3489615531,100,False
CON-SEA-NOTCHING-056,confirmation,sealed_confirmation,notching,"{""depth_pu"":0.11940269470214844,""width_ms"":0.7251169932316099}",157.5,35,0.8149891151010277,3758403665,100,False
CON-SEA-NOTCHING-057,confirmation,sealed_confirmation,notching,"{""depth_pu"":0.31940269470214844,""width_ms"":0.2251169932316099}",22.5,25,0.8738126445127924,36394386,100,False
CON-SEA-NOTCHING-058,confirmation,sealed_confirmation,notching,"{""depth_pu"":0.21940269470214846,""width_ms"":0.5251169932316099}",67.5,25,0.9326361739245571,441961996,100,False
CON-SEA-NOTCHING-059,confirmation,sealed_confirmation,notching,"{""depth_pu"":0.4194026947021484,""width_ms"":0.8251169932316098}",112.5,25,0.9914597033363218,2397860989,100,False
CON-SEA-NOTCHING-060,confirmation,sealed_confirmation,notching,"{""depth_pu"":0.16940269470214844,""width_ms"":0.3251169932316099}",157.5,25,0.053743440360543356,3339528701,100,False
CON-SEA-NOTCHING-061,confirmation,sealed_confirmation,notching,"{""depth_pu"":0.3694026947021485,""width_ms"":0.62511699323161}",22.5,35,0.11256696977230807,1538703768,100,False
CON-SEA-NOTCHING-062,confirmation,sealed_confirmation,notching,"{""depth_pu"":0.26940269470214845,""width_ms"":0.9251169932316099}",67.5,35,0.17139049918407276,2095704435,100,False
CON-SEA-NOTCHING-063,confirmation,sealed_confirmation,notching,"{""depth_pu"":0.46940269470214846,""width_ms"":0.15845032656494323}",112.5,35,0.23021402859583748,1296929045,100,False
CON-SEA-NOTCHING-064,confirmation,sealed_confirmation,notching,"{""depth_pu"":0.14440269470214845,""width_ms"":0.4584503265649432}",157.5,35,0.28903755800760217,1476196797,100,False
CON-SEA-NOTCHING-065,confirmation,sealed_confirmation,notching,"{""depth_pu"":0.34440269470214846,""width_ms"":0.7584503265649433}",22.5,25,0.3478610874193669,2862843015,100,False
CON-SEA-NOTCHING-066,confirmation,sealed_confirmation,notching,"{""depth_pu"":0.24440269470214845,""width_ms"":0.25845032656494327}",67.5,25,0.40668461683113155,2862136915,100,False
CON-SEA-NOTCHING-067,confirmation,sealed_confirmation,notching,"{""depth_pu"":0.44440269470214844,""width_ms"":0.5584503265649433}",112.5,25,0.46550814624289627,4041585039,100,False
CON-SEA-NOTCHING-068,confirmation,sealed_confirmation,notching,"{""depth_pu"":0.19440269470214844,""width_ms"":0.8584503265649431}",157.5,25,0.524331675654661,713777591,100,False
CON-SEA-NOTCHING-069,confirmation,sealed_confirmation,notching,"{""depth_pu"":0.3944026947021485,""width_ms"":0.35845032656494324}",22.5,35,0.5831552050664257,3531337678,100,False
CON-SEA-NOTCHING-070,confirmation,sealed_confirmation,notching,"{""depth_pu"":0.2944026947021484,""width_ms"":0.6584503265649432}",67.5,35,0.6419787344781904,1807377198,100,False
CON-SEA-NOTCHING-071,confirmation,sealed_confirmation,notching,"{""depth_pu"":0.4944026947021485,""width_ms"":0.9584503265649431}",112.5,35,0.7008022638899551,3866968769,100,False
CON-SEA-NOTCHING-072,confirmation,sealed_confirmation,notching,"{""depth_pu"":0.10377769470214844,""width_ms"":0.19178365989827656}",157.5,35,0.7596257933017198,3351908966,100,False
CON-SEA-NOTCHING-073,confirmation,sealed_confirmation,notching,"{""depth_pu"":0.30377769470214844,""width_ms"":0.49178365989827655}",22.5,25,0.8184493227134845,806125273,100,False
CON-SEA-NOTCHING-074,confirmation,sealed_confirmation,notching,"{""depth_pu"":0.20377769470214846,""width_ms"":0.7917836598982766}",67.5,25,0.8772728521252492,2641411190,100,False
CON-SEA-NOTCHING-075,confirmation,sealed_confirmation,notching,"{""depth_pu"":0.4037776947021484,""width_ms"":0.2917836598982766}",112.5,25,0.9360963815370139,3086712667,100,False
CON-SEA-NOTCHING-076,confirmation,sealed_confirmation,notching,"{""depth_pu"":0.15377769470214844,""width_ms"":0.5917836598982766}",157.5,25,0.9949199109487786,3204436541,100,False
CON-SEA-NOTCHING-077,confirmation,sealed_confirmation,notching,"{""depth_pu"":0.3537776947021485,""width_ms"":0.8917836598982765}",22.5,35,0.0572036479730001,2843482435,100,False
CON-SEA-NOTCHING-078,confirmation,sealed_confirmation,notching,"{""depth_pu"":0.25377769470214845,""width_ms"":0.39178365989827657}",67.5,35,0.11602717738476481,62549394,100,False
CON-SEA-NOTCHING-079,confirmation,sealed_confirmation,notching,"{""depth_pu"":0.45377769470214846,""width_ms"":0.6917836598982766}",112.5,35,0.1748507067965295,935813371,100,False
CON-SEA-NOTCHING-080,confirmation,sealed_confirmation,notching,"{""depth_pu"":0.12877769470214845,""width_ms"":0.9917836598982765}",157.5,35,0.23367423620829422,2405643137,100,False
CON-SEA-NOTCHING-081,confirmation,sealed_confirmation,notching,"{""depth_pu"":0.32877769470214846,""width_ms"":0.10659847471309139}",22.5,25,0.2924977656200589,3288502487,100,False
CON-SEA-NOTCHING-082,confirmation,sealed_confirmation,notching,"{""depth_pu"":0.22877769470214845,""width_ms"":0.4065984747130914}",67.5,25,0.35132129503182363,2162421847,100,False
CON-SEA-NOTCHING-083,confirmation,sealed_confirmation,notching,"{""depth_pu"":0.42877769470214844,""width_ms"":0.7065984747130913}",112.5,25,0.4101448244435883,2643847277,100,False
CON-SEA-NOTCHING-084,confirmation,sealed_confirmation,notching,"{""depth_pu"":0.17877769470214844,""width_ms"":0.20659847471309137}",157.5,25,0.468968353855353,2644086228,100,False
CON-SEA-NOTCHING-085,confirmation,sealed_confirmation,notching,"{""depth_pu"":0.3787776947021485,""width_ms"":0.5065984747130914}",22.5,35,0.5277918832671177,1083202353,100,False
CON-SEA-NOTCHING-086,confirmation,sealed_confirmation,notching,"{""depth_pu"":0.2787776947021484,""width_ms"":0.8065984747130913}",67.5,35,0.5866154126788824,3491527770,100,False
CON-SEA-NOTCHING-087,confirmation,sealed_confirmation,notching,"{""depth_pu"":0.4787776947021485,""width_ms"":0.30659847471309143}",112.5,35,0.6454389420906471,494969144,100,False
CON-SEA-NOTCHING-088,confirmation,sealed_confirmation,notching,"{""depth_pu"":0.11627769470214844,""width_ms"":0.6065984747130914}",157.5,35,0.7042624715024118,825411314,100,False
CON-SEA-NOTCHING-089,confirmation,sealed_confirmation,notching,"{""depth_pu"":0.31627769470214845,""width_ms"":0.9065984747130913}",22.5,25,0.7630860009141764,2325715452,100,False
CON-SEA-NOTCHING-090,confirmation,sealed_confirmation,notching,"{""depth_pu"":0.21627769470214844,""width_ms"":0.13993180804642474}",67.5,25,0.8219095303259412,1955259359,100,False
CON-SEA-NOTCHING-091,confirmation,sealed_confirmation,notching,"{""depth_pu"":0.4162776947021485,""width_ms"":0.43993180804642473}",112.5,25,0.8807330597377059,845230089,100,False
CON-SEA-NOTCHING-092,confirmation,sealed_confirmation,notching,"{""depth_pu"":0.16627769470214843,""width_ms"":0.7399318080464248}",157.5,25,0.9395565891494706,12254879,100,False
CON-SEA-NOTCHING-093,confirmation,sealed_confirmation,notching,"{""depth_pu"":0.36627769470214844,""width_ms"":0.23993180804642472}",22.5,35,0.9983801185612353,2377685086,100,False
CON-SEA-NOTCHING-094,confirmation,sealed_confirmation,notching,"{""depth_pu"":0.26627769470214846,""width_ms"":0.5399318080464247}",67.5,35,0.002043867797954301,1043100983,100,False
CON-SEA-NOTCHING-095,confirmation,sealed_confirmation,notching,"{""depth_pu"":0.4662776947021484,""width_ms"":0.8399318080464245}",112.5,35,0.060867397209719,1457745695,100,False
CON-SEA-NOTCHING-096,confirmation,sealed_confirmation,notching,"{""depth_pu"":0.14127769470214846,""width_ms"":0.33993180804642475}",157.5,35,0.11969092662148371,2414720425,100,False
CON-SEA-NOTCHING-097,confirmation,sealed_confirmation,notching,"{""depth_pu"":0.3412776947021484,""width_ms"":0.6399318080464247}",22.5,25,0.17851445603324842,2645226400,100,False
CON-SEA-OSCILLATORY-TRANSIENT-001,confirmation,sealed_confirmation,oscillatory_transient,"{""amplitude_pu"":0.3395455360412598,""frequency_hz"":2233.7871936865995,""support_ms"":13.803212114347051,""time_constant_ms"":6.790912768000001}",22.5,25,0.8919278490721249,704028931,100,False
CON-SEA-OSCILLATORY-TRANSIENT-002,confirmation,sealed_confirmation,oscillatory_transient,"{""amplitude_pu"":0.6895455360412598,""frequency_hz"":733.7871936865993,""support_ms"":16.517497828632763,""time_constant_ms"":8.690912768}",67.5,25,0.9507513784838896,1067164480,100,False
CON-SEA-OSCILLATORY-TRANSIENT-003,confirmation,sealed_confirmation,oscillatory_transient,"{""amplitude_pu"":0.2520455360412598,""frequency_hz"":1633.787193686599,""support_ms"":19.23178354291848,""time_constant_ms"":1.470912768}",112.5,25,0.013035115508111029,3873456249,100,False
CON-SEA-OSCILLATORY-TRANSIENT-004,confirmation,sealed_confirmation,oscillatory_transient,"{""amplitude_pu"":0.6020455360412598,""frequency_hz"":2533.787193686599,""support_ms"":3.3338243592450114,""time_constant_ms"":3.370912768000001}",157.5,25,0.07185864491987574,3301489422,100,False
CON-SEA-OSCILLATORY-TRANSIENT-005,confirmation,sealed_confirmation,oscillatory_transient,"{""amplitude_pu"":0.42704553604125983,""frequency_hz"":1033.787193686599,""support_ms"":6.048110073530724,""time_constant_ms"":5.270912768}",22.5,35,0.13068217433164042,207359099,100,False
CON-SEA-OSCILLATORY-TRANSIENT-006,confirmation,sealed_confirmation,oscillatory_transient,"{""amplitude_pu"":0.7770455360412598,""frequency_hz"":1933.7871936865995,""support_ms"":8.76239578781644,""time_constant_ms"":7.170912768}",67.5,35,0.1895057037434051,4134284365,100,False
CON-SEA-OSCILLATORY-TRANSIENT-007,confirmation,sealed_confirmation,oscillatory_transient,"{""amplitude_pu"":0.1426705360412598,""frequency_hz"":2833.787193686599,""support_ms"":11.476681502102153,""time_constant_ms"":9.070912768}",112.5,35,0.24832923315516983,1874659191,100,False
CON-SEA-OSCILLATORY-TRANSIENT-008,confirmation,sealed_confirmation,oscillatory_transient,"{""amplitude_pu"":0.49267053604125977,""frequency_hz"":533.7871936865993,""support_ms"":14.190967216387868,""time_constant_ms"":1.8509127680000002}",157.5,35,0.3071527625669346,1512588494,100,False
CON-SEA-OSCILLATORY-TRANSIENT-009,confirmation,sealed_confirmation,oscillatory_transient,"{""amplitude_pu"":0.31767053604125983,""frequency_hz"":1433.787193686599,""support_ms"":16.905252930673583,""time_constant_ms"":3.7509127680000005}",22.5,25,0.36597629197869924,1430545778,100,False
CON-SEA-OSCILLATORY-TRANSIENT-010,confirmation,sealed_confirmation,oscillatory_transient,"{""amplitude_pu"":0.6676705360412598,""frequency_hz"":2333.7871936865995,""support_ms"":19.619538644959295,""time_constant_ms"":5.6509127679999995}",67.5,25,0.42479982139046396,2728973102,100,False
CON-SEA-OSCILLATORY-TRANSIENT-011,confirmation,sealed_confirmation,oscillatory_transient,"{""amplitude_pu"":0.23017053604125978,""frequency_hz"":833.7871936865993,""support_ms"":1.062687333005944,""time_constant_ms"":7.550912768000001}",112.5,25,0.4836233508022287,2795742958,100,False
CON-SEA-OSCILLATORY-TRANSIENT-012,confirmation,sealed_confirmation,oscillatory_transient,"{""amplitude_pu"":0.5801705360412598,""frequency_hz"":1733.787193686599,""support_ms"":3.7769730472916576,""time_constant_ms"":9.450912768}",157.5,25,0.5424468802139935,4187808921,100,False
CON-SEA-OSCILLATORY-TRANSIENT-013,confirmation,sealed_confirmation,oscillatory_transient,"{""amplitude_pu"":0.40517053604125985,""frequency_hz"":2633.787193686599,""support_ms"":6.491258761577371,""time_constant_ms"":2.2309127679999996}",22.5,35,0.6012704096257582,559693309,100,False
CON-SEA-OSCILLATORY-TRANSIENT-014,confirmation,sealed_confirmation,oscillatory_transient,"{""amplitude_pu"":0.7551705360412598,""frequency_hz"":1133.787193686599,""support_ms"":9.205544475863086,""time_constant_ms"":4.130912768}",67.5,35,0.6600939390375229,2200190639,100,False
CON-SEA-OSCILLATORY-TRANSIENT-015,confirmation,sealed_confirmation,oscillatory_transient,"{""amplitude_pu"":0.1864205360412598,""frequency_hz"":2033.7871936865993,""support_ms"":11.9198301901488,""time_constant_ms"":6.030912768}",112.5,35,0.7189174684492875,1127033778,100,False
CON-SEA-OSCILLATORY-TRANSIENT-016,confirmation,sealed_confirmation,oscillatory_transient,"{""amplitude_pu"":0.5364205360412598,""frequency_hz"":2933.787193686599,""support_ms"":14.634115904434514,""time_constant_ms"":7.930912768000001}",157.5,35,0.7777409978610522,2558387192,100,False
CON-SEA-OSCILLATORY-TRANSIENT-017,confirmation,sealed_confirmation,oscillatory_transient,"{""amplitude_pu"":0.3614205360412598,""frequency_hz"":367.1205270199326,""support_ms"":17.348401618720228,""time_constant_ms"":9.830912768000001}",22.5,25,0.8365645272728169,3114568844,100,False
CON-SEA-OSCILLATORY-TRANSIENT-018,confirmation,sealed_confirmation,oscillatory_transient,"{""amplitude_pu"":0.7114205360412598,""frequency_hz"":1267.1205270199325,""support_ms"":1.4504424350467606,""time_constant_ms"":0.7869127680000001}",67.5,25,0.8953880566845817,3860981753,100,False
CON-SEA-OSCILLATORY-TRANSIENT-019,confirmation,sealed_confirmation,oscillatory_transient,"{""amplitude_pu"":0.27392053604125977,""frequency_hz"":2167.1205270199325,""support_ms"":4.164728149332474,""time_constant_ms"":2.686912768}",112.5,25,0.9542115860963464,3966545636,100,False
CON-SEA-OSCILLATORY-TRANSIENT-020,confirmation,sealed_confirmation,oscillatory_transient,"{""amplitude_pu"":0.6239205360412597,""frequency_hz"":667.1205270199325,""support_ms"":6.879013863618188,""time_constant_ms"":4.586912768000001}",157.5,25,0.016495323120567777,3892953304,100,False
CON-SEA-OSCILLATORY-TRANSIENT-021,confirmation,sealed_confirmation,oscillatory_transient,"{""amplitude_pu"":0.4489205360412598,""frequency_hz"":1567.1205270199325,""support_ms"":9.593299577903903,""time_constant_ms"":6.486912768000001}",22.5,35,0.07531885253233249,1169454557,100,False
CON-SEA-OSCILLATORY-TRANSIENT-022,confirmation,sealed_confirmation,oscillatory_transient,"{""amplitude_pu"":0.7989205360412598,""frequency_hz"":2467.1205270199325,""support_ms"":12.307585292189618,""time_constant_ms"":8.386912768}",67.5,35,0.13414238194409717,2341268029,100,False
CON-SEA-OSCILLATORY-TRANSIENT-023,confirmation,sealed_confirmation,oscillatory_transient,"{""amplitude_pu"":0.10097131729125977,""frequency_hz"":967.1205270199325,""support_ms"":15.021871006475331,""time_constant_ms"":1.166912768}",112.5,35,0.19296591135586186,3748429268,100,False
CON-SEA-OSCILLATORY-TRANSIENT-024,confirmation,sealed_confirmation,oscillatory_transient,"{""amplitude_pu"":0.45097131729125983,""frequency_hz"":1867.1205270199328,""support_ms"":17.736156720761045,""time_constant_ms"":3.066912768000001}",157.5,35,0.2517894407676266,1173576354,100,False
CON-SEA-OSCILLATORY-TRANSIENT-025,confirmation,sealed_confirmation,oscillatory_transient,"{""amplitude_pu"":0.2759713172912598,""frequency_hz"":2767.1205270199325,""support_ms"":1.8381975370875767,""time_constant_ms"":4.966912768000001}",22.5,25,0.3106129701793913,3771465979,100,False
CON-SEA-OSCILLATORY-TRANSIENT-026,confirmation,sealed_confirmation,oscillatory_transient,"{""amplitude_pu"":0.6259713172912598,""frequency_hz"":467.12052701993264,""support_ms"":4.552483251373291,""time_constant_ms"":6.866912768000001}",67.5,25,0.369436499591156,2657359206,100,False
CON-SEA-OSCILLATORY-TRANSIENT-027,confirmation,sealed_confirmation,oscillatory_transient,"{""amplitude_pu"":0.18847131729125977,""frequency_hz"":1367.1205270199325,""support_ms"":7.266768965659004,""time_constant_ms"":8.766912768000001}",112.5,25,0.4282600290029207,2335515468,100,False
CON-SEA-OSCILLATORY-TRANSIENT-028,confirmation,sealed_confirmation,oscillatory_transient,"{""amplitude_pu"":0.5384713172912599,""frequency_hz"":2267.1205270199325,""support_ms"":9.981054679944718,""time_constant_ms"":1.546912768}",157.5,25,0.4870835584146854,3804789242,100,False
CON-SEA-OSCILLATORY-TRANSIENT-029,confirmation,sealed_confirmation,oscillatory_transient,"{""amplitude_pu"":0.3634713172912598,""frequency_hz"":767.1205270199325,""support_ms"":12.695340394230435,""time_constant_ms"":3.446912768000001}",22.5,35,0.5459070878264501,2116553837,100,False
CON-SEA-OSCILLATORY-TRANSIENT-030,confirmation,sealed_confirmation,oscillatory_transient,"{""amplitude_pu"":0.7134713172912598,""frequency_hz"":1667.1205270199328,""support_ms"":15.409626108516147,""time_constant_ms"":5.346912767999999}",67.5,35,0.6047306172382149,2760545740,100,False
CON-SEA-OSCILLATORY-TRANSIENT-031,confirmation,sealed_confirmation,oscillatory_transient,"{""amplitude_pu"":0.14472131729125978,""frequency_hz"":2567.120527019932,""support_ms"":18.123911822801862,""time_constant_ms"":7.2469127680000005}",112.5,35,0.6635541466499796,1781208915,100,False
CON-SEA-OSCILLATORY-TRANSIENT-032,confirmation,sealed_confirmation,oscillatory_transient,"{""amplitude_pu"":0.4947213172912598,""frequency_hz"":1067.1205270199325,""support_ms"":2.2259526391283933,""time_constant_ms"":9.146912768}",157.5,35,0.7223776760617442,1450298784,100,False
CON-SEA-OSCILLATORY-TRANSIENT-033,confirmation,sealed_confirmation,oscillatory_transient,"{""amplitude_pu"":0.3197213172912598,""frequency_hz"":1967.1205270199325,""support_ms"":4.940238353414108,""time_constant_ms"":1.9269127679999998}",22.5,25,0.7812012054735089,2483067401,100,False
CON-SEA-OSCILLATORY-TRANSIENT-034,confirmation,sealed_confirmation,oscillatory_transient,"{""amplitude_pu"":0.6697213172912598,""frequency_hz"":2867.1205270199325,""support_ms"":7.65452406769982,""time_constant_ms"":3.8269127680000006}",67.5,25,0.8400247348852736,3208123705,100,False
CON-SEA-OSCILLATORY-TRANSIENT-035,confirmation,sealed_confirmation,oscillatory_transient,"{""amplitude_pu"":0.23222131729125978,""frequency_hz"":567.1205270199325,""support_ms"":10.368809781985535,""time_constant_ms"":5.726912768}",112.5,25,0.8988482642970383,29322604,100,False
CON-SEA-OSCILLATORY-TRANSIENT-036,confirmation,sealed_confirmation,oscillatory_transient,"{""amplitude_pu"":0.5822213172912598,""frequency_hz"":1467.1205270199325,""support_ms"":13.083095496271248,""time_constant_ms"":7.626912768}",157.5,25,0.9576717937088031,1604146416,100,False
CON-SEA-OSCILLATORY-TRANSIENT-037,confirmation,sealed_confirmation,oscillatory_transient,"{""amplitude_pu"":0.40722131729125977,""frequency_hz"":2367.1205270199325,""support_ms"":15.797381210556962,""time_constant_ms"":9.526912768}",22.5,35,0.019955530733024526,1926685913,100,False
CON-SEA-OSCILLATORY-TRANSIENT-038,confirmation,sealed_confirmation,oscillatory_transient,"{""amplitude_pu"":0.7572213172912599,""frequency_hz"":867.1205270199325,""support_ms"":18.51166692484268,""time_constant_ms"":2.306912768}",67.5,35,0.07877906014478923,1000561247,100,False
CON-SEA-OSCILLATORY-TRANSIENT-039,confirmation,sealed_confirmation,oscillatory_transient,"{""amplitude_pu"":0.12284631729125978,""frequency_hz"":1767.1205270199325,""support_ms"":2.6137077411692093,""time_constant_ms"":4.2069127680000005}",112.5,35,0.13760258955655394,2226382381,100,False
CON-SEA-OSCILLATORY-TRANSIENT-040,confirmation,sealed_confirmation,oscillatory_transient,"{""amplitude_pu"":0.4728463172912598,""frequency_hz"":2667.1205270199325,""support_ms"":5.327993455454923,""time_constant_ms"":6.106912768}",157.5,35,0.1964261189683186,2316125102,100,False
CON-SEA-OSCILLATORY-TRANSIENT-041,confirmation,sealed_confirmation,oscillatory_transient,"{""amplitude_pu"":0.29784631729125977,""frequency_hz"":1167.1205270199325,""support_ms"":8.042279169740636,""time_constant_ms"":8.006912768000001}",22.5,25,0.25524964838008335,3573721287,100,False
CON-SEA-OSCILLATORY-TRANSIENT-042,confirmation,sealed_confirmation,oscillatory_transient,"{""amplitude_pu"":0.6478463172912597,""frequency_hz"":2067.1205270199325,""support_ms"":10.756564884026353,""time_constant_ms"":9.906912768}",67.5,25,0.31407317779184807,3629277645,100,False
CON-SEA-OSCILLATORY-TRANSIENT-043,confirmation,sealed_confirmation,oscillatory_transient,"{""amplitude_pu"":0.2103463172912598,""frequency_hz"":2967.1205270199325,""support_ms"":13.470850598312065,""time_constant_ms"":0.862912768}",112.5,25,0.37289670720361273,2649053296,100,False
CON-SEA-OSCILLATORY-TRANSIENT-044,confirmation,sealed_confirmation,oscillatory_transient,"{""amplitude_pu"":0.5603463172912598,""frequency_hz"":311.56497146437704,""support_ms"":16.185136312597777,""time_constant_ms"":2.762912768}",157.5,25,0.43172023661537745,1837463031,100,False
CON-SEA-OSCILLATORY-TRANSIENT-045,confirmation,sealed_confirmation,oscillatory_transient,"{""amplitude_pu"":0.3853463172912598,""frequency_hz"":1211.5649714643769,""support_ms"":18.899422026883492,""time_constant_ms"":4.662912768000001}",22.5,35,0.49054376602714217,3470234373,100,False
CON-SEA-OSCILLATORY-TRANSIENT-046,confirmation,sealed_confirmation,oscillatory_transient,"{""amplitude_pu"":0.7353463172912598,""frequency_hz"":2111.564971464377,""support_ms"":3.001462843210026,""time_constant_ms"":6.562912768}",67.5,35,0.5493672954389069,1045197482,100,False
CON-SEA-OSCILLATORY-TRANSIENT-047,confirmation,sealed_confirmation,oscillatory_transient,"{""amplitude_pu"":0.1665963172912598,""frequency_hz"":611.564971464377,""support_ms"":5.71574855749574,""time_constant_ms"":8.462912767999999}",112.5,35,0.6081908248506717,3143572278,100,False
CON-SEA-OSCILLATORY-TRANSIENT-048,confirmation,sealed_confirmation,oscillatory_transient,"{""amplitude_pu"":0.5165963172912598,""frequency_hz"":1511.5649714643769,""support_ms"":8.430034271781453,""time_constant_ms"":1.242912768}",157.5,35,0.6670143542624364,2933996729,100,False
CON-SEA-OSCILLATORY-TRANSIENT-049,confirmation,sealed_confirmation,oscillatory_transient,"{""amplitude_pu"":0.34159631729125983,""frequency_hz"":2411.564971464377,""support_ms"":11.144319986067167,""time_constant_ms"":3.142912768000001}",22.5,25,0.725837883674201,50056983,100,False
CON-SEA-OSCILLATORY-TRANSIENT-050,confirmation,sealed_confirmation,oscillatory_transient,"{""amplitude_pu"":0.6915963172912598,""frequency_hz"":911.564971464377,""support_ms"":13.858605700352882,""time_constant_ms"":5.042912768}",67.5,25,0.7846614130859657,2564032323,100,False
CON-SEA-OSCILLATORY-TRANSIENT-051,confirmation,sealed_confirmation,oscillatory_transient,"{""amplitude_pu"":0.2540963172912598,""frequency_hz"":1811.564971464377,""support_ms"":16.572891414638597,""time_constant_ms"":6.942912768000001}",112.5,25,0.8434849424977304,767598459,100,False
CON-SEA-OSCILLATORY-TRANSIENT-052,confirmation,sealed_confirmation,oscillatory_transient,"{""amplitude_pu"":0.6040963172912598,""frequency_hz"":2711.564971464377,""support_ms"":19.28717712892431,""time_constant_ms"":8.842912768}",157.5,25,0.9023084719094951,436383949,100,False
CON-SEA-OSCILLATORY-TRANSIENT-053,confirmation,sealed_confirmation,oscillatory_transient,"{""amplitude_pu"":0.42909631729125985,""frequency_hz"":411.56497146437704,""support_ms"":3.3892179452508415,""time_constant_ms"":1.622912768}",22.5,35,0.9611320013212599,1744050406,100,False
CON-SEA-OSCILLATORY-TRANSIENT-054,confirmation,sealed_confirmation,oscillatory_transient,"{""amplitude_pu"":0.7790963172912598,""frequency_hz"":1311.5649714643769,""support_ms"":6.103503659536555,""time_constant_ms"":3.522912768000001}",67.5,35,0.02341573834548127,1858981237,100,False
CON-SEA-OSCILLATORY-TRANSIENT-055,confirmation,sealed_confirmation,oscillatory_transient,"{""amplitude_pu"":0.11190881729125977,""frequency_hz"":2211.564971464377,""support_ms"":8.817789373822269,""time_constant_ms"":5.422912768}",112.5,35,0.08223926775724598,2267135571,100,False
CON-SEA-OSCILLATORY-TRANSIENT-056,confirmation,sealed_confirmation,oscillatory_transient,"{""amplitude_pu"":0.46190881729125977,""frequency_hz"":711.5649714643771,""support_ms"":11.532075088107984,""time_constant_ms"":7.322912768}",157.5,35,0.14106279716901068,577978286,100,False
CON-SEA-OSCILLATORY-TRANSIENT-057,confirmation,sealed_confirmation,oscillatory_transient,"{""amplitude_pu"":0.2869088172912598,""frequency_hz"":1611.5649714643769,""support_ms"":14.2463608023937,""time_constant_ms"":9.222912768}",22.5,25,0.19988632658077535,1282923567,100,False
CON-SEA-OSCILLATORY-TRANSIENT-058,confirmation,sealed_confirmation,oscillatory_transient,"{""amplitude_pu"":0.6369088172912598,""frequency_hz"":2511.5649714643764,""support_ms"":16.96064651667941,""time_constant_ms"":2.002912768}",67.5,25,0.2587098559925401,1518843018,100,False
CON-SEA-OSCILLATORY-TRANSIENT-059,confirmation,sealed_confirmation,oscillatory_transient,"{""amplitude_pu"":0.19940881729125978,""frequency_hz"":1011.5649714643769,""support_ms"":19.674932230965126,""time_constant_ms"":3.902912768}",112.5,25,0.3175333854043048,1871221244,100,False
CON-SEA-OSCILLATORY-TRANSIENT-060,confirmation,sealed_confirmation,oscillatory_transient,"{""amplitude_pu"":0.5494088172912598,""frequency_hz"":1911.5649714643769,""support_ms"":1.118080919011775,""time_constant_ms"":5.802912768}",157.5,25,0.3763569148160695,2888931381,100,False
CON-SEA-OSCILLATORY-TRANSIENT-061,confirmation,sealed_confirmation,oscillatory_transient,"{""amplitude_pu"":0.37440881729125974,""frequency_hz"":2811.564971464377,""support_ms"":3.832366633297489,""time_constant_ms"":7.702912768000001}",22.5,35,0.4351804442278342,1066912691,100,False
CON-SEA-OSCILLATORY-TRANSIENT-062,confirmation,sealed_confirmation,oscillatory_transient,"{""amplitude_pu"":0.7244088172912598,""frequency_hz"":511.564971464377,""support_ms"":6.546652347583202,""time_constant_ms"":9.602912768}",67.5,35,0.4940039736395989,1183779137,100,False
CON-SEA-OSCILLATORY-TRANSIENT-063,confirmation,sealed_confirmation,oscillatory_transient,"{""amplitude_pu"":0.15565881729125977,""frequency_hz"":1411.5649714643769,""support_ms"":9.260938061868917,""time_constant_ms"":2.3829127679999997}",112.5,35,0.5528275030513636,921413011,100,False
CON-SEA-OSCILLATORY-TRANSIENT-064,confirmation,sealed_confirmation,oscillatory_transient,"{""amplitude_pu"":0.5056588172912598,""frequency_hz"":2311.564971464377,""support_ms"":11.975223776154632,""time_constant_ms"":4.282912768000001}",157.5,35,0.6116510324631284,3577002871,100,False
CON-SEA-OSCILLATORY-TRANSIENT-065,confirmation,sealed_confirmation,oscillatory_transient,"{""amplitude_pu"":0.3306588172912598,""frequency_hz"":811.5649714643771,""support_ms"":14.689509490440344,""time_constant_ms"":6.1829127680000004}",22.5,25,0.6704745618748931,3418835774,100,False
CON-SEA-OSCILLATORY-TRANSIENT-066,confirmation,sealed_confirmation,oscillatory_transient,"{""amplitude_pu"":0.6806588172912598,""frequency_hz"":1711.564971464377,""support_ms"":17.40379520472606,""time_constant_ms"":8.082912768}",67.5,25,0.7292980912866577,3553815225,100,False
CON-SEA-OSCILLATORY-TRANSIENT-067,confirmation,sealed_confirmation,oscillatory_transient,"{""amplitude_pu"":0.2431588172912598,""frequency_hz"":2611.564971464377,""support_ms"":1.5058360210525914,""time_constant_ms"":9.982912768}",112.5,25,0.7881216206984224,1306660454,100,False
CON-SEA-OSCILLATORY-TRANSIENT-068,confirmation,sealed_confirmation,oscillatory_transient,"{""amplitude_pu"":0.5931588172912599,""frequency_hz"":1111.5649714643769,""support_ms"":4.220121735338305,""time_constant_ms"":0.574112768}",157.5,25,0.8469451501101871,156710226,100,False
CON-SEA-OSCILLATORY-TRANSIENT-069,confirmation,sealed_confirmation,oscillatory_transient,"{""amplitude_pu"":0.4181588172912598,""frequency_hz"":2011.564971464377,""support_ms"":6.934407449624019,""time_constant_ms"":2.474112768}",22.5,35,0.9057686795219518,1676043550,100,False
CON-SEA-OSCILLATORY-TRANSIENT-070,confirmation,sealed_confirmation,oscillatory_transient,"{""amplitude_pu"":0.7681588172912598,""frequency_hz"":2911.564971464377,""support_ms"":9.648693163909734,""time_constant_ms"":4.374112768000001}",67.5,35,0.9645922089337166,1749193865,100,False
CON-SEA-OSCILLATORY-TRANSIENT-071,confirmation,sealed_confirmation,oscillatory_transient,"{""amplitude_pu"":0.13378381729125977,""frequency_hz"":344.89830479771035,""support_ms"":12.362978878195449,""time_constant_ms"":6.274112767999999}",112.5,35,0.02687594595793802,927760216,100,False
CON-SEA-OSCILLATORY-TRANSIENT-072,confirmation,sealed_confirmation,oscillatory_transient,"{""amplitude_pu"":0.48378381729125985,""frequency_hz"":1244.8983047977104,""support_ms"":15.07726459248116,""time_constant_ms"":8.174112768}",157.5,35,0.08569947536970272,3111872752,100,False
CON-SEA-OSCILLATORY-TRANSIENT-073,confirmation,sealed_confirmation,oscillatory_transient,"{""amplitude_pu"":0.3087838172912598,""frequency_hz"":2144.89830479771,""support_ms"":17.791550306766876,""time_constant_ms"":0.9541127680000001}",22.5,25,0.14452300478146743,1431054323,100,False
CON-SEA-OSCILLATORY-TRANSIENT-074,confirmation,sealed_confirmation,oscillatory_transient,"{""amplitude_pu"":0.6587838172912598,""frequency_hz"":644.8983047977104,""support_ms"":1.8935911230934077,""time_constant_ms"":2.8541127680000002}",67.5,25,0.20334653419323212,2313840527,100,False
CON-SEA-OSCILLATORY-TRANSIENT-075,confirmation,sealed_confirmation,oscillatory_transient,"{""amplitude_pu"":0.2212838172912598,""frequency_hz"":1544.8983047977101,""support_ms"":4.607876837379122,""time_constant_ms"":4.754112768000001}",112.5,25,0.26217006360499684,904089459,100,False
CON-SEA-OSCILLATORY-TRANSIENT-076,confirmation,sealed_confirmation,oscillatory_transient,"{""amplitude_pu"":0.5712838172912598,""frequency_hz"":2444.8983047977104,""support_ms"":7.322162551664834,""time_constant_ms"":6.654112768}",157.5,25,0.32099359301676156,3653641721,100,False
CON-SEA-OSCILLATORY-TRANSIENT-077,confirmation,sealed_confirmation,oscillatory_transient,"{""amplitude_pu"":0.39628381729125983,""frequency_hz"":944.8983047977104,""support_ms"":10.036448265950549,""time_constant_ms"":8.554112768}",22.5,35,0.3798171224285262,2760785300,100,False
CON-SEA-OSCILLATORY-TRANSIENT-078,confirmation,sealed_confirmation,oscillatory_transient,"{""amplitude_pu"":0.7462838172912598,""frequency_hz"":1844.8983047977106,""support_ms"":12.750733980236266,""time_constant_ms"":1.334112768}",67.5,35,0.43864065184029094,2875556337,100,False
CON-SEA-OSCILLATORY-TRANSIENT-079,confirmation,sealed_confirmation,oscillatory_transient,"{""amplitude_pu"":0.17753381729125978,""frequency_hz"":2744.8983047977104,""support_ms"":15.465019694521978,""time_constant_ms"":3.2341127680000006}",112.5,35,0.49746418125205566,4052049357,100,False
CON-SEA-OSCILLATORY-TRANSIENT-080,confirmation,sealed_confirmation,oscillatory_transient,"{""amplitude_pu"":0.5275338172912598,""frequency_hz"":444.89830479771035,""support_ms"":18.179305408807693,""time_constant_ms"":5.1341127680000005}",157.5,35,0.5562877106638204,354323088,100,False
CON-SEA-OSCILLATORY-TRANSIENT-081,confirmation,sealed_confirmation,oscillatory_transient,"{""amplitude_pu"":0.35253381729125977,""frequency_hz"":1344.8983047977101,""support_ms"":2.2813462251342242,""time_constant_ms"":7.034112767999999}",22.5,25,0.6151112400755852,2071360814,100,False
CON-SEA-OSCILLATORY-TRANSIENT-082,confirmation,sealed_confirmation,oscillatory_transient,"{""amplitude_pu"":0.7025338172912599,""frequency_hz"":2244.898304797711,""support_ms"":4.995631939419939,""time_constant_ms"":8.934112767999999}",67.5,25,0.6739347694873499,3954025366,100,False
CON-SEA-OSCILLATORY-TRANSIENT-083,confirmation,sealed_confirmation,oscillatory_transient,"{""amplitude_pu"":0.2650338172912598,""frequency_hz"":744.8983047977104,""support_ms"":7.709917653705651,""time_constant_ms"":1.714112768}",112.5,25,0.7327582988991145,507942602,100,False
CON-SEA-OSCILLATORY-TRANSIENT-084,confirmation,sealed_confirmation,oscillatory_transient,"{""amplitude_pu"":0.6150338172912598,""frequency_hz"":1644.8983047977101,""support_ms"":10.424203367991366,""time_constant_ms"":3.6141127680000005}",157.5,25,0.7915818283108792,2752443787,100,False
CON-SEA-OSCILLATORY-TRANSIENT-085,confirmation,sealed_confirmation,oscillatory_transient,"{""amplitude_pu"":0.4400338172912598,""frequency_hz"":2544.89830479771,""support_ms"":13.13848908227708,""time_constant_ms"":5.514112767999999}",22.5,35,0.8504053577226439,111311758,100,False
CON-SEA-OSCILLATORY-TRANSIENT-086,confirmation,sealed_confirmation,oscillatory_transient,"{""amplitude_pu"":0.7900338172912598,""frequency_hz"":1044.8983047977104,""support_ms"":15.852774796562793,""time_constant_ms"":7.414112768}",67.5,35,0.9092288871344086,536293239,100,False
CON-SEA-OSCILLATORY-TRANSIENT-087,confirmation,sealed_confirmation,oscillatory_transient,"{""amplitude_pu"":0.10644006729125977,""frequency_hz"":1944.8983047977104,""support_ms"":18.567060510848506,""time_constant_ms"":9.314112768}",112.5,35,0.9680524165461734,858618655,100,False
CON-SEA-OSCILLATORY-TRANSIENT-088,confirmation,sealed_confirmation,oscillatory_transient,"{""amplitude_pu"":0.45644006729125985,""frequency_hz"":2844.8983047977104,""support_ms"":2.6691013271750403,""time_constant_ms"":2.094112768}",157.5,35,0.030336153570394767,2503906276,100,False
CON-SEA-OSCILLATORY-TRANSIENT-089,confirmation,sealed_confirmation,oscillatory_transient,"{""amplitude_pu"":0.2814400672912598,""frequency_hz"":544.8983047977104,""support_ms"":5.383387041460754,""time_constant_ms"":3.9941127680000004}",22.5,25,0.08915968298215947,2236485564,100,False
CON-SEA-OSCILLATORY-TRANSIENT-090,confirmation,sealed_confirmation,oscillatory_transient,"{""amplitude_pu"":0.6314400672912598,""frequency_hz"":1444.8983047977101,""support_ms"":8.097672755746467,""time_constant_ms"":5.894112767999999}",67.5,25,0.14798321239392417,4001967902,100,False
CON-SEA-OSCILLATORY-TRANSIENT-091,confirmation,sealed_confirmation,oscillatory_transient,"{""amplitude_pu"":0.1939400672912598,""frequency_hz"":2344.8983047977104,""support_ms"":10.811958470032183,""time_constant_ms"":7.794112768}",112.5,25,0.20680674180568887,2261014196,100,False
CON-SEA-OSCILLATORY-TRANSIENT-092,confirmation,sealed_confirmation,oscillatory_transient,"{""amplitude_pu"":0.5439400672912598,""frequency_hz"":844.8983047977104,""support_ms"":13.526244184317896,""time_constant_ms"":9.694112768}",157.5,25,0.2656302712174536,3159526901,100,False
CON-SEA-OSCILLATORY-TRANSIENT-093,confirmation,sealed_confirmation,oscillatory_transient,"{""amplitude_pu"":0.36894006729125983,""frequency_hz"":1744.8983047977101,""support_ms"":16.24052989860361,""time_constant_ms"":0.6501127680000001}",22.5,35,0.3244538006292183,3297764141,100,False
CON-SEA-OSCILLATORY-TRANSIENT-094,confirmation,sealed_confirmation,oscillatory_transient,"{""amplitude_pu"":0.7189400672912598,""frequency_hz"":2644.89830479771,""support_ms"":18.954815612889323,""time_constant_ms"":2.550112768}",67.5,35,0.38327733004098297,1737186032,100,False
CON-SEA-OSCILLATORY-TRANSIENT-095,confirmation,sealed_confirmation,oscillatory_transient,"{""amplitude_pu"":0.15019006729125978,""frequency_hz"":1144.8983047977104,""support_ms"":3.056856429215857,""time_constant_ms"":4.450112768}",112.5,35,0.4421008594527477,2718671967,100,False
CON-SEA-OSCILLATORY-TRANSIENT-096,confirmation,sealed_confirmation,oscillatory_transient,"{""amplitude_pu"":0.5001900672912598,""frequency_hz"":2044.8983047977104,""support_ms"":5.77114214350157,""time_constant_ms"":6.350112768}",157.5,35,0.5009243888645124,1844247891,100,False
CON-SEA-OSCILLATORY-TRANSIENT-097,confirmation,sealed_confirmation,oscillatory_transient,"{""amplitude_pu"":0.32519006729125977,""frequency_hz"":2944.89830479771,""support_ms"":8.485427857787283,""time_constant_ms"":8.250112768}",22.5,25,0.5597479182762771,3925529987,100,False
CON-SEA-IMPULSIVE-TRANSIENT-001,confirmation,sealed_confirmation,impulsive_transient,"{""absolute_amplitude_pu"":0.872489070892334,""polarity"":0.07621068800000019,""width_ms"":0.5025598953286128}",22.5,25,0.2766215189276103,1432526884,100,False
CON-SEA-IMPULSIVE-TRANSIENT-002,confirmation,sealed_confirmation,impulsive_transient,"{""absolute_amplitude_pu"":0.30998907089233396,""polarity"":0.4762106880000003,""width_ms"":1.135893228661946}",67.5,25,0.335445048339375,3411883280,100,False
CON-SEA-IMPULSIVE-TRANSIENT-003,confirmation,sealed_confirmation,impulsive_transient,"{""absolute_amplitude_pu"":0.759989070892334,""polarity"":0.8762106880000002,""width_ms"":1.7692265619952794}",112.5,25,0.3942685777511397,1089676984,100,False
CON-SEA-IMPULSIVE-TRANSIENT-004,confirmation,sealed_confirmation,impulsive_transient,"{""absolute_amplitude_pu"":0.534989070892334,""polarity"":-0.6437893120000001,""width_ms"":0.7136710064397239}",157.5,25,0.45309210716290443,328563055,100,False
CON-SEA-IMPULSIVE-TRANSIENT-005,confirmation,sealed_confirmation,impulsive_transient,"{""absolute_amplitude_pu"":0.984989070892334,""polarity"":-0.24378931199999998,""width_ms"":1.3470043397730573}",22.5,35,0.5119156365746692,1001647433,100,False
CON-SEA-IMPULSIVE-TRANSIENT-006,confirmation,sealed_confirmation,impulsive_transient,"{""absolute_amplitude_pu"":0.127176570892334,""polarity"":0.15621068800000026,""width_ms"":1.9803376731063904}",67.5,35,0.5707391659864339,1430888688,100,False
CON-SEA-IMPULSIVE-TRANSIENT-007,confirmation,sealed_confirmation,impulsive_transient,"{""absolute_amplitude_pu"":0.577176570892334,""polarity"":0.5562106880000004,""width_ms"":0.11161339327099967}",112.5,35,0.6295626953981986,3021723163,100,False
CON-SEA-IMPULSIVE-TRANSIENT-008,confirmation,sealed_confirmation,impulsive_transient,"{""absolute_amplitude_pu"":0.352176570892334,""polarity"":0.9562106880000003,""width_ms"":0.7449467266043329}",157.5,35,0.6883862248099634,855784727,100,False
CON-SEA-IMPULSIVE-TRANSIENT-009,confirmation,sealed_confirmation,impulsive_transient,"{""absolute_amplitude_pu"":0.802176570892334,""polarity"":-0.947789312,""width_ms"":1.3782800599376663}",22.5,25,0.747209754221728,135318698,100,False
CON-SEA-IMPULSIVE-TRANSIENT-010,confirmation,sealed_confirmation,impulsive_transient,"{""absolute_amplitude_pu"":0.239676570892334,""polarity"":-0.5477893120000001,""width_ms"":0.32272450438211076}",67.5,25,0.8060332836334927,2737681864,100,False
CON-SEA-IMPULSIVE-TRANSIENT-011,confirmation,sealed_confirmation,impulsive_transient,"{""absolute_amplitude_pu"":0.689676570892334,""polarity"":-0.1477893119999999,""width_ms"":0.956057837715444}",112.5,25,0.8648568130452574,536429885,100,False
CON-SEA-IMPULSIVE-TRANSIENT-012,confirmation,sealed_confirmation,impulsive_transient,"{""absolute_amplitude_pu"":0.46467657089233405,""polarity"":0.25221068800000035,""width_ms"":1.5893911710487771}",157.5,25,0.9236803424570221,4142293185,100,False
CON-SEA-IMPULSIVE-TRANSIENT-013,confirmation,sealed_confirmation,impulsive_transient,"{""absolute_amplitude_pu"":0.914676570892334,""polarity"":0.6522106880000003,""width_ms"":0.5338356154932219}",22.5,35,0.9825038718687868,2642794973,100,False
CON-SEA-IMPULSIVE-TRANSIENT-014,confirmation,sealed_confirmation,impulsive_transient,"{""absolute_amplitude_pu"":0.183426570892334,""polarity"":-0.867789312,""width_ms"":1.1671689488265553}",67.5,35,0.044787608893008236,3580921886,100,False
CON-SEA-IMPULSIVE-TRANSIENT-015,confirmation,sealed_confirmation,impulsive_transient,"{""absolute_amplitude_pu"":0.633426570892334,""polarity"":-0.46778931199999996,""width_ms"":1.8005022821598884}",112.5,35,0.10361113830477295,1110864061,100,False
CON-SEA-IMPULSIVE-TRANSIENT-016,confirmation,sealed_confirmation,impulsive_transient,"{""absolute_amplitude_pu"":0.40842657089233403,""polarity"":-0.06778931199999993,""width_ms"":0.18198376364137003}",157.5,35,0.16243466771653764,2593069668,100,False
CON-SEA-IMPULSIVE-TRANSIENT-017,confirmation,sealed_confirmation,impulsive_transient,"{""absolute_amplitude_pu"":0.858426570892334,""polarity"":0.3322106880000004,""width_ms"":0.8153170969747032}",22.5,25,0.22125819712830233,3088436081,100,False
CON-SEA-IMPULSIVE-TRANSIENT-018,confirmation,sealed_confirmation,impulsive_transient,"{""absolute_amplitude_pu"":0.295926570892334,""polarity"":0.7322106880000003,""width_ms"":1.4486504303080368}",67.5,25,0.2800817265400671,3468715636,100,False
CON-SEA-IMPULSIVE-TRANSIENT-019,confirmation,sealed_confirmation,impulsive_transient,"{""absolute_amplitude_pu"":0.7459265708923339,""polarity"":-0.7877893119999999,""width_ms"":0.39309487475248117}",112.5,25,0.3389052559518318,3748823617,100,False
CON-SEA-IMPULSIVE-TRANSIENT-020,confirmation,sealed_confirmation,impulsive_transient,"{""absolute_amplitude_pu"":0.520926570892334,""polarity"":-0.3877893119999999,""width_ms"":1.0264282080858145}",157.5,25,0.3977287853635964,1599225406,100,False
CON-SEA-IMPULSIVE-TRANSIENT-021,confirmation,sealed_confirmation,impulsive_transient,"{""absolute_amplitude_pu"":0.970926570892334,""polarity"":0.012210688000000136,""width_ms"":1.6597615414191476}",22.5,35,0.4565523147753611,3062615369,100,False
CON-SEA-IMPULSIVE-TRANSIENT-022,confirmation,sealed_confirmation,impulsive_transient,"{""absolute_amplitude_pu"":0.15530157089233398,""polarity"":0.41221068800000027,""width_ms"":0.6042059858635922}",67.5,35,0.5153758441871259,3995142087,100,False
CON-SEA-IMPULSIVE-TRANSIENT-023,confirmation,sealed_confirmation,impulsive_transient,"{""absolute_amplitude_pu"":0.6053015708923339,""polarity"":0.8122106880000002,""width_ms"":1.2375393191969255}",112.5,35,0.5741993735988906,1428049316,100,False
CON-SEA-IMPULSIVE-TRANSIENT-024,confirmation,sealed_confirmation,impulsive_transient,"{""absolute_amplitude_pu"":0.38030157089233396,""polarity"":-0.7077893120000001,""width_ms"":1.8708726525302588}",157.5,35,0.6330229030106553,3489488292,100,False
CON-SEA-IMPULSIVE-TRANSIENT-025,confirmation,sealed_confirmation,impulsive_transient,"{""absolute_amplitude_pu"":0.830301570892334,""polarity"":-0.3077893119999999,""width_ms"":0.25235413401174034}",22.5,25,0.69184643242242,2579294746,100,False
CON-SEA-IMPULSIVE-TRANSIENT-026,confirmation,sealed_confirmation,impulsive_transient,"{""absolute_amplitude_pu"":0.26780157089233403,""polarity"":0.09221068800000021,""width_ms"":0.8856874673450736}",67.5,25,0.7506699618341847,2265092814,100,False
CON-SEA-IMPULSIVE-TRANSIENT-027,confirmation,sealed_confirmation,impulsive_transient,"{""absolute_amplitude_pu"":0.717801570892334,""polarity"":0.49221068800000034,""width_ms"":1.519020800678407}",112.5,25,0.8094934912459494,1290834692,100,False
CON-SEA-IMPULSIVE-TRANSIENT-028,confirmation,sealed_confirmation,impulsive_transient,"{""absolute_amplitude_pu"":0.492801570892334,""polarity"":0.8922106880000003,""width_ms"":0.4634652451228515}",157.5,25,0.8683170206577141,3343158298,100,False
CON-SEA-IMPULSIVE-TRANSIENT-029,confirmation,sealed_confirmation,impulsive_transient,"{""absolute_amplitude_pu"":0.942801570892334,""polarity"":-0.6277893120000001,""width_ms"":1.0967985784561847}",22.5,35,0.9271405500694788,785200932,100,False
CON-SEA-IMPULSIVE-TRANSIENT-030,confirmation,sealed_confirmation,impulsive_transient,"{""absolute_amplitude_pu"":0.211551570892334,""polarity"":-0.22778931199999997,""width_ms"":1.730131911789518}",67.5,35,0.9859640794812435,1292703481,100,False
CON-SEA-IMPULSIVE-TRANSIENT-031,confirmation,sealed_confirmation,impulsive_transient,"{""absolute_amplitude_pu"":0.661551570892334,""polarity"":0.17221068800000028,""width_ms"":0.6745763562339625}",112.5,35,0.04824781650546499,3204474783,100,False
CON-SEA-IMPULSIVE-TRANSIENT-032,confirmation,sealed_confirmation,impulsive_transient,"{""absolute_amplitude_pu"":0.436551570892334,""polarity"":0.5722106880000004,""width_ms"":1.307909689567296}",157.5,35,0.10707134591722971,1462035669,100,False
CON-SEA-IMPULSIVE-TRANSIENT-033,confirmation,sealed_confirmation,impulsive_transient,"{""absolute_amplitude_pu"":0.8865515708923339,""polarity"":0.9722106880000003,""width_ms"":1.9412430229006292}",22.5,25,0.16589487532899438,3214880916,100,False
CON-SEA-IMPULSIVE-TRANSIENT-034,confirmation,sealed_confirmation,impulsive_transient,"{""absolute_amplitude_pu"":0.324051570892334,""polarity"":-0.931789312,""width_ms"":0.13507018339445645}",67.5,25,0.22471840474075908,347000525,100,False
CON-SEA-IMPULSIVE-TRANSIENT-035,confirmation,sealed_confirmation,impulsive_transient,"{""absolute_amplitude_pu"":0.774051570892334,""polarity"":-0.5317893120000001,""width_ms"":0.7684035167277897}",112.5,25,0.2835419341525238,2124193357,100,False
CON-SEA-IMPULSIVE-TRANSIENT-036,confirmation,sealed_confirmation,impulsive_transient,"{""absolute_amplitude_pu"":0.549051570892334,""polarity"":-0.13178931199999988,""width_ms"":1.401736850061123}",157.5,25,0.34236546356428854,2727609371,100,False
CON-SEA-IMPULSIVE-TRANSIENT-037,confirmation,sealed_confirmation,impulsive_transient,"{""absolute_amplitude_pu"":0.999051570892334,""polarity"":0.26821068800000036,""width_ms"":0.34618129450556756}",22.5,35,0.4011889929760532,1495800817,100,False
CON-SEA-IMPULSIVE-TRANSIENT-038,confirmation,sealed_confirmation,impulsive_transient,"{""absolute_amplitude_pu"":0.10168828964233399,""polarity"":0.6682106880000003,""width_ms"":0.9795146278389008}",67.5,35,0.4600125223878179,869709446,100,False
CON-SEA-IMPULSIVE-TRANSIENT-039,confirmation,sealed_confirmation,impulsive_transient,"{""absolute_amplitude_pu"":0.551688289642334,""polarity"":-0.851789312,""width_ms"":1.6128479611722342}",112.5,35,0.5188360517995827,4283856722,100,False
CON-SEA-IMPULSIVE-TRANSIENT-040,confirmation,sealed_confirmation,impulsive_transient,"{""absolute_amplitude_pu"":0.326688289642334,""polarity"":-0.45178931199999994,""width_ms"":0.5572924056166787}",157.5,35,0.5776595812113474,4020012950,100,False
CON-SEA-IMPULSIVE-TRANSIENT-041,confirmation,sealed_confirmation,impulsive_transient,"{""absolute_amplitude_pu"":0.7766882896423339,""polarity"":-0.05178931200000003,""width_ms"":1.1906257389500121}",22.5,25,0.6364831106231121,3514177657,100,False
CON-SEA-IMPULSIVE-TRANSIENT-042,confirmation,sealed_confirmation,impulsive_transient,"{""absolute_amplitude_pu"":0.214188289642334,""polarity"":0.34821068800000043,""width_ms"":1.8239590722833454}",67.5,25,0.6953066400348769,2030830377,100,False
CON-SEA-IMPULSIVE-TRANSIENT-043,confirmation,sealed_confirmation,impulsive_transient,"{""absolute_amplitude_pu"":0.664188289642334,""polarity"":0.7482106880000003,""width_ms"":0.20544055376482684}",112.5,25,0.7541301694466415,2732649557,100,False
CON-SEA-IMPULSIVE-TRANSIENT-044,confirmation,sealed_confirmation,impulsive_transient,"{""absolute_amplitude_pu"":0.43918828964233403,""polarity"":-0.771789312,""width_ms"":0.83877388709816}",157.5,25,0.8129536988584062,86443306,100,False
CON-SEA-IMPULSIVE-TRANSIENT-045,confirmation,sealed_confirmation,impulsive_transient,"{""absolute_amplitude_pu"":0.889188289642334,""polarity"":-0.37178931199999987,""width_ms"":1.4721072204314936}",22.5,35,0.8717772282701709,3512305026,100,False
CON-SEA-IMPULSIVE-TRANSIENT-046,confirmation,sealed_confirmation,impulsive_transient,"{""absolute_amplitude_pu"":0.157938289642334,""polarity"":0.02821068800000015,""width_ms"":0.416551664875938}",67.5,35,0.9306007576819356,3069488781,100,False
CON-SEA-IMPULSIVE-TRANSIENT-047,confirmation,sealed_confirmation,impulsive_transient,"{""absolute_amplitude_pu"":0.607938289642334,""polarity"":0.4282106880000003,""width_ms"":1.0498849982092713}",112.5,35,0.9894242870937003,3434812353,100,False
CON-SEA-IMPULSIVE-TRANSIENT-048,confirmation,sealed_confirmation,impulsive_transient,"{""absolute_amplitude_pu"":0.382938289642334,""polarity"":0.8282106880000002,""width_ms"":1.6832183315426044}",157.5,35,0.05170802411792173,2863859614,100,False
CON-SEA-IMPULSIVE-TRANSIENT-049,confirmation,sealed_confirmation,impulsive_transient,"{""absolute_amplitude_pu"":0.832938289642334,""polarity"":-0.691789312,""width_ms"":0.6276627759870489}",22.5,25,0.11053155352968645,3243816093,100,False
CON-SEA-IMPULSIVE-TRANSIENT-050,confirmation,sealed_confirmation,impulsive_transient,"{""absolute_amplitude_pu"":0.27043828964233396,""polarity"":-0.291789312,""width_ms"":1.2609961093203825}",67.5,25,0.16935508294145113,1753564740,100,False
CON-SEA-IMPULSIVE-TRANSIENT-051,confirmation,sealed_confirmation,impulsive_transient,"{""absolute_amplitude_pu"":0.720438289642334,""polarity"":0.10821068800000022,""width_ms"":1.8943294426537156}",112.5,25,0.22817861235321582,3778026042,100,False
CON-SEA-IMPULSIVE-TRANSIENT-052,confirmation,sealed_confirmation,impulsive_transient,"{""absolute_amplitude_pu"":0.49543828964233405,""polarity"":0.5082106880000004,""width_ms"":0.27581092413519714}",157.5,25,0.28700214176498057,1245442947,100,False
CON-SEA-IMPULSIVE-TRANSIENT-053,confirmation,sealed_confirmation,impulsive_transient,"{""absolute_amplitude_pu"":0.945438289642334,""polarity"":0.9082106880000003,""width_ms"":0.9091442574685304}",22.5,35,0.3458256711767453,145334619,100,False
CON-SEA-IMPULSIVE-TRANSIENT-054,confirmation,sealed_confirmation,impulsive_transient,"{""absolute_amplitude_pu"":0.129813289642334,""polarity"":-0.6117893120000001,""width_ms"":1.542477590801864}",67.5,35,0.40464920058850995,4017562306,100,False
CON-SEA-IMPULSIVE-TRANSIENT-055,confirmation,sealed_confirmation,impulsive_transient,"{""absolute_amplitude_pu"":0.579813289642334,""polarity"":-0.21178931199999995,""width_ms"":0.4869220352463083}",112.5,35,0.46347273000027467,2104747505,100,False
CON-SEA-IMPULSIVE-TRANSIENT-056,confirmation,sealed_confirmation,impulsive_transient,"{""absolute_amplitude_pu"":0.35481328964233405,""polarity"":0.1882106880000003,""width_ms"":1.1202553685796415}",157.5,35,0.5222962594120394,3801065596,100,False
CON-SEA-IMPULSIVE-TRANSIENT-057,confirmation,sealed_confirmation,impulsive_transient,"{""absolute_amplitude_pu"":0.804813289642334,""polarity"":0.5882106880000004,""width_ms"":1.7535887019129746}",22.5,25,0.5811197888238041,3842377565,100,False
CON-SEA-IMPULSIVE-TRANSIENT-058,confirmation,sealed_confirmation,impulsive_transient,"{""absolute_amplitude_pu"":0.242313289642334,""polarity"":0.9882106880000003,""width_ms"":0.6980331463574193}",67.5,25,0.6399433182355688,2361947499,100,False
CON-SEA-IMPULSIVE-TRANSIENT-059,confirmation,sealed_confirmation,impulsive_transient,"{""absolute_amplitude_pu"":0.692313289642334,""polarity"":-0.992589312,""width_ms"":1.3313664796907527}",112.5,25,0.6987668476473335,2333754888,100,False
CON-SEA-IMPULSIVE-TRANSIENT-060,confirmation,sealed_confirmation,impulsive_transient,"{""absolute_amplitude_pu"":0.467313289642334,""polarity"":-0.5925893120000001,""width_ms"":1.9646998130240858}",157.5,25,0.7575903770590982,394748867,100,False
CON-SEA-IMPULSIVE-TRANSIENT-061,confirmation,sealed_confirmation,impulsive_transient,"{""absolute_amplitude_pu"":0.9173132896423339,""polarity"":-0.19258931199999996,""width_ms"":0.15852697351791323}",22.5,35,0.8164139064708629,2391334714,100,False
CON-SEA-IMPULSIVE-TRANSIENT-062,confirmation,sealed_confirmation,impulsive_transient,"{""absolute_amplitude_pu"":0.18606328964233398,""polarity"":0.20741068800000018,""width_ms"":0.7918603068512464}",67.5,35,0.8752374358826276,80646821,100,False
CON-SEA-IMPULSIVE-TRANSIENT-063,confirmation,sealed_confirmation,impulsive_transient,"{""absolute_amplitude_pu"":0.6360632896423339,""polarity"":0.6074106880000001,""width_ms"":1.42519364018458}",112.5,35,0.9340609652943923,451919453,100,False
CON-SEA-IMPULSIVE-TRANSIENT-064,confirmation,sealed_confirmation,impulsive_transient,"{""absolute_amplitude_pu"":0.41106328964233396,""polarity"":-0.9125893119999999,""width_ms"":0.36963808462902437}",157.5,35,0.992884494706157,1092406191,100,False
CON-SEA-IMPULSIVE-TRANSIENT-065,confirmation,sealed_confirmation,impulsive_transient,"{""absolute_amplitude_pu"":0.861063289642334,""polarity"":-0.512589312,""width_ms"":1.0029714179623577}",22.5,25,0.055168231730378485,1309237471,100,False
CON-SEA-IMPULSIVE-TRANSIENT-066,confirmation,sealed_confirmation,impulsive_transient,"{""absolute_amplitude_pu"":0.29856328964233403,""polarity"":-0.112589312,""width_ms"":1.6363047512956908}",67.5,25,0.1139917611421432,1413172980,100,False
CON-SEA-IMPULSIVE-TRANSIENT-067,confirmation,sealed_confirmation,impulsive_transient,"{""absolute_amplitude_pu"":0.748563289642334,""polarity"":0.28741068800000025,""width_ms"":0.5807491957401354}",112.5,25,0.17281529055390787,3583723438,100,False
CON-SEA-IMPULSIVE-TRANSIENT-068,confirmation,sealed_confirmation,impulsive_transient,"{""absolute_amplitude_pu"":0.523563289642334,""polarity"":0.6874106880000002,""width_ms"":1.214082529073469}",157.5,25,0.2316388199656726,2593853154,100,False
CON-SEA-IMPULSIVE-TRANSIENT-069,confirmation,sealed_confirmation,impulsive_transient,"{""absolute_amplitude_pu"":0.973563289642334,""polarity"":-0.832589312,""width_ms"":1.847415862406802}",22.5,35,0.2904623493774373,866455285,100,False
CON-SEA-IMPULSIVE-TRANSIENT-070,confirmation,sealed_confirmation,impulsive_transient,"{""absolute_amplitude_pu"":0.11575078964233398,""polarity"":-0.43258931199999995,""width_ms"":0.2288973438882836}",67.5,35,0.34928587878920203,2480127011,100,False
CON-SEA-IMPULSIVE-TRANSIENT-071,confirmation,sealed_confirmation,impulsive_transient,"{""absolute_amplitude_pu"":0.565750789642334,""polarity"":-0.032589311999999926,""width_ms"":0.8622306772216168}",112.5,35,0.4081094082009667,3486273538,100,False
CON-SEA-IMPULSIVE-TRANSIENT-072,confirmation,sealed_confirmation,impulsive_transient,"{""absolute_amplitude_pu"":0.34075078964233396,""polarity"":0.3674106880000001,""width_ms"":1.4955640105549504}",157.5,35,0.4669329376127314,823400314,100,False
CON-SEA-IMPULSIVE-TRANSIENT-073,confirmation,sealed_confirmation,impulsive_transient,"{""absolute_amplitude_pu"":0.790750789642334,""polarity"":0.767410688,""width_ms"":0.44000845499939467}",22.5,25,0.5257564670244962,2025711359,100,False
CON-SEA-IMPULSIVE-TRANSIENT-074,confirmation,sealed_confirmation,impulsive_transient,"{""absolute_amplitude_pu"":0.228250789642334,""polarity"":-0.752589312,""width_ms"":1.073341788332728}",67.5,25,0.5845799964362609,2301077396,100,False
CON-SEA-IMPULSIVE-TRANSIENT-075,confirmation,sealed_confirmation,impulsive_transient,"{""absolute_amplitude_pu"":0.678250789642334,""polarity"":-0.352589312,""width_ms"":1.7066751216660612}",112.5,25,0.6434035258480256,3835954768,100,False
CON-SEA-IMPULSIVE-TRANSIENT-076,confirmation,sealed_confirmation,impulsive_transient,"{""absolute_amplitude_pu"":0.453250789642334,""polarity"":0.047410688000000034,""width_ms"":0.6511195661105057}",157.5,25,0.7022270552597903,1186386903,100,False
CON-SEA-IMPULSIVE-TRANSIENT-077,confirmation,sealed_confirmation,impulsive_transient,"{""absolute_amplitude_pu"":0.903250789642334,""polarity"":0.44741068800000017,""width_ms"":1.2844528994438391}",22.5,35,0.761050584671555,3885143819,100,False
CON-SEA-IMPULSIVE-TRANSIENT-078,confirmation,sealed_confirmation,impulsive_transient,"{""absolute_amplitude_pu"":0.172000789642334,""polarity"":0.8474106880000001,""width_ms"":1.9177862327771722}",67.5,35,0.8198741140833197,1170485815,100,False
CON-SEA-IMPULSIVE-TRANSIENT-079,confirmation,sealed_confirmation,impulsive_transient,"{""absolute_amplitude_pu"":0.622000789642334,""polarity"":-0.672589312,""width_ms"":0.29926771425865395}",112.5,35,0.8786976434950844,2413080928,100,False
CON-SEA-IMPULSIVE-TRANSIENT-080,confirmation,sealed_confirmation,impulsive_transient,"{""absolute_amplitude_pu"":0.397000789642334,""polarity"":-0.27258931200000003,""width_ms"":0.9326010475919871}",157.5,35,0.9375211729068491,4194424491,100,False
CON-SEA-IMPULSIVE-TRANSIENT-081,confirmation,sealed_confirmation,impulsive_transient,"{""absolute_amplitude_pu"":0.8470007896423339,""polarity"":0.1274106880000001,""width_ms"":1.5659343809253206}",22.5,25,0.9963447023186138,893033290,100,False
CON-SEA-IMPULSIVE-TRANSIENT-082,confirmation,sealed_confirmation,impulsive_transient,"{""absolute_amplitude_pu"":0.284500789642334,""polarity"":0.5274106880000002,""width_ms"":0.5103788253697651}",67.5,25,0.05862843934283523,3238577421,100,False
CON-SEA-IMPULSIVE-TRANSIENT-083,confirmation,sealed_confirmation,impulsive_transient,"{""absolute_amplitude_pu"":0.734500789642334,""polarity"":0.9274106880000001,""width_ms"":1.1437121587030983}",112.5,25,0.11745196875459994,2615137421,100,False
CON-SEA-IMPULSIVE-TRANSIENT-084,confirmation,sealed_confirmation,impulsive_transient,"{""absolute_amplitude_pu"":0.509500789642334,""polarity"":-0.976589312,""width_ms"":1.7770454920364316}",157.5,25,0.17627549816636462,2531079344,100,False
CON-SEA-IMPULSIVE-TRANSIENT-085,confirmation,sealed_confirmation,impulsive_transient,"{""absolute_amplitude_pu"":0.959500789642334,""polarity"":-0.5765893120000001,""width_ms"":0.7214899364808761}",22.5,35,0.23509902757812934,1742843650,100,False
CON-SEA-IMPULSIVE-TRANSIENT-086,confirmation,sealed_confirmation,impulsive_transient,"{""absolute_amplitude_pu"":0.143875789642334,""polarity"":-0.17658931199999994,""width_ms"":1.3548232698142095}",67.5,35,0.29392255698989406,2638774584,100,False
CON-SEA-IMPULSIVE-TRANSIENT-087,confirmation,sealed_confirmation,impulsive_transient,"{""absolute_amplitude_pu"":0.593875789642334,""polarity"":0.2234106880000002,""width_ms"":1.9881566031475428}",112.5,35,0.3527460864016588,1932912909,100,False
CON-SEA-IMPULSIVE-TRANSIENT-088,confirmation,sealed_confirmation,impulsive_transient,"{""absolute_amplitude_pu"":0.36887578964233403,""polarity"":0.6234106880000001,""width_ms"":0.11943232331215194}",157.5,35,0.41156961581342344,1003397220,100,False
CON-SEA-IMPULSIVE-TRANSIENT-089,confirmation,sealed_confirmation,impulsive_transient,"{""absolute_amplitude_pu"":0.818875789642334,""polarity"":-0.896589312,""width_ms"":0.7527656566454852}",22.5,25,0.47039314522518816,401811947,100,False
CON-SEA-IMPULSIVE-TRANSIENT-090,confirmation,sealed_confirmation,impulsive_transient,"{""absolute_amplitude_pu"":0.256375789642334,""polarity"":-0.4965893119999999,""width_ms"":1.3860989899788185}",67.5,25,0.5292166746369529,2741492990,100,False
CON-SEA-IMPULSIVE-TRANSIENT-091,confirmation,sealed_confirmation,impulsive_transient,"{""absolute_amplitude_pu"":0.7063757896423339,""polarity"":-0.09658931199999998,""width_ms"":0.330543434423263}",112.5,25,0.5880402040487176,2317462845,100,False
CON-SEA-IMPULSIVE-TRANSIENT-092,confirmation,sealed_confirmation,impulsive_transient,"{""absolute_amplitude_pu"":0.48137578964233396,""polarity"":0.30341068800000026,""width_ms"":0.9638767677565963}",157.5,25,0.6468637334604823,2893494513,100,False
CON-SEA-IMPULSIVE-TRANSIENT-093,confirmation,sealed_confirmation,impulsive_transient,"{""absolute_amplitude_pu"":0.931375789642334,""polarity"":0.7034106880000002,""width_ms"":1.5972101010899296}",22.5,35,0.705687262872247,4265563073,100,False
CON-SEA-IMPULSIVE-TRANSIENT-094,confirmation,sealed_confirmation,impulsive_transient,"{""absolute_amplitude_pu"":0.200125789642334,""polarity"":-0.8165893120000001,""width_ms"":0.5416545455343741}",67.5,35,0.7645107922840116,3351261453,100,False
CON-SEA-IMPULSIVE-TRANSIENT-095,confirmation,sealed_confirmation,impulsive_transient,"{""absolute_amplitude_pu"":0.650125789642334,""polarity"":-0.41658931199999993,""width_ms"":1.1749878788677075}",112.5,35,0.8233343216957764,2516877592,100,False
CON-SEA-IMPULSIVE-TRANSIENT-096,confirmation,sealed_confirmation,impulsive_transient,"{""absolute_amplitude_pu"":0.42512578964233405,""polarity"":-0.01658931199999991,""width_ms"":1.8083212122010406}",157.5,35,0.8821578511075411,1178530600,100,False
CON-SEA-IMPULSIVE-TRANSIENT-097,confirmation,sealed_confirmation,impulsive_transient,"{""absolute_amplitude_pu"":0.875125789642334,""polarity"":0.3834106880000001,""width_ms"":0.18980269368252228}",22.5,25,0.9409813805193058,3842884765,100,False
CON-COM-CMP-01-001,confirmation,compound_screen,sag+harmonics,"{""component_scale_quantile"":0.7870220358944411,""onset_order_quantile"":0.40003440640000004,""overlap_fraction"":0.26324009895324707}",stratified_by_component,partition_grid,0.7827999613516579,1176686506,20,False
CON-COM-CMP-01-002,confirmation,compound_screen,sag+harmonics,"{""component_scale_quantile"":0.23146648033888573,""onset_order_quantile"":0.6000344064,""overlap_fraction"":0.7632400989532471}",stratified_by_component,partition_grid,0.9256571042088008,1406771431,20,False
CON-COM-CMP-01-003,confirmation,compound_screen,sag+harmonics,"{""component_scale_quantile"":0.564799813672219,""onset_order_quantile"":0.8000344064,""overlap_fraction"":0.13824009895324707}",stratified_by_component,partition_grid,0.08892241033124994,3297768267,20,False
CON-COM-CMP-01-004,confirmation,compound_screen,sag+harmonics,"{""component_scale_quantile"":0.8981331470055522,""onset_order_quantile"":0.04003440640000001,""overlap_fraction"":0.6382400989532471}",stratified_by_component,partition_grid,0.23177955318839275,1369665657,20,False
CON-COM-CMP-01-005,confirmation,compound_screen,sag+harmonics,"{""component_scale_quantile"":0.046281295153700545,""onset_order_quantile"":0.2400344064,""overlap_fraction"":0.38824009895324707}",stratified_by_component,partition_grid,0.3746366960455356,1553292906,20,False
CON-COM-CMP-01-006,confirmation,compound_screen,sag+harmonics,"{""component_scale_quantile"":0.37961462848703387,""onset_order_quantile"":0.4400344064,""overlap_fraction"":0.8882400989532471}",stratified_by_component,partition_grid,0.5174938389026784,4119474401,20,False
CON-COM-CMP-01-007,confirmation,compound_screen,sag+harmonics,"{""component_scale_quantile"":0.7129479618203671,""onset_order_quantile"":0.6400344064000001,""overlap_fraction"":0.07574009895324707}",stratified_by_component,partition_grid,0.6603509817598212,576751491,20,False
CON-COM-CMP-01-008,confirmation,compound_screen,sag+harmonics,"{""component_scale_quantile"":0.15739240626481166,""onset_order_quantile"":0.8400344064,""overlap_fraction"":0.5757400989532471}",stratified_by_component,partition_grid,0.803208124616964,550852477,20,False
CON-COM-CMP-01-009,confirmation,compound_screen,sag+harmonics,"{""component_scale_quantile"":0.49072573959814497,""onset_order_quantile"":0.0800344064,""overlap_fraction"":0.32574009895324707}",stratified_by_component,partition_grid,0.9460652674741069,1858733207,20,False
CON-COM-CMP-01-010,confirmation,compound_screen,sag+harmonics,"{""component_scale_quantile"":0.8240590729314781,""onset_order_quantile"":0.28003440640000005,""overlap_fraction"":0.8257400989532471}",stratified_by_component,partition_grid,0.10933057359655605,2362268779,20,False
CON-COM-CMP-01-011,confirmation,compound_screen,sag+harmonics,"{""component_scale_quantile"":0.26850351737592276,""onset_order_quantile"":0.48003440640000006,""overlap_fraction"":0.20074009895324707}",stratified_by_component,partition_grid,0.2521877164536989,466792758,20,False
CON-COM-CMP-01-012,confirmation,compound_screen,sag+harmonics,"{""component_scale_quantile"":0.601836850709256,""onset_order_quantile"":0.6800344064,""overlap_fraction"":0.7007400989532471}",stratified_by_component,partition_grid,0.39504485931084177,3473669867,20,False
CON-COM-CMP-01-013,confirmation,compound_screen,sag+harmonics,"{""component_scale_quantile"":0.9351701840425892,""onset_order_quantile"":0.8800344064,""overlap_fraction"":0.45074009895324707}",stratified_by_component,partition_grid,0.5379020021679844,2346982233,20,False
CON-COM-CMP-01-014,confirmation,compound_screen,sag+harmonics,"{""component_scale_quantile"":0.0833183321907376,""onset_order_quantile"":0.12003440639999999,""overlap_fraction"":0.9507400989532471}",stratified_by_component,partition_grid,0.6807591450251274,2468663179,20,False
CON-COM-CMP-01-015,confirmation,compound_screen,sag+harmonics,"{""component_scale_quantile"":0.4166516655240709,""onset_order_quantile"":0.3200344064,""overlap_fraction"":0.04449009895324707}",stratified_by_component,partition_grid,0.8236162878822701,296354681,20,False
CON-COM-CMP-01-016,confirmation,compound_screen,sag+harmonics,"{""component_scale_quantile"":0.7499849988574041,""onset_order_quantile"":0.5200344064,""overlap_fraction"":0.5444900989532471}",stratified_by_component,partition_grid,0.966473430739413,2597515232,20,False
CON-COM-CMP-01-017,confirmation,compound_screen,sag+harmonics,"{""component_scale_quantile"":0.1944294433018487,""onset_order_quantile"":0.7200344064,""overlap_fraction"":0.29449009895324707}",stratified_by_component,partition_grid,0.12973873686186216,687366260,20,False
CON-COM-CMP-01-018,confirmation,compound_screen,sag+harmonics,"{""component_scale_quantile"":0.5277627766351819,""onset_order_quantile"":0.9200344064,""overlap_fraction"":0.7944900989532471}",stratified_by_component,partition_grid,0.272595879719005,1969500775,20,False
CON-COM-CMP-01-019,confirmation,compound_screen,sag+harmonics,"{""component_scale_quantile"":0.8610961099685152,""onset_order_quantile"":0.1600344064,""overlap_fraction"":0.16949009895324707}",stratified_by_component,partition_grid,0.4154530225761479,2025043353,20,False
CON-COM-CMP-01-020,confirmation,compound_screen,sag+harmonics,"{""component_scale_quantile"":0.3055405544129598,""onset_order_quantile"":0.3600344064,""overlap_fraction"":0.6694900989532471}",stratified_by_component,partition_grid,0.5583101654332906,4012225140,20,False
CON-COM-CMP-02-001,confirmation,compound_screen,swell+harmonics,"{""component_scale_quantile"":0.6320151771838788,""onset_order_quantile"":0.6320344064000001,""overlap_fraction"":0.8940994739532471}",stratified_by_component,partition_grid,0.2376104569784802,2175281813,20,False
CON-COM-CMP-02-002,confirmation,compound_screen,swell+harmonics,"{""component_scale_quantile"":0.965348510517212,""onset_order_quantile"":0.8320344064,""overlap_fraction"":0.08159947395324707}",stratified_by_component,partition_grid,0.3804675998356231,3511859160,20,False
CON-COM-CMP-02-003,confirmation,compound_screen,swell+harmonics,"{""component_scale_quantile"":0.014731226566594934,""onset_order_quantile"":0.0720344064,""overlap_fraction"":0.5815994739532471}",stratified_by_component,partition_grid,0.5233247426927659,3180437921,20,False
CON-COM-CMP-02-004,confirmation,compound_screen,swell+harmonics,"{""component_scale_quantile"":0.34806455989992824,""onset_order_quantile"":0.27203440640000004,""overlap_fraction"":0.33159947395324707}",stratified_by_component,partition_grid,0.6661818855499086,3393113943,20,False
CON-COM-CMP-02-005,confirmation,compound_screen,swell+harmonics,"{""component_scale_quantile"":0.6813978932332614,""onset_order_quantile"":0.4720344064,""overlap_fraction"":0.8315994739532471}",stratified_by_component,partition_grid,0.8090390284070514,1637439976,20,False
CON-COM-CMP-02-006,confirmation,compound_screen,swell+harmonics,"{""component_scale_quantile"":0.12584233767770606,""onset_order_quantile"":0.6720344064000001,""overlap_fraction"":0.20659947395324707}",stratified_by_component,partition_grid,0.9518961712641943,4152325649,20,False
CON-COM-CMP-02-007,confirmation,compound_screen,swell+harmonics,"{""component_scale_quantile"":0.45917567101103934,""onset_order_quantile"":0.8720344064000001,""overlap_fraction"":0.7065994739532471}",stratified_by_component,partition_grid,0.11516147738664352,3545917999,20,False
CON-COM-CMP-02-008,confirmation,compound_screen,swell+harmonics,"{""component_scale_quantile"":0.7925090043443725,""onset_order_quantile"":0.1120344064,""overlap_fraction"":0.45659947395324707}",stratified_by_component,partition_grid,0.2580186202437864,387454634,20,False
CON-COM-CMP-02-009,confirmation,compound_screen,swell+harmonics,"{""component_scale_quantile"":0.23695344878881716,""onset_order_quantile"":0.3120344064000001,""overlap_fraction"":0.9565994739532471}",stratified_by_component,partition_grid,0.40087576310092926,3035656703,20,False
CON-COM-CMP-02-010,confirmation,compound_screen,swell+harmonics,"{""component_scale_quantile"":0.5702867821221504,""onset_order_quantile"":0.5120344064,""overlap_fraction"":0.05034947395324707}",stratified_by_component,partition_grid,0.5437329059580719,2213857211,20,False
CON-COM-CMP-02-011,confirmation,compound_screen,swell+harmonics,"{""component_scale_quantile"":0.9036201154554837,""onset_order_quantile"":0.7120344064,""overlap_fraction"":0.5503494739532471}",stratified_by_component,partition_grid,0.6865900488152148,1155780207,20,False
CON-COM-CMP-02-012,confirmation,compound_screen,swell+harmonics,"{""component_scale_quantile"":0.05176826360363196,""onset_order_quantile"":0.9120344064,""overlap_fraction"":0.30034947395324707}",stratified_by_component,partition_grid,0.8294471916723576,691635792,20,False
CON-COM-CMP-02-013,confirmation,compound_screen,swell+harmonics,"{""component_scale_quantile"":0.3851015969369653,""onset_order_quantile"":0.1520344064,""overlap_fraction"":0.8003494739532471}",stratified_by_component,partition_grid,0.9723043345295005,2660598007,20,False
CON-COM-CMP-02-014,confirmation,compound_screen,swell+harmonics,"{""component_scale_quantile"":0.7184349302702986,""onset_order_quantile"":0.3520344064,""overlap_fraction"":0.17534947395324707}",stratified_by_component,partition_grid,0.13556964065194962,1065238530,20,False
CON-COM-CMP-02-015,confirmation,compound_screen,swell+harmonics,"{""component_scale_quantile"":0.1628793747147431,""onset_order_quantile"":0.5520344064,""overlap_fraction"":0.6753494739532471}",stratified_by_component,partition_grid,0.2784267835090925,1522533403,20,False
CON-COM-CMP-02-016,confirmation,compound_screen,swell+harmonics,"{""component_scale_quantile"":0.4962127080480764,""onset_order_quantile"":0.7520344064000001,""overlap_fraction"":0.42534947395324707}",stratified_by_component,partition_grid,0.4212839263662354,4005471824,20,False
CON-COM-CMP-02-017,confirmation,compound_screen,swell+harmonics,"{""component_scale_quantile"":0.8295460413814095,""onset_order_quantile"":0.9520344064,""overlap_fraction"":0.9253494739532471}",stratified_by_component,partition_grid,0.564141069223378,3376240691,20,False
CON-COM-CMP-02-018,confirmation,compound_screen,swell+harmonics,"{""component_scale_quantile"":0.27399048582585417,""onset_order_quantile"":0.1920344064,""overlap_fraction"":0.11284947395324707}",stratified_by_component,partition_grid,0.7069982120805209,2916429036,20,False
CON-COM-CMP-02-019,confirmation,compound_screen,swell+harmonics,"{""component_scale_quantile"":0.6073238191591874,""onset_order_quantile"":0.39203440640000004,""overlap_fraction"":0.6128494739532471}",stratified_by_component,partition_grid,0.8498553549376637,1402330997,20,False
CON-COM-CMP-02-020,confirmation,compound_screen,swell+harmonics,"{""component_scale_quantile"":0.9406571524925207,""onset_order_quantile"":0.5920344064,""overlap_fraction"":0.36284947395324707}",stratified_by_component,partition_grid,0.9927124977948066,2403380276,20,False
CON-COM-CMP-03-001,confirmation,compound_screen,sag+oscillatory_transient,"{""component_scale_quantile"":0.09292052697811756,""onset_order_quantile"":0.8256344064000001,""overlap_fraction"":0.19488072395324707}",stratified_by_component,partition_grid,0.6720127893399962,3162325021,20,False
CON-COM-CMP-03-002,confirmation,compound_screen,sag+oscillatory_transient,"{""component_scale_quantile"":0.42625386031145085,""onset_order_quantile"":0.0656344064,""overlap_fraction"":0.6948807239532471}",stratified_by_component,partition_grid,0.814869932197139,1840679069,20,False
CON-COM-CMP-03-003,confirmation,compound_screen,sag+oscillatory_transient,"{""component_scale_quantile"":0.7595871936447841,""onset_order_quantile"":0.2656344064,""overlap_fraction"":0.44488072395324707}",stratified_by_component,partition_grid,0.9577270750542819,2607143882,20,False
CON-COM-CMP-03-004,confirmation,compound_screen,sag+oscillatory_transient,"{""component_scale_quantile"":0.2040316380892287,""onset_order_quantile"":0.46563440640000003,""overlap_fraction"":0.9448807239532471}",stratified_by_component,partition_grid,0.12099238117673097,2989659534,20,False
CON-COM-CMP-03-005,confirmation,compound_screen,sag+oscillatory_transient,"{""component_scale_quantile"":0.5373649714225618,""onset_order_quantile"":0.6656344064000002,""overlap_fraction"":0.03863072395324707}",stratified_by_component,partition_grid,0.26384952403387385,4014074341,20,False
CON-COM-CMP-03-006,confirmation,compound_screen,sag+oscillatory_transient,"{""component_scale_quantile"":0.870698304755895,""onset_order_quantile"":0.8656344064000001,""overlap_fraction"":0.5386307239532471}",stratified_by_component,partition_grid,0.4067066668910167,2881374536,20,False
CON-COM-CMP-03-007,confirmation,compound_screen,sag+oscillatory_transient,"{""component_scale_quantile"":0.31514274920033974,""onset_order_quantile"":0.1056344064,""overlap_fraction"":0.28863072395324707}",stratified_by_component,partition_grid,0.5495638097481594,1413007275,20,False
CON-COM-CMP-03-008,confirmation,compound_screen,sag+oscillatory_transient,"{""component_scale_quantile"":0.648476082533673,""onset_order_quantile"":0.30563440640000006,""overlap_fraction"":0.7886307239532471}",stratified_by_component,partition_grid,0.6924209526053023,265279777,20,False
CON-COM-CMP-03-009,confirmation,compound_screen,sag+oscillatory_transient,"{""component_scale_quantile"":0.9818094158670062,""onset_order_quantile"":0.5056344064,""overlap_fraction"":0.16363072395324707}",stratified_by_component,partition_grid,0.8352780954624451,1787851499,20,False
CON-COM-CMP-03-010,confirmation,compound_screen,sag+oscillatory_transient,"{""component_scale_quantile"":0.031192131916389164,""onset_order_quantile"":0.7056344064000001,""overlap_fraction"":0.6636307239532471}",stratified_by_component,partition_grid,0.978135238319588,3063481556,20,False
CON-COM-CMP-03-011,confirmation,compound_screen,sag+oscillatory_transient,"{""component_scale_quantile"":0.36452546524972246,""onset_order_quantile"":0.9056344064,""overlap_fraction"":0.41363072395324707}",stratified_by_component,partition_grid,0.1414005444420371,2435669581,20,False
CON-COM-CMP-03-012,confirmation,compound_screen,sag+oscillatory_transient,"{""component_scale_quantile"":0.6978587985830557,""onset_order_quantile"":0.14563440639999997,""overlap_fraction"":0.9136307239532471}",stratified_by_component,partition_grid,0.28425768729917994,3927868244,20,False
CON-COM-CMP-03-013,confirmation,compound_screen,sag+oscillatory_transient,"{""component_scale_quantile"":0.1423032430275003,""onset_order_quantile"":0.34563440640000004,""overlap_fraction"":0.10113072395324707}",stratified_by_component,partition_grid,0.42711483015632284,2753340083,20,False
CON-COM-CMP-03-014,confirmation,compound_screen,sag+oscillatory_transient,"{""component_scale_quantile"":0.47563657636083356,""onset_order_quantile"":0.5456344064,""overlap_fraction"":0.6011307239532471}",stratified_by_component,partition_grid,0.5699719730134656,2363005419,20,False
CON-COM-CMP-03-015,confirmation,compound_screen,sag+oscillatory_transient,"{""component_scale_quantile"":0.8089699096941667,""onset_order_quantile"":0.7456344064000001,""overlap_fraction"":0.35113072395324707}",stratified_by_component,partition_grid,0.7128291158706085,3156990420,20,False
CON-COM-CMP-03-016,confirmation,compound_screen,sag+oscillatory_transient,"{""component_scale_quantile"":0.25341435413861135,""onset_order_quantile"":0.9456344064000001,""overlap_fraction"":0.8511307239532471}",stratified_by_component,partition_grid,0.8556862587277513,1272221845,20,False
CON-COM-CMP-03-017,confirmation,compound_screen,sag+oscillatory_transient,"{""component_scale_quantile"":0.5867476874719446,""onset_order_quantile"":0.18563440639999998,""overlap_fraction"":0.22613072395324707}",stratified_by_component,partition_grid,0.9985434015848942,1224378409,20,False
CON-COM-CMP-03-018,confirmation,compound_screen,sag+oscillatory_transient,"{""component_scale_quantile"":0.9200810208052779,""onset_order_quantile"":0.3856344064,""overlap_fraction"":0.7261307239532471}",stratified_by_component,partition_grid,0.0018753466078013797,1209221220,20,False
CON-COM-CMP-03-019,confirmation,compound_screen,sag+oscillatory_transient,"{""component_scale_quantile"":0.0682291689534262,""onset_order_quantile"":0.5856344064000001,""overlap_fraction"":0.47613072395324707}",stratified_by_component,partition_grid,0.14473248946494421,2850210620,20,False
CON-COM-CMP-03-020,confirmation,compound_screen,sag+oscillatory_transient,"{""component_scale_quantile"":0.4015625022867595,""onset_order_quantile"":0.7856344064000002,""overlap_fraction"":0.9761307239532471}",stratified_by_component,partition_grid,0.2875896323220871,4101049519,20,False
CON-COM-CMP-04-001,confirmation,compound_screen,flicker+harmonics,"{""component_scale_quantile"":0.7390110619575413,""onset_order_quantile"":0.05923440640000001,""overlap_fraction"":0.5620682239532471}",stratified_by_component,partition_grid,0.10683161482937571,4173342937,20,False
CON-COM-CMP-04-002,confirmation,compound_screen,flicker+harmonics,"{""component_scale_quantile"":0.18345550640198588,""onset_order_quantile"":0.2592344064,""overlap_fraction"":0.31206822395324707}",stratified_by_component,partition_grid,0.24968875768651855,1089594900,20,False
CON-COM-CMP-04-003,confirmation,compound_screen,flicker+harmonics,"{""component_scale_quantile"":0.5167888397353191,""onset_order_quantile"":0.4592344064,""overlap_fraction"":0.8120682239532471}",stratified_by_component,partition_grid,0.39254590054366145,3643194848,20,False
CON-COM-CMP-04-004,confirmation,compound_screen,flicker+harmonics,"{""component_scale_quantile"":0.8501221730686522,""onset_order_quantile"":0.6592344064000001,""overlap_fraction"":0.18706822395324707}",stratified_by_component,partition_grid,0.535403043400804,1047184835,20,False
CON-COM-CMP-04-005,confirmation,compound_screen,flicker+harmonics,"{""component_scale_quantile"":0.294566617513097,""onset_order_quantile"":0.8592344064,""overlap_fraction"":0.6870682239532471}",stratified_by_component,partition_grid,0.6782601862579469,3240976634,20,False
CON-COM-CMP-04-006,confirmation,compound_screen,flicker+harmonics,"{""component_scale_quantile"":0.6278999508464301,""onset_order_quantile"":0.09923440639999999,""overlap_fraction"":0.43706822395324707}",stratified_by_component,partition_grid,0.8211173291150897,451696557,20,False
CON-COM-CMP-04-007,confirmation,compound_screen,flicker+harmonics,"{""component_scale_quantile"":0.9612332841797634,""onset_order_quantile"":0.29923440640000004,""overlap_fraction"":0.9370682239532471}",stratified_by_component,partition_grid,0.9639744719722326,1926362530,20,False
CON-COM-CMP-04-008,confirmation,compound_screen,flicker+harmonics,"{""component_scale_quantile"":0.10938143232791181,""onset_order_quantile"":0.49923440640000005,""overlap_fraction"":0.12456822395324707}",stratified_by_component,partition_grid,0.12723977809468182,188563644,20,False
CON-COM-CMP-04-009,confirmation,compound_screen,flicker+harmonics,"{""component_scale_quantile"":0.4427147656612451,""onset_order_quantile"":0.6992344064,""overlap_fraction"":0.6245682239532471}",stratified_by_component,partition_grid,0.2700969209518247,3643684058,20,False
CON-COM-CMP-04-010,confirmation,compound_screen,flicker+harmonics,"{""component_scale_quantile"":0.7760480989945783,""onset_order_quantile"":0.8992344064,""overlap_fraction"":0.37456822395324707}",stratified_by_component,partition_grid,0.4129540638089676,2885410857,20,False
CON-COM-CMP-04-011,confirmation,compound_screen,flicker+harmonics,"{""component_scale_quantile"":0.22049254343902291,""onset_order_quantile"":0.1392344064,""overlap_fraction"":0.8745682239532471}",stratified_by_component,partition_grid,0.5558112066661102,518533500,20,False
CON-COM-CMP-04-012,confirmation,compound_screen,flicker+harmonics,"{""component_scale_quantile"":0.5538258767723561,""onset_order_quantile"":0.3392344064,""overlap_fraction"":0.24956822395324707}",stratified_by_component,partition_grid,0.6986683495232531,249900558,20,False
CON-COM-CMP-04-013,confirmation,compound_screen,flicker+harmonics,"{""component_scale_quantile"":0.8871592101056893,""onset_order_quantile"":0.5392344064,""overlap_fraction"":0.7495682239532471}",stratified_by_component,partition_grid,0.8415254923803959,1902508226,20,False
CON-COM-CMP-04-014,confirmation,compound_screen,flicker+harmonics,"{""component_scale_quantile"":0.331603654550134,""onset_order_quantile"":0.7392344064,""overlap_fraction"":0.49956822395324707}",stratified_by_component,partition_grid,0.9843826352375388,3707134860,20,False
CON-COM-CMP-04-015,confirmation,compound_screen,flicker+harmonics,"{""component_scale_quantile"":0.6649369878834672,""onset_order_quantile"":0.9392344064,""overlap_fraction"":0.9995682239532471}",stratified_by_component,partition_grid,0.007706250397888843,1732384569,20,False
CON-COM-CMP-04-016,confirmation,compound_screen,flicker+harmonics,"{""component_scale_quantile"":0.9982703212168005,""onset_order_quantile"":0.1792344064,""overlap_fraction"":0.0003006458282470703}",stratified_by_component,partition_grid,0.15056339325503168,3845610183,20,False
CON-COM-CMP-04-017,confirmation,compound_screen,flicker+harmonics,"{""component_scale_quantile"":0.0037572896667321066,""onset_order_quantile"":0.3792344064,""overlap_fraction"":0.5003006458282471}",stratified_by_component,partition_grid,0.29342053611217456,3125520053,20,False
CON-COM-CMP-04-018,confirmation,compound_screen,flicker+harmonics,"{""component_scale_quantile"":0.3370906230000654,""onset_order_quantile"":0.5792344064,""overlap_fraction"":0.25030064582824707}",stratified_by_component,partition_grid,0.4362776789693174,3274915247,20,False
CON-COM-CMP-04-019,confirmation,compound_screen,flicker+harmonics,"{""component_scale_quantile"":0.6704239563333987,""onset_order_quantile"":0.7792344064000001,""overlap_fraction"":0.7503006458282471}",stratified_by_component,partition_grid,0.57913482182646,1601340588,20,False
CON-COM-CMP-04-020,confirmation,compound_screen,flicker+harmonics,"{""component_scale_quantile"":0.11486840077784322,""onset_order_quantile"":0.9792344064,""overlap_fraction"":0.12530064582824707}",stratified_by_component,partition_grid,0.7219919646836028,3952012332,20,False
CON-COM-CMP-05-001,confirmation,compound_screen,interruption+transient,"{""component_scale_quantile"":0.45231696044862507,""onset_order_quantile"":0.25283440640000004,""overlap_fraction"":0.41436314582824707}",stratified_by_component,partition_grid,0.5412339471908915,2892194206,20,False
CON-COM-CMP-05-002,confirmation,compound_screen,interruption+transient,"{""component_scale_quantile"":0.7856502937819583,""onset_order_quantile"":0.45283440640000006,""overlap_fraction"":0.9143631458282471}",stratified_by_component,partition_grid,0.6840910900480344,2056714398,20,False
CON-COM-CMP-05-003,confirmation,compound_screen,interruption+transient,"{""component_scale_quantile"":0.2300947382264029,""onset_order_quantile"":0.6528344064000001,""overlap_fraction"":0.10186314582824707}",stratified_by_component,partition_grid,0.8269482329051772,1339854136,20,False
CON-COM-CMP-05-004,confirmation,compound_screen,interruption+transient,"{""component_scale_quantile"":0.5634280715597362,""onset_order_quantile"":0.8528344064000001,""overlap_fraction"":0.6018631458282471}",stratified_by_component,partition_grid,0.9698053757623201,4243269373,20,False
CON-COM-CMP-05-005,confirmation,compound_screen,interruption+transient,"{""component_scale_quantile"":0.8967614048930694,""onset_order_quantile"":0.09283440639999999,""overlap_fraction"":0.35186314582824707}",stratified_by_component,partition_grid,0.13307068188476928,169104705,20,False
CON-COM-CMP-05-006,confirmation,compound_screen,interruption+transient,"{""component_scale_quantile"":0.044909553041217694,""onset_order_quantile"":0.2928344064000001,""overlap_fraction"":0.8518631458282471}",stratified_by_component,partition_grid,0.2759278247419122,2031366450,20,False
CON-COM-CMP-05-007,confirmation,compound_screen,interruption+transient,"{""component_scale_quantile"":0.378242886374551,""onset_order_quantile"":0.4928344064000001,""overlap_fraction"":0.22686314582824707}",stratified_by_component,partition_grid,0.4187849675990551,3061525986,20,False
CON-COM-CMP-05-008,confirmation,compound_screen,interruption+transient,"{""component_scale_quantile"":0.7115762197078843,""onset_order_quantile"":0.6928344064,""overlap_fraction"":0.7268631458282471}",stratified_by_component,partition_grid,0.5616421104561976,1542051371,20,False
CON-COM-CMP-05-009,confirmation,compound_screen,interruption+transient,"{""component_scale_quantile"":0.15602066415232882,""onset_order_quantile"":0.8928344064,""overlap_fraction"":0.47686314582824707}",stratified_by_component,partition_grid,0.7044992533133405,2501026278,20,False
CON-COM-CMP-05-010,confirmation,compound_screen,interruption+transient,"{""component_scale_quantile"":0.4893539974856621,""onset_order_quantile"":0.1328344064,""overlap_fraction"":0.9768631458282471}",stratified_by_component,partition_grid,0.8473563961704833,131711373,20,False
CON-COM-CMP-05-011,confirmation,compound_screen,interruption+transient,"{""component_scale_quantile"":0.8226873308189953,""onset_order_quantile"":0.33283440640000006,""overlap_fraction"":0.02373814582824707}",stratified_by_component,partition_grid,0.9902135390276262,2373939721,20,False
CON-COM-CMP-05-012,confirmation,compound_screen,interruption+transient,"{""component_scale_quantile"":0.2671317752634399,""onset_order_quantile"":0.5328344064,""overlap_fraction"":0.5237381458282471}",stratified_by_component,partition_grid,0.013537154187976307,2760932331,20,False
CON-COM-CMP-05-013,confirmation,compound_screen,interruption+transient,"{""component_scale_quantile"":0.6004651085967732,""onset_order_quantile"":0.7328344064000001,""overlap_fraction"":0.27373814582824707}",stratified_by_component,partition_grid,0.15639429704511915,4239815766,20,False
CON-COM-CMP-05-014,confirmation,compound_screen,interruption+transient,"{""component_scale_quantile"":0.9337984419301064,""onset_order_quantile"":0.9328344064,""overlap_fraction"":0.7737381458282471}",stratified_by_component,partition_grid,0.29925143990226205,3718924718,20,False
CON-COM-CMP-05-015,confirmation,compound_screen,interruption+transient,"{""component_scale_quantile"":0.08194659007825474,""onset_order_quantile"":0.1728344064,""overlap_fraction"":0.14873814582824707}",stratified_by_component,partition_grid,0.4421085827594049,3333011321,20,False
CON-COM-CMP-05-016,confirmation,compound_screen,interruption+transient,"{""component_scale_quantile"":0.41527992341158804,""onset_order_quantile"":0.37283440640000004,""overlap_fraction"":0.6487381458282471}",stratified_by_component,partition_grid,0.5849657256165475,4024537569,20,False
CON-COM-CMP-05-017,confirmation,compound_screen,interruption+transient,"{""component_scale_quantile"":0.7486132567449213,""onset_order_quantile"":0.5728344064,""overlap_fraction"":0.39873814582824707}",stratified_by_component,partition_grid,0.7278228684736903,716924118,20,False
CON-COM-CMP-05-018,confirmation,compound_screen,interruption+transient,"{""component_scale_quantile"":0.19305770118936585,""onset_order_quantile"":0.7728344064000001,""overlap_fraction"":0.8987381458282471}",stratified_by_component,partition_grid,0.8706800113308332,2354854662,20,False
CON-COM-CMP-05-019,confirmation,compound_screen,interruption+transient,"{""component_scale_quantile"":0.5263910345226991,""onset_order_quantile"":0.9728344064000001,""overlap_fraction"":0.08623814582824707}",stratified_by_component,partition_grid,0.03394531745328243,1713227682,20,False
CON-COM-CMP-05-020,confirmation,compound_screen,interruption+transient,"{""component_scale_quantile"":0.8597243678560323,""onset_order_quantile"":0.020834406399999998,""overlap_fraction"":0.5862381458282471}",stratified_by_component,partition_grid,0.17680246031042526,4069660118,20,False
